2025-04-02 23:03:45,626 - models.database - INFO - ✅ Соединение с базой данных установлено
2025-04-02 23:03:45,667 - models.database - INFO - ✅ Таблицы успешно созданы/проверены
2025-04-02 23:03:45,668 - models.database - INFO - ✅ DatabaseService инициализирован. Подключение к базе: postgres:5432/appninjabot
2025-04-02 23:03:45,671 - data.shifts - INFO - Основной путь к файлу смен: /app/data/shifts.json
2025-04-02 23:03:45,671 - data.shifts - INFO - Альтернативный путь: /app/data/shifts.json
2025-04-02 23:03:45,672 - data.shifts - INFO - Альтернативный путь: /app/backend/data/shifts.json
2025-04-02 23:03:45,672 - data.shifts - INFO - Альтернативный путь: /app/data/shifts.json
2025-04-02 23:03:45,673 - data.shifts - INFO - Альтернативный путь: shifts.json
2025-04-02 23:03:46,292 - telegramNinjaBot.bot - INFO - Бот запущен в окружении: development
2025-04-02 23:03:46,371 - tzlocal - DEBUG - /etc/timezone found, contents:
 Etc/UTC

2025-04-02 23:03:46,371 - tzlocal - DEBUG - /etc/localtime found
2025-04-02 23:03:46,374 - tzlocal - DEBUG - 2 found:
 {'/etc/timezone': 'Etc/UTC', '/etc/localtime is a symlink to': 'Etc/UTC'}
2025-04-02 23:03:46,409 - models.scheduler_task - INFO - ✅ Таблица scheduler_tasks успешно создана или уже существует
2025-04-02 23:03:46,436 - models.scheduler_task - INFO - ✅ Таблица scheduler_tasks успешно создана или уже существует
2025-04-02 23:03:46,441 - models.scheduler_task - INFO - ✅ Таблица scheduler_tasks успешно создана или уже существует
2025-04-02 23:03:48,292 - models.database - INFO - ✅ Соединение с базой данных установлено
2025-04-02 23:03:48,293 - models.database - INFO - ✅ Таблицы успешно созданы/проверены
2025-04-02 23:03:48,294 - models.database - INFO - ✅ DatabaseService инициализирован. Подключение к базе: postgres:5432/appninjabot
2025-04-02 23:03:48,296 - data.shifts - INFO - Основной путь к файлу смен: /app/data/shifts.json
2025-04-02 23:03:48,296 - data.shifts - INFO - Альтернативный путь: /app/data/shifts.json
2025-04-02 23:03:48,296 - data.shifts - INFO - Альтернативный путь: /app/backend/data/shifts.json
2025-04-02 23:03:48,297 - data.shifts - INFO - Альтернативный путь: /app/data/shifts.json
2025-04-02 23:03:48,297 - data.shifts - INFO - Альтернативный путь: shifts.json
2025-04-02 23:03:48,644 - telegramNinjaBot.bot - INFO - Бот запущен в окружении: development
2025-04-02 23:03:48,695 - tzlocal - DEBUG - /etc/timezone found, contents:
 Etc/UTC

2025-04-02 23:03:48,696 - tzlocal - DEBUG - /etc/localtime found
2025-04-02 23:03:48,698 - tzlocal - DEBUG - 2 found:
 {'/etc/timezone': 'Etc/UTC', '/etc/localtime is a symlink to': 'Etc/UTC'}
2025-04-02 23:03:48,720 - models.scheduler_task - INFO - ✅ Таблица scheduler_tasks успешно создана или уже существует
2025-04-02 23:03:48,745 - models.scheduler_task - INFO - ✅ Таблица scheduler_tasks успешно создана или уже существует
2025-04-02 23:03:48,751 - models.scheduler_task - INFO - ✅ Таблица scheduler_tasks успешно создана или уже существует
2025-04-02 23:03:50,639 - models.database - INFO - ✅ Соединение с базой данных установлено
2025-04-02 23:03:50,641 - models.database - INFO - ✅ Таблицы успешно созданы/проверены
2025-04-02 23:03:50,641 - models.database - INFO - ✅ DatabaseService инициализирован. Подключение к базе: postgres:5432/appninjabot
2025-04-02 23:03:50,644 - data.shifts - INFO - Основной путь к файлу смен: /app/data/shifts.json
2025-04-02 23:03:50,645 - data.shifts - INFO - Альтернативный путь: /app/data/shifts.json
2025-04-02 23:03:50,645 - data.shifts - INFO - Альтернативный путь: /app/backend/data/shifts.json
2025-04-02 23:03:50,646 - data.shifts - INFO - Альтернативный путь: /app/data/shifts.json
2025-04-02 23:03:50,646 - data.shifts - INFO - Альтернативный путь: shifts.json
2025-04-02 23:03:51,029 - telegramNinjaBot.bot - INFO - Бот запущен в окружении: development
2025-04-02 23:03:51,082 - tzlocal - DEBUG - /etc/timezone found, contents:
 Etc/UTC

2025-04-02 23:03:51,083 - tzlocal - DEBUG - /etc/localtime found
2025-04-02 23:03:51,085 - tzlocal - DEBUG - 2 found:
 {'/etc/timezone': 'Etc/UTC', '/etc/localtime is a symlink to': 'Etc/UTC'}
2025-04-02 23:03:51,108 - models.scheduler_task - INFO - ✅ Таблица scheduler_tasks успешно создана или уже существует
2025-04-02 23:03:51,129 - models.scheduler_task - INFO - ✅ Таблица scheduler_tasks успешно создана или уже существует
2025-04-02 23:03:51,134 - models.scheduler_task - INFO - ✅ Таблица scheduler_tasks успешно создана или уже существует
2025-04-02 23:03:52,956 - models.database - INFO - ✅ Соединение с базой данных установлено
2025-04-02 23:03:52,957 - models.database - INFO - ✅ Таблицы успешно созданы/проверены
2025-04-02 23:03:52,958 - models.database - INFO - ✅ DatabaseService инициализирован. Подключение к базе: postgres:5432/appninjabot
2025-04-02 23:03:52,960 - data.shifts - INFO - Основной путь к файлу смен: /app/data/shifts.json
2025-04-02 23:03:52,961 - data.shifts - INFO - Альтернативный путь: /app/data/shifts.json
2025-04-02 23:03:52,961 - data.shifts - INFO - Альтернативный путь: /app/backend/data/shifts.json
2025-04-02 23:03:52,961 - data.shifts - INFO - Альтернативный путь: /app/data/shifts.json
2025-04-02 23:03:52,962 - data.shifts - INFO - Альтернативный путь: shifts.json
2025-04-02 23:03:53,351 - telegramNinjaBot.bot - INFO - Бот запущен в окружении: development
2025-04-02 23:03:53,404 - tzlocal - DEBUG - /etc/timezone found, contents:
 Etc/UTC

2025-04-02 23:03:53,405 - tzlocal - DEBUG - /etc/localtime found
2025-04-02 23:03:53,407 - tzlocal - DEBUG - 2 found:
 {'/etc/timezone': 'Etc/UTC', '/etc/localtime is a symlink to': 'Etc/UTC'}
2025-04-02 23:03:53,429 - models.scheduler_task - INFO - ✅ Таблица scheduler_tasks успешно создана или уже существует
2025-04-02 23:03:53,448 - models.scheduler_task - INFO - ✅ Таблица scheduler_tasks успешно создана или уже существует
2025-04-02 23:03:53,454 - models.scheduler_task - INFO - ✅ Таблица scheduler_tasks успешно создана или уже существует
2025-04-02 23:03:55,422 - models.database - INFO - ✅ Соединение с базой данных установлено
2025-04-02 23:03:55,423 - models.database - INFO - ✅ Таблицы успешно созданы/проверены
2025-04-02 23:03:55,424 - models.database - INFO - ✅ DatabaseService инициализирован. Подключение к базе: postgres:5432/appninjabot
2025-04-02 23:03:55,427 - data.shifts - INFO - Основной путь к файлу смен: /app/data/shifts.json
2025-04-02 23:03:55,427 - data.shifts - INFO - Альтернативный путь: /app/data/shifts.json
2025-04-02 23:03:55,427 - data.shifts - INFO - Альтернативный путь: /app/backend/data/shifts.json
2025-04-02 23:03:55,428 - data.shifts - INFO - Альтернативный путь: /app/data/shifts.json
2025-04-02 23:03:55,428 - data.shifts - INFO - Альтернативный путь: shifts.json
2025-04-02 23:03:55,778 - telegramNinjaBot.bot - INFO - Бот запущен в окружении: development
2025-04-02 23:03:55,832 - tzlocal - DEBUG - /etc/timezone found, contents:
 Etc/UTC

2025-04-02 23:03:55,833 - tzlocal - DEBUG - /etc/localtime found
2025-04-02 23:03:55,835 - tzlocal - DEBUG - 2 found:
 {'/etc/timezone': 'Etc/UTC', '/etc/localtime is a symlink to': 'Etc/UTC'}
2025-04-02 23:03:55,859 - models.scheduler_task - INFO - ✅ Таблица scheduler_tasks успешно создана или уже существует
2025-04-02 23:03:55,918 - models.scheduler_task - INFO - ✅ Таблица scheduler_tasks успешно создана или уже существует
2025-04-02 23:03:55,927 - models.scheduler_task - INFO - ✅ Таблица scheduler_tasks успешно создана или уже существует
2025-04-02 23:03:58,728 - models.database - INFO - ✅ Соединение с базой данных установлено
2025-04-02 23:03:58,730 - models.database - INFO - ✅ Таблицы успешно созданы/проверены
2025-04-02 23:03:58,730 - models.database - INFO - ✅ DatabaseService инициализирован. Подключение к базе: postgres:5432/appninjabot
2025-04-02 23:03:58,733 - data.shifts - INFO - Основной путь к файлу смен: /app/data/shifts.json
2025-04-02 23:03:58,734 - data.shifts - INFO - Альтернативный путь: /app/data/shifts.json
2025-04-02 23:03:58,734 - data.shifts - INFO - Альтернативный путь: /app/backend/data/shifts.json
2025-04-02 23:03:58,735 - data.shifts - INFO - Альтернативный путь: /app/data/shifts.json
2025-04-02 23:03:58,736 - data.shifts - INFO - Альтернативный путь: shifts.json
2025-04-02 23:03:59,102 - telegramNinjaBot.bot - INFO - Бот запущен в окружении: development
2025-04-02 23:03:59,155 - tzlocal - DEBUG - /etc/timezone found, contents:
 Etc/UTC

2025-04-02 23:03:59,155 - tzlocal - DEBUG - /etc/localtime found
2025-04-02 23:03:59,157 - tzlocal - DEBUG - 2 found:
 {'/etc/timezone': 'Etc/UTC', '/etc/localtime is a symlink to': 'Etc/UTC'}
2025-04-02 23:03:59,183 - models.scheduler_task - INFO - ✅ Таблица scheduler_tasks успешно создана или уже существует
2025-04-02 23:03:59,207 - models.scheduler_task - INFO - ✅ Таблица scheduler_tasks успешно создана или уже существует
2025-04-02 23:03:59,212 - models.scheduler_task - INFO - ✅ Таблица scheduler_tasks успешно создана или уже существует
2025-04-02 23:04:03,533 - models.database - INFO - ✅ Соединение с базой данных установлено
2025-04-02 23:04:03,535 - models.database - INFO - ✅ Таблицы успешно созданы/проверены
2025-04-02 23:04:03,536 - models.database - INFO - ✅ DatabaseService инициализирован. Подключение к базе: postgres:5432/appninjabot
2025-04-02 23:04:03,539 - data.shifts - INFO - Основной путь к файлу смен: /app/data/shifts.json
2025-04-02 23:04:03,539 - data.shifts - INFO - Альтернативный путь: /app/data/shifts.json
2025-04-02 23:04:03,539 - data.shifts - INFO - Альтернативный путь: /app/backend/data/shifts.json
2025-04-02 23:04:03,540 - data.shifts - INFO - Альтернативный путь: /app/data/shifts.json
2025-04-02 23:04:03,541 - data.shifts - INFO - Альтернативный путь: shifts.json
2025-04-02 23:04:03,961 - telegramNinjaBot.bot - INFO - Бот запущен в окружении: development
2025-04-02 23:04:04,011 - tzlocal - DEBUG - /etc/timezone found, contents:
 Etc/UTC

2025-04-02 23:04:04,011 - tzlocal - DEBUG - /etc/localtime found
2025-04-02 23:04:04,013 - tzlocal - DEBUG - 2 found:
 {'/etc/timezone': 'Etc/UTC', '/etc/localtime is a symlink to': 'Etc/UTC'}
2025-04-02 23:04:04,038 - models.scheduler_task - INFO - ✅ Таблица scheduler_tasks успешно создана или уже существует
2025-04-02 23:04:04,066 - models.scheduler_task - INFO - ✅ Таблица scheduler_tasks успешно создана или уже существует
2025-04-02 23:04:04,072 - models.scheduler_task - INFO - ✅ Таблица scheduler_tasks успешно создана или уже существует
2025-04-02 23:04:11,602 - models.database - INFO - ✅ Соединение с базой данных установлено
2025-04-02 23:04:11,603 - models.database - INFO - ✅ Таблицы успешно созданы/проверены
2025-04-02 23:04:11,604 - models.database - INFO - ✅ DatabaseService инициализирован. Подключение к базе: postgres:5432/appninjabot
2025-04-02 23:04:11,607 - data.shifts - INFO - Основной путь к файлу смен: /app/data/shifts.json
2025-04-02 23:04:11,607 - data.shifts - INFO - Альтернативный путь: /app/data/shifts.json
2025-04-02 23:04:11,608 - data.shifts - INFO - Альтернативный путь: /app/backend/data/shifts.json
2025-04-02 23:04:11,608 - data.shifts - INFO - Альтернативный путь: /app/data/shifts.json
2025-04-02 23:04:11,609 - data.shifts - INFO - Альтернативный путь: shifts.json
2025-04-02 23:04:11,977 - telegramNinjaBot.bot - INFO - Бот запущен в окружении: development
2025-04-02 23:04:12,029 - tzlocal - DEBUG - /etc/timezone found, contents:
 Etc/UTC

2025-04-02 23:04:12,030 - tzlocal - DEBUG - /etc/localtime found
2025-04-02 23:04:12,032 - tzlocal - DEBUG - 2 found:
 {'/etc/timezone': 'Etc/UTC', '/etc/localtime is a symlink to': 'Etc/UTC'}
2025-04-02 23:04:12,045 - models.scheduler_task - INFO - ✅ Таблица scheduler_tasks успешно создана или уже существует
2025-04-02 23:04:12,063 - models.scheduler_task - INFO - ✅ Таблица scheduler_tasks успешно создана или уже существует
2025-04-02 23:04:12,068 - models.scheduler_task - INFO - ✅ Таблица scheduler_tasks успешно создана или уже существует
2025-04-02 23:04:26,021 - models.database - INFO - ✅ Соединение с базой данных установлено
2025-04-02 23:04:26,022 - models.database - INFO - ✅ Таблицы успешно созданы/проверены
2025-04-02 23:04:26,022 - models.database - INFO - ✅ DatabaseService инициализирован. Подключение к базе: postgres:5432/appninjabot
2025-04-02 23:04:26,032 - data.shifts - INFO - Основной путь к файлу смен: /app/data/shifts.json
2025-04-02 23:04:26,033 - data.shifts - INFO - Альтернативный путь: /app/data/shifts.json
2025-04-02 23:04:26,034 - data.shifts - INFO - Альтернативный путь: /app/backend/data/shifts.json
2025-04-02 23:04:26,034 - data.shifts - INFO - Альтернативный путь: /app/data/shifts.json
2025-04-02 23:04:26,034 - data.shifts - INFO - Альтернативный путь: shifts.json
2025-04-02 23:04:26,425 - telegramNinjaBot.bot - INFO - Бот запущен в окружении: development
2025-04-02 23:04:26,516 - tzlocal - DEBUG - /etc/timezone found, contents:
 Etc/UTC

2025-04-02 23:04:26,517 - tzlocal - DEBUG - /etc/localtime found
2025-04-02 23:04:26,520 - tzlocal - DEBUG - 2 found:
 {'/etc/timezone': 'Etc/UTC', '/etc/localtime is a symlink to': 'Etc/UTC'}
2025-04-02 23:04:26,551 - models.scheduler_task - INFO - ✅ Таблица scheduler_tasks успешно создана или уже существует
2025-04-02 23:04:26,584 - models.scheduler_task - INFO - ✅ Таблица scheduler_tasks успешно создана или уже существует
2025-04-02 23:04:26,596 - models.scheduler_task - INFO - ✅ Таблица scheduler_tasks успешно создана или уже существует
2025-04-02 23:04:53,424 - models.database - INFO - ✅ Соединение с базой данных установлено
2025-04-02 23:04:53,426 - models.database - INFO - ✅ Таблицы успешно созданы/проверены
2025-04-02 23:04:53,426 - models.database - INFO - ✅ DatabaseService инициализирован. Подключение к базе: postgres:5432/appninjabot
2025-04-02 23:04:53,429 - data.shifts - INFO - Основной путь к файлу смен: /app/data/shifts.json
2025-04-02 23:04:53,429 - data.shifts - INFO - Альтернативный путь: /app/data/shifts.json
2025-04-02 23:04:53,430 - data.shifts - INFO - Альтернативный путь: /app/backend/data/shifts.json
2025-04-02 23:04:53,430 - data.shifts - INFO - Альтернативный путь: /app/data/shifts.json
2025-04-02 23:04:53,431 - data.shifts - INFO - Альтернативный путь: shifts.json
2025-04-02 23:04:53,852 - telegramNinjaBot.bot - INFO - Бот запущен в окружении: development
2025-04-02 23:04:53,899 - tzlocal - DEBUG - /etc/timezone found, contents:
 Etc/UTC

2025-04-02 23:04:53,900 - tzlocal - DEBUG - /etc/localtime found
2025-04-02 23:04:53,902 - tzlocal - DEBUG - 2 found:
 {'/etc/timezone': 'Etc/UTC', '/etc/localtime is a symlink to': 'Etc/UTC'}
2025-04-02 23:04:53,927 - models.scheduler_task - INFO - ✅ Таблица scheduler_tasks успешно создана или уже существует
2025-04-02 23:04:53,951 - models.scheduler_task - INFO - ✅ Таблица scheduler_tasks успешно создана или уже существует
2025-04-02 23:04:53,956 - models.scheduler_task - INFO - ✅ Таблица scheduler_tasks успешно создана или уже существует
2025-04-02 23:04:53,975 - werkzeug - INFO - [31m[1mWARNING: This is a development server. Do not use it in a production deployment. Use a production WSGI server instead.[0m
 * Running on all addresses (0.0.0.0)
 * Running on http://127.0.0.1:8000
 * Running on http://172.19.0.4:8000
2025-04-02 23:04:53,976 - werkzeug - INFO - [33mPress CTRL+C to quit[0m
2025-04-02 23:05:09,113 - models.database - INFO - ✅ Соединение с базой данных установлено
2025-04-02 23:05:09,115 - models.database - INFO - ✅ Таблицы успешно созданы/проверены
2025-04-02 23:05:09,115 - models.database - INFO - ✅ DatabaseService инициализирован. Подключение к базе: postgres:5432/appninjabot
2025-04-02 23:05:09,118 - data.shifts - INFO - Основной путь к файлу смен: /app/data/shifts.json
2025-04-02 23:05:09,118 - data.shifts - INFO - Альтернативный путь: /app/data/shifts.json
2025-04-02 23:05:09,119 - data.shifts - INFO - Альтернативный путь: /app/backend/data/shifts.json
2025-04-02 23:05:09,119 - data.shifts - INFO - Альтернативный путь: /app/data/shifts.json
2025-04-02 23:05:09,119 - data.shifts - INFO - Альтернативный путь: shifts.json
2025-04-02 23:05:09,507 - telegramNinjaBot.bot - INFO - Бот запущен в окружении: development
2025-04-02 23:05:09,542 - tzlocal - DEBUG - /etc/timezone found, contents:
 Etc/UTC

2025-04-02 23:05:09,542 - tzlocal - DEBUG - /etc/localtime found
2025-04-02 23:05:09,544 - tzlocal - DEBUG - 2 found:
 {'/etc/timezone': 'Etc/UTC', '/etc/localtime is a symlink to': 'Etc/UTC'}
2025-04-02 23:05:09,558 - models.scheduler_task - INFO - ✅ Таблица scheduler_tasks успешно создана или уже существует
2025-04-02 23:05:09,583 - models.scheduler_task - INFO - ✅ Таблица scheduler_tasks успешно создана или уже существует
2025-04-02 23:05:09,589 - models.scheduler_task - INFO - ✅ Таблица scheduler_tasks успешно создана или уже существует
2025-04-02 23:05:09,609 - werkzeug - INFO - [31m[1mWARNING: This is a development server. Do not use it in a production deployment. Use a production WSGI server instead.[0m
 * Running on all addresses (0.0.0.0)
 * Running on http://127.0.0.1:8000
 * Running on http://172.19.0.4:8000
2025-04-02 23:05:09,609 - werkzeug - INFO - [33mPress CTRL+C to quit[0m
2025-04-02 23:05:19,945 - werkzeug - INFO - 172.19.0.8 - - [02/Apr/2025 23:05:19] "[33mGET /reserves HTTP/1.1[0m" 404 -
2025-04-02 23:05:20,043 - werkzeug - INFO - 172.19.0.8 - - [02/Apr/2025 23:05:20] "[33mGET /reserves HTTP/1.1[0m" 404 -
2025-04-02 23:05:20,153 - werkzeug - INFO - 172.19.0.8 - - [02/Apr/2025 23:05:20] "[33mGET /couriers/access/settings?chat_id=-1004755640016 HTTP/1.1[0m" 404 -
2025-04-02 23:05:20,159 - werkzeug - INFO - 172.19.0.8 - - [02/Apr/2025 23:05:20] "[33mGET /couriers/1682142222/status?chat_id=-1004755640016 HTTP/1.1[0m" 404 -
2025-04-02 23:05:20,160 - werkzeug - INFO - 172.19.0.8 - - [02/Apr/2025 23:05:20] "[33mGET /couriers/access/settings?chat_id=-1004755640016 HTTP/1.1[0m" 404 -
2025-04-02 23:05:20,164 - werkzeug - INFO - 172.19.0.8 - - [02/Apr/2025 23:05:20] "[33mGET /couriers/1682142222/status?chat_id=-1004755640016 HTTP/1.1[0m" 404 -
2025-04-02 23:06:51,186 - models.database - INFO - ✅ Соединение с базой данных установлено
2025-04-02 23:06:51,187 - models.database - INFO - ✅ Таблицы успешно созданы/проверены
2025-04-02 23:06:51,188 - models.database - INFO - ✅ DatabaseService инициализирован. Подключение к базе: postgres:5432/appninjabot
2025-04-02 23:06:51,191 - data.shifts - INFO - Основной путь к файлу смен: /app/data/shifts.json
2025-04-02 23:06:51,191 - data.shifts - INFO - Альтернативный путь: /app/data/shifts.json
2025-04-02 23:06:51,191 - data.shifts - INFO - Альтернативный путь: /app/backend/data/shifts.json
2025-04-02 23:06:51,192 - data.shifts - INFO - Альтернативный путь: /app/data/shifts.json
2025-04-02 23:06:51,192 - data.shifts - INFO - Альтернативный путь: shifts.json
2025-04-02 23:06:51,543 - telegramNinjaBot.bot - INFO - Бот запущен в окружении: development
2025-04-02 23:06:51,587 - tzlocal - DEBUG - /etc/timezone found, contents:
 Etc/UTC

2025-04-02 23:06:51,588 - tzlocal - DEBUG - /etc/localtime found
2025-04-02 23:06:51,590 - tzlocal - DEBUG - 2 found:
 {'/etc/timezone': 'Etc/UTC', '/etc/localtime is a symlink to': 'Etc/UTC'}
2025-04-02 23:06:51,606 - models.scheduler_task - INFO - ✅ Таблица scheduler_tasks успешно создана или уже существует
2025-04-02 23:06:51,631 - models.scheduler_task - INFO - ✅ Таблица scheduler_tasks успешно создана или уже существует
2025-04-02 23:06:51,637 - models.scheduler_task - INFO - ✅ Таблица scheduler_tasks успешно создана или уже существует
2025-04-02 23:06:51,655 - werkzeug - INFO - [31m[1mWARNING: This is a development server. Do not use it in a production deployment. Use a production WSGI server instead.[0m
 * Running on all addresses (0.0.0.0)
 * Running on http://127.0.0.1:8000
 * Running on http://172.19.0.4:8000
2025-04-02 23:06:51,656 - werkzeug - INFO - [33mPress CTRL+C to quit[0m
2025-04-02 23:06:59,435 - werkzeug - INFO - 172.19.0.8 - - [02/Apr/2025 23:06:59] "[33mGET /reserves HTTP/1.1[0m" 404 -
2025-04-02 23:06:59,555 - werkzeug - INFO - 172.19.0.8 - - [02/Apr/2025 23:06:59] "[33mGET /reserves HTTP/1.1[0m" 404 -
2025-04-02 23:06:59,710 - werkzeug - INFO - 172.19.0.8 - - [02/Apr/2025 23:06:59] "[33mGET /couriers/access/settings?chat_id=-1004755640016 HTTP/1.1[0m" 404 -
2025-04-02 23:06:59,713 - werkzeug - INFO - 172.19.0.8 - - [02/Apr/2025 23:06:59] "[33mGET /couriers/1682142222/status?chat_id=-1004755640016 HTTP/1.1[0m" 404 -
2025-04-02 23:06:59,715 - werkzeug - INFO - 172.19.0.8 - - [02/Apr/2025 23:06:59] "[33mGET /couriers/access/settings?chat_id=-1004755640016 HTTP/1.1[0m" 404 -
2025-04-02 23:06:59,720 - werkzeug - INFO - 172.19.0.8 - - [02/Apr/2025 23:06:59] "[33mGET /couriers/1682142222/status?chat_id=-1004755640016 HTTP/1.1[0m" 404 -
2025-04-02 23:08:50,250 - models.database - INFO - ✅ Соединение с базой данных установлено
2025-04-02 23:08:50,252 - models.database - INFO - ✅ Таблицы успешно созданы/проверены
2025-04-02 23:08:50,252 - models.database - INFO - ✅ DatabaseService инициализирован. Подключение к базе: postgres:5432/appninjabot
2025-04-02 23:08:50,255 - data.shifts - INFO - Основной путь к файлу смен: /app/data/shifts.json
2025-04-02 23:08:50,255 - data.shifts - INFO - Альтернативный путь: /app/data/shifts.json
2025-04-02 23:08:50,256 - data.shifts - INFO - Альтернативный путь: /app/backend/data/shifts.json
2025-04-02 23:08:50,257 - data.shifts - INFO - Альтернативный путь: /app/data/shifts.json
2025-04-02 23:08:50,257 - data.shifts - INFO - Альтернативный путь: shifts.json
2025-04-02 23:08:50,615 - telegramNinjaBot.bot - INFO - Бот запущен в окружении: development
2025-04-02 23:08:50,652 - tzlocal - DEBUG - /etc/timezone found, contents:
 Etc/UTC

2025-04-02 23:08:50,653 - tzlocal - DEBUG - /etc/localtime found
2025-04-02 23:08:50,655 - tzlocal - DEBUG - 2 found:
 {'/etc/timezone': 'Etc/UTC', '/etc/localtime is a symlink to': 'Etc/UTC'}
2025-04-02 23:08:50,676 - models.scheduler_task - INFO - ✅ Таблица scheduler_tasks успешно создана или уже существует
2025-04-02 23:08:50,706 - models.scheduler_task - INFO - ✅ Таблица scheduler_tasks успешно создана или уже существует
2025-04-02 23:08:50,713 - models.scheduler_task - INFO - ✅ Таблица scheduler_tasks успешно создана или уже существует
2025-04-02 23:08:50,733 - werkzeug - INFO - [31m[1mWARNING: This is a development server. Do not use it in a production deployment. Use a production WSGI server instead.[0m
 * Running on all addresses (0.0.0.0)
 * Running on http://127.0.0.1:8000
 * Running on http://172.19.0.4:8000
2025-04-02 23:08:50,733 - werkzeug - INFO - [33mPress CTRL+C to quit[0m
2025-04-02 23:08:57,692 - werkzeug - INFO - 172.19.0.8 - - [02/Apr/2025 23:08:57] "[33mGET /reserves HTTP/1.1[0m" 404 -
2025-04-02 23:08:57,820 - werkzeug - INFO - 172.19.0.8 - - [02/Apr/2025 23:08:57] "[33mGET /reserves HTTP/1.1[0m" 404 -
2025-04-02 23:08:57,942 - werkzeug - INFO - 172.19.0.8 - - [02/Apr/2025 23:08:57] "[33mGET /couriers/access/settings?chat_id=-1004755640016 HTTP/1.1[0m" 404 -
2025-04-02 23:08:57,944 - werkzeug - INFO - 172.19.0.8 - - [02/Apr/2025 23:08:57] "[33mGET /couriers/1682142222/status?chat_id=-1004755640016 HTTP/1.1[0m" 404 -
2025-04-02 23:08:57,950 - werkzeug - INFO - 172.19.0.8 - - [02/Apr/2025 23:08:57] "[33mGET /couriers/access/settings?chat_id=-1004755640016 HTTP/1.1[0m" 404 -
2025-04-02 23:08:57,954 - werkzeug - INFO - 172.19.0.8 - - [02/Apr/2025 23:08:57] "[33mGET /couriers/1682142222/status?chat_id=-1004755640016 HTTP/1.1[0m" 404 -
2025-04-02 23:10:47,996 - models.database - INFO - ✅ Соединение с базой данных установлено
2025-04-02 23:10:47,997 - models.database - INFO - ✅ Таблицы успешно созданы/проверены
2025-04-02 23:10:47,998 - models.database - INFO - ✅ DatabaseService инициализирован. Подключение к базе: postgres:5432/appninjabot
2025-04-02 23:10:48,000 - data.shifts - INFO - Основной путь к файлу смен: /app/data/shifts.json
2025-04-02 23:10:48,001 - data.shifts - INFO - Альтернативный путь: /app/data/shifts.json
2025-04-02 23:10:48,001 - data.shifts - INFO - Альтернативный путь: /app/backend/data/shifts.json
2025-04-02 23:10:48,001 - data.shifts - INFO - Альтернативный путь: /app/data/shifts.json
2025-04-02 23:10:48,002 - data.shifts - INFO - Альтернативный путь: shifts.json
2025-04-02 23:10:48,346 - telegramNinjaBot.bot - INFO - Бот запущен в окружении: development
2025-04-02 23:10:48,395 - tzlocal - DEBUG - /etc/timezone found, contents:
 Etc/UTC

2025-04-02 23:10:48,396 - tzlocal - DEBUG - /etc/localtime found
2025-04-02 23:10:48,398 - tzlocal - DEBUG - 2 found:
 {'/etc/timezone': 'Etc/UTC', '/etc/localtime is a symlink to': 'Etc/UTC'}
2025-04-02 23:10:48,413 - models.scheduler_task - INFO - ✅ Таблица scheduler_tasks успешно создана или уже существует
2025-04-02 23:10:48,443 - models.scheduler_task - INFO - ✅ Таблица scheduler_tasks успешно создана или уже существует
2025-04-02 23:10:48,449 - models.scheduler_task - INFO - ✅ Таблица scheduler_tasks успешно создана или уже существует
2025-04-02 23:10:48,468 - werkzeug - INFO - [31m[1mWARNING: This is a development server. Do not use it in a production deployment. Use a production WSGI server instead.[0m
 * Running on all addresses (0.0.0.0)
 * Running on http://127.0.0.1:8000
 * Running on http://172.19.0.4:8000
2025-04-02 23:10:48,469 - werkzeug - INFO - [33mPress CTRL+C to quit[0m
2025-04-02 23:11:27,759 - werkzeug - INFO - 172.19.0.8 - - [02/Apr/2025 23:11:27] "[33mGET /reserves HTTP/1.1[0m" 404 -
2025-04-02 23:11:27,864 - werkzeug - INFO - 172.19.0.8 - - [02/Apr/2025 23:11:27] "[33mGET /reserves HTTP/1.1[0m" 404 -
2025-04-02 23:11:27,974 - api.couriers.access.routes - INFO - 📝 Запрос настроек доступа: chat_id=-1004755640016
2025-04-02 23:11:27,976 - api.couriers.routes - INFO - === Получение статуса курьера 1682142222 ===
2025-04-02 23:11:27,976 - api.couriers.routes - INFO - Chat ID из запроса: -1004755640016
2025-04-02 23:11:27,997 - api.couriers.routes - INFO - Возвращаем статус курьера: {'user_id': 1682142222, 'first_name': 'Андрей', 'last_name': 'Николаевич', 'username': 'andrejnikolaevich1999', 'photo_url': 'https://api.telegram.org/file/bot7878489788:AAHupjPYeWpzVwo77F_BCR6fIA1I_P8p_Uc/photos/file_0.jpg', 'chat_id': '-1004755640016', 'is_admin': True, 'is_senior_courier': True, 'active_session': None, 'wallet': {'balance': 0, 'transactions_count': 0}, 'status': 'active'}
2025-04-02 23:11:27,998 - werkzeug - INFO - 172.19.0.8 - - [02/Apr/2025 23:11:27] "GET /couriers/1682142222/status?chat_id=-1004755640016 HTTP/1.1" 200 -
2025-04-02 23:11:28,003 - api.couriers.routes - INFO - === Получение статуса курьера 1682142222 ===
2025-04-02 23:11:28,003 - api.couriers.routes - INFO - Chat ID из запроса: -1004755640016
2025-04-02 23:11:28,018 - services.access_settings_service - ERROR - Error saving access settings: column "updated_by" of relation "access_settings" does not exist
LINE 20:                                 updated_by
                                         ^

2025-04-02 23:11:28,019 - api.couriers.routes - INFO - Возвращаем статус курьера: {'user_id': 1682142222, 'first_name': 'Андрей', 'last_name': 'Николаевич', 'username': 'andrejnikolaevich1999', 'photo_url': 'https://api.telegram.org/file/bot7878489788:AAHupjPYeWpzVwo77F_BCR6fIA1I_P8p_Uc/photos/file_0.jpg', 'chat_id': '-1004755640016', 'is_admin': True, 'is_senior_courier': True, 'active_session': None, 'wallet': {'balance': 0, 'transactions_count': 0}, 'status': 'active'}
2025-04-02 23:11:28,020 - api.couriers.access.routes - INFO - ✅ Настройки загружены: 17 полей
2025-04-02 23:11:28,028 - werkzeug - INFO - 172.19.0.8 - - [02/Apr/2025 23:11:28] "GET /couriers/1682142222/status?chat_id=-1004755640016 HTTP/1.1" 200 -
2025-04-02 23:11:28,029 - werkzeug - INFO - 172.19.0.8 - - [02/Apr/2025 23:11:28] "GET /couriers/access/settings?chat_id=-1004755640016 HTTP/1.1" 200 -
2025-04-02 23:11:28,040 - api.couriers.access.routes - INFO - 📝 Запрос настроек доступа: chat_id=-1004755640016
2025-04-02 23:11:28,045 - services.access_settings_service - ERROR - Error saving access settings: column "updated_by" of relation "access_settings" does not exist
LINE 20:                                 updated_by
                                         ^

2025-04-02 23:11:28,045 - api.couriers.access.routes - INFO - ✅ Настройки загружены: 17 полей
2025-04-02 23:11:28,046 - werkzeug - INFO - 172.19.0.8 - - [02/Apr/2025 23:11:28] "GET /couriers/access/settings?chat_id=-1004755640016 HTTP/1.1" 200 -
2025-04-02 23:14:03,247 - models.database - INFO - ✅ Соединение с базой данных установлено
2025-04-02 23:14:03,250 - models.database - INFO - ✅ Таблицы успешно созданы/проверены
2025-04-02 23:14:03,250 - models.database - INFO - ✅ DatabaseService инициализирован. Подключение к базе: postgres:5432/appninjabot
2025-04-02 23:14:03,254 - data.shifts - INFO - Основной путь к файлу смен: /app/data/shifts.json
2025-04-02 23:14:03,254 - data.shifts - INFO - Альтернативный путь: /app/data/shifts.json
2025-04-02 23:14:03,254 - data.shifts - INFO - Альтернативный путь: /app/backend/data/shifts.json
2025-04-02 23:14:03,255 - data.shifts - INFO - Альтернативный путь: /app/data/shifts.json
2025-04-02 23:14:03,255 - data.shifts - INFO - Альтернативный путь: shifts.json
2025-04-02 23:14:03,633 - telegramNinjaBot.bot - INFO - Бот запущен в окружении: development
2025-04-02 23:14:03,685 - tzlocal - DEBUG - /etc/timezone found, contents:
 Etc/UTC

2025-04-02 23:14:03,686 - tzlocal - DEBUG - /etc/localtime found
2025-04-02 23:14:03,688 - tzlocal - DEBUG - 2 found:
 {'/etc/timezone': 'Etc/UTC', '/etc/localtime is a symlink to': 'Etc/UTC'}
2025-04-02 23:14:03,702 - models.scheduler_task - INFO - ✅ Таблица scheduler_tasks успешно создана или уже существует
2025-04-02 23:14:03,727 - models.scheduler_task - INFO - ✅ Таблица scheduler_tasks успешно создана или уже существует
2025-04-02 23:14:03,734 - models.scheduler_task - INFO - ✅ Таблица scheduler_tasks успешно создана или уже существует
2025-04-02 23:14:03,751 - werkzeug - INFO - [31m[1mWARNING: This is a development server. Do not use it in a production deployment. Use a production WSGI server instead.[0m
 * Running on all addresses (0.0.0.0)
 * Running on http://127.0.0.1:8000
 * Running on http://172.19.0.4:8000
2025-04-02 23:14:03,752 - werkzeug - INFO - [33mPress CTRL+C to quit[0m
2025-04-02 23:14:14,438 - werkzeug - INFO - 172.19.0.8 - - [02/Apr/2025 23:14:14] "[33mGET /reserves HTTP/1.1[0m" 404 -
2025-04-02 23:14:14,559 - werkzeug - INFO - 172.19.0.8 - - [02/Apr/2025 23:14:14] "[33mGET /reserves HTTP/1.1[0m" 404 -
2025-04-02 23:14:14,709 - api.couriers.access.routes - INFO - 📝 Запрос настроек доступа: chat_id=-1004755640016
2025-04-02 23:14:14,712 - api.couriers.routes - INFO - === Получение статуса курьера 1682142222 ===
2025-04-02 23:14:14,713 - api.couriers.routes - INFO - Chat ID из запроса: -1004755640016
2025-04-02 23:14:14,723 - services.access_settings_service - ERROR - Error saving access settings: column "updated_by" of relation "access_settings" does not exist
LINE 20:                                 updated_by
                                         ^

2025-04-02 23:14:14,724 - api.couriers.access.routes - INFO - ✅ Настройки загружены: 17 полей
2025-04-02 23:14:14,725 - werkzeug - INFO - 172.19.0.8 - - [02/Apr/2025 23:14:14] "GET /couriers/access/settings?chat_id=-1004755640016 HTTP/1.1" 200 -
2025-04-02 23:14:14,725 - api.couriers.routes - INFO - Возвращаем статус курьера: {'user_id': 1682142222, 'first_name': 'Андрей', 'last_name': 'Николаевич', 'username': 'andrejnikolaevich1999', 'photo_url': 'https://api.telegram.org/file/bot7878489788:AAHupjPYeWpzVwo77F_BCR6fIA1I_P8p_Uc/photos/file_0.jpg', 'chat_id': '-1004755640016', 'is_admin': True, 'is_senior_courier': True, 'active_session': None, 'wallet': {'balance': 0, 'transactions_count': 0}, 'status': 'active'}
2025-04-02 23:14:14,730 - werkzeug - INFO - 172.19.0.8 - - [02/Apr/2025 23:14:14] "GET /couriers/1682142222/status?chat_id=-1004755640016 HTTP/1.1" 200 -
2025-04-02 23:14:14,736 - api.couriers.access.routes - INFO - 📝 Запрос настроек доступа: chat_id=-1004755640016
2025-04-02 23:14:14,744 - services.access_settings_service - ERROR - Error saving access settings: column "updated_by" of relation "access_settings" does not exist
LINE 20:                                 updated_by
                                         ^

2025-04-02 23:14:14,749 - api.couriers.routes - INFO - === Получение статуса курьера 1682142222 ===
2025-04-02 23:14:14,753 - api.couriers.access.routes - INFO - ✅ Настройки загружены: 17 полей
2025-04-02 23:14:14,755 - api.couriers.routes - INFO - Chat ID из запроса: -1004755640016
2025-04-02 23:14:14,757 - werkzeug - INFO - 172.19.0.8 - - [02/Apr/2025 23:14:14] "GET /couriers/access/settings?chat_id=-1004755640016 HTTP/1.1" 200 -
2025-04-02 23:14:14,772 - api.couriers.routes - INFO - Возвращаем статус курьера: {'user_id': 1682142222, 'first_name': 'Андрей', 'last_name': 'Николаевич', 'username': 'andrejnikolaevich1999', 'photo_url': 'https://api.telegram.org/file/bot7878489788:AAHupjPYeWpzVwo77F_BCR6fIA1I_P8p_Uc/photos/file_0.jpg', 'chat_id': '-1004755640016', 'is_admin': True, 'is_senior_courier': True, 'active_session': None, 'wallet': {'balance': 0, 'transactions_count': 0}, 'status': 'active'}
2025-04-02 23:14:14,773 - werkzeug - INFO - 172.19.0.8 - - [02/Apr/2025 23:14:14] "GET /couriers/1682142222/status?chat_id=-1004755640016 HTTP/1.1" 200 -
2025-04-02 23:14:46,323 - werkzeug - INFO - 172.19.0.8 - - [02/Apr/2025 23:14:46] "[33mGET /reserves HTTP/1.1[0m" 404 -
2025-04-02 23:14:46,416 - werkzeug - INFO - 172.19.0.8 - - [02/Apr/2025 23:14:46] "[33mGET /reserves HTTP/1.1[0m" 404 -
2025-04-02 23:14:46,499 - api.couriers.access.routes - INFO - 📝 Запрос настроек доступа: chat_id=-1004755640016
2025-04-02 23:14:46,500 - api.couriers.routes - INFO - === Получение статуса курьера 1682142222 ===
2025-04-02 23:14:46,500 - api.couriers.routes - INFO - Chat ID из запроса: -1004755640016
2025-04-02 23:14:46,506 - services.access_settings_service - ERROR - Error saving access settings: column "updated_by" of relation "access_settings" does not exist
LINE 20:                                 updated_by
                                         ^

2025-04-02 23:14:46,507 - api.couriers.access.routes - INFO - ✅ Настройки загружены: 17 полей
2025-04-02 23:14:46,513 - werkzeug - INFO - 172.19.0.8 - - [02/Apr/2025 23:14:46] "GET /couriers/access/settings?chat_id=-1004755640016 HTTP/1.1" 200 -
2025-04-02 23:14:46,515 - api.couriers.routes - INFO - Возвращаем статус курьера: {'user_id': 1682142222, 'first_name': 'Андрей', 'last_name': 'Николаевич', 'username': 'andrejnikolaevich1999', 'photo_url': 'https://api.telegram.org/file/bot7878489788:AAHupjPYeWpzVwo77F_BCR6fIA1I_P8p_Uc/photos/file_0.jpg', 'chat_id': '-1004755640016', 'is_admin': True, 'is_senior_courier': True, 'active_session': None, 'wallet': {'balance': 0, 'transactions_count': 0}, 'status': 'active'}
2025-04-02 23:14:46,516 - werkzeug - INFO - 172.19.0.8 - - [02/Apr/2025 23:14:46] "GET /couriers/1682142222/status?chat_id=-1004755640016 HTTP/1.1" 200 -
2025-04-02 23:14:46,519 - api.couriers.access.routes - INFO - 📝 Запрос настроек доступа: chat_id=-1004755640016
2025-04-02 23:14:46,521 - api.couriers.routes - INFO - === Получение статуса курьера 1682142222 ===
2025-04-02 23:14:46,522 - api.couriers.routes - INFO - Chat ID из запроса: -1004755640016
2025-04-02 23:14:46,526 - services.access_settings_service - ERROR - Error saving access settings: column "updated_by" of relation "access_settings" does not exist
LINE 20:                                 updated_by
                                         ^

2025-04-02 23:14:46,527 - api.couriers.access.routes - INFO - ✅ Настройки загружены: 17 полей
2025-04-02 23:14:46,528 - werkzeug - INFO - 172.19.0.8 - - [02/Apr/2025 23:14:46] "GET /couriers/access/settings?chat_id=-1004755640016 HTTP/1.1" 200 -
2025-04-02 23:14:46,551 - api.couriers.routes - INFO - Возвращаем статус курьера: {'user_id': 1682142222, 'first_name': 'Андрей', 'last_name': 'Николаевич', 'username': 'andrejnikolaevich1999', 'photo_url': 'https://api.telegram.org/file/bot7878489788:AAHupjPYeWpzVwo77F_BCR6fIA1I_P8p_Uc/photos/file_0.jpg', 'chat_id': '-1004755640016', 'is_admin': True, 'is_senior_courier': True, 'active_session': None, 'wallet': {'balance': 0, 'transactions_count': 0}, 'status': 'active'}
2025-04-02 23:14:46,553 - werkzeug - INFO - 172.19.0.8 - - [02/Apr/2025 23:14:46] "GET /couriers/1682142222/status?chat_id=-1004755640016 HTTP/1.1" 200 -
2025-04-02 23:21:20,041 - models.database - INFO - ✅ Соединение с базой данных установлено
2025-04-02 23:21:20,042 - models.database - INFO - ✅ Таблицы успешно созданы/проверены
2025-04-02 23:21:20,043 - models.database - INFO - ✅ DatabaseService инициализирован. Подключение к базе: postgres:5432/appninjabot
2025-04-02 23:21:20,046 - data.shifts - INFO - Основной путь к файлу смен: /app/data/shifts.json
2025-04-02 23:21:20,047 - data.shifts - INFO - Альтернативный путь: /app/data/shifts.json
2025-04-02 23:21:20,047 - data.shifts - INFO - Альтернативный путь: /app/backend/data/shifts.json
2025-04-02 23:21:20,047 - data.shifts - INFO - Альтернативный путь: /app/data/shifts.json
2025-04-02 23:21:20,048 - data.shifts - INFO - Альтернативный путь: shifts.json
2025-04-02 23:21:20,389 - telegramNinjaBot.bot - INFO - Бот запущен в окружении: development
2025-04-02 23:21:20,427 - tzlocal - DEBUG - /etc/timezone found, contents:
 Etc/UTC

2025-04-02 23:21:20,428 - tzlocal - DEBUG - /etc/localtime found
2025-04-02 23:21:20,431 - tzlocal - DEBUG - 2 found:
 {'/etc/timezone': 'Etc/UTC', '/etc/localtime is a symlink to': 'Etc/UTC'}
2025-04-02 23:21:20,450 - models.scheduler_task - INFO - ✅ Таблица scheduler_tasks успешно создана или уже существует
2025-04-02 23:21:20,481 - models.scheduler_task - INFO - ✅ Таблица scheduler_tasks успешно создана или уже существует
2025-04-02 23:21:20,488 - models.scheduler_task - INFO - ✅ Таблица scheduler_tasks успешно создана или уже существует
2025-04-02 23:21:20,506 - werkzeug - INFO - [31m[1mWARNING: This is a development server. Do not use it in a production deployment. Use a production WSGI server instead.[0m
 * Running on all addresses (0.0.0.0)
 * Running on http://127.0.0.1:8000
 * Running on http://172.19.0.4:8000
2025-04-02 23:21:20,507 - werkzeug - INFO - [33mPress CTRL+C to quit[0m
2025-04-02 23:21:29,157 - werkzeug - INFO - 172.19.0.8 - - [02/Apr/2025 23:21:29] "[33mGET /reserves HTTP/1.1[0m" 404 -
2025-04-02 23:21:29,288 - werkzeug - INFO - 172.19.0.8 - - [02/Apr/2025 23:21:29] "[33mGET /reserves HTTP/1.1[0m" 404 -
2025-04-02 23:21:29,411 - api.couriers.access.routes - INFO - 📝 Запрос настроек доступа: chat_id=-1004755640016
2025-04-02 23:21:29,424 - api.couriers.routes - INFO - === Получение статуса курьера 1682142222 ===
2025-04-02 23:21:29,424 - api.couriers.routes - INFO - Chat ID из запроса: -1004755640016
2025-04-02 23:21:29,435 - services.access_settings_service - ERROR - Error saving access settings: column "updated_by" of relation "access_settings" does not exist
LINE 20:                                 updated_by
                                         ^

2025-04-02 23:21:29,442 - api.couriers.access.routes - INFO - ✅ Настройки загружены: 17 полей
2025-04-02 23:21:29,444 - werkzeug - INFO - 172.19.0.8 - - [02/Apr/2025 23:21:29] "GET /couriers/access/settings?chat_id=-1004755640016 HTTP/1.1" 200 -
2025-04-02 23:21:29,453 - api.couriers.routes - INFO - Возвращаем статус курьера: {'user_id': 1682142222, 'first_name': 'Андрей', 'last_name': 'Николаевич', 'username': 'andrejnikolaevich1999', 'photo_url': 'https://api.telegram.org/file/bot7878489788:AAHupjPYeWpzVwo77F_BCR6fIA1I_P8p_Uc/photos/file_0.jpg', 'chat_id': '-1004755640016', 'is_admin': True, 'is_senior_courier': True, 'active_session': None, 'wallet': {'balance': 0, 'transactions_count': 0}, 'status': 'active'}
2025-04-02 23:21:29,460 - werkzeug - INFO - 172.19.0.8 - - [02/Apr/2025 23:21:29] "GET /couriers/1682142222/status?chat_id=-1004755640016 HTTP/1.1" 200 -
2025-04-02 23:21:29,480 - api.couriers.access.routes - INFO - 📝 Запрос настроек доступа: chat_id=-1004755640016
2025-04-02 23:21:29,486 - api.couriers.routes - INFO - === Получение статуса курьера 1682142222 ===
2025-04-02 23:21:29,487 - api.couriers.routes - INFO - Chat ID из запроса: -1004755640016
2025-04-02 23:21:29,492 - werkzeug - INFO - 172.19.0.8 - - [02/Apr/2025 23:21:29] "[33mGET /shifts?chat_id=-1004755640016 HTTP/1.1[0m" 404 -
2025-04-02 23:21:29,493 - services.access_settings_service - ERROR - Error saving access settings: column "updated_by" of relation "access_settings" does not exist
LINE 20:                                 updated_by
                                         ^

2025-04-02 23:21:29,495 - api.couriers.access.routes - INFO - ✅ Настройки загружены: 17 полей
2025-04-02 23:21:29,504 - werkzeug - INFO - 172.19.0.8 - - [02/Apr/2025 23:21:29] "GET /couriers/access/settings?chat_id=-1004755640016 HTTP/1.1" 200 -
2025-04-02 23:21:29,514 - api.couriers.routes - INFO - Возвращаем статус курьера: {'user_id': 1682142222, 'first_name': 'Андрей', 'last_name': 'Николаевич', 'username': 'andrejnikolaevich1999', 'photo_url': 'https://api.telegram.org/file/bot7878489788:AAHupjPYeWpzVwo77F_BCR6fIA1I_P8p_Uc/photos/file_0.jpg', 'chat_id': '-1004755640016', 'is_admin': True, 'is_senior_courier': True, 'active_session': None, 'wallet': {'balance': 0, 'transactions_count': 0}, 'status': 'active'}
2025-04-02 23:21:29,515 - werkzeug - INFO - 172.19.0.8 - - [02/Apr/2025 23:21:29] "GET /couriers/1682142222/status?chat_id=-1004755640016 HTTP/1.1" 200 -
2025-04-02 23:21:29,534 - werkzeug - INFO - 172.19.0.8 - - [02/Apr/2025 23:21:29] "[33mGET /shifts?chat_id=-1004755640016 HTTP/1.1[0m" 404 -
2025-04-02 23:24:30,249 - models.database - INFO - ✅ Соединение с базой данных установлено
2025-04-02 23:24:30,250 - models.database - INFO - ✅ Таблицы успешно созданы/проверены
2025-04-02 23:24:30,251 - models.database - INFO - ✅ DatabaseService инициализирован. Подключение к базе: postgres:5432/appninjabot
2025-04-02 23:24:30,254 - data.shifts - INFO - Основной путь к файлу смен: /app/data/shifts.json
2025-04-02 23:24:30,254 - data.shifts - INFO - Альтернативный путь: /app/data/shifts.json
2025-04-02 23:24:30,255 - data.shifts - INFO - Альтернативный путь: /app/backend/data/shifts.json
2025-04-02 23:24:30,256 - data.shifts - INFO - Альтернативный путь: /app/data/shifts.json
2025-04-02 23:24:30,257 - data.shifts - INFO - Альтернативный путь: shifts.json
2025-04-02 23:24:30,634 - telegramNinjaBot.bot - INFO - Бот запущен в окружении: development
2025-04-02 23:24:30,686 - tzlocal - DEBUG - /etc/timezone found, contents:
 Etc/UTC

2025-04-02 23:24:30,687 - tzlocal - DEBUG - /etc/localtime found
2025-04-02 23:24:30,690 - tzlocal - DEBUG - 2 found:
 {'/etc/timezone': 'Etc/UTC', '/etc/localtime is a symlink to': 'Etc/UTC'}
2025-04-02 23:24:30,705 - models.scheduler_task - INFO - ✅ Таблица scheduler_tasks успешно создана или уже существует
2025-04-02 23:24:30,735 - models.scheduler_task - INFO - ✅ Таблица scheduler_tasks успешно создана или уже существует
2025-04-02 23:24:30,743 - models.scheduler_task - INFO - ✅ Таблица scheduler_tasks успешно создана или уже существует
2025-04-02 23:24:30,763 - werkzeug - INFO - [31m[1mWARNING: This is a development server. Do not use it in a production deployment. Use a production WSGI server instead.[0m
 * Running on all addresses (0.0.0.0)
 * Running on http://127.0.0.1:8000
 * Running on http://172.19.0.4:8000
2025-04-02 23:24:30,763 - werkzeug - INFO - [33mPress CTRL+C to quit[0m
2025-04-02 23:24:50,046 - werkzeug - INFO - 172.19.0.8 - - [02/Apr/2025 23:24:50] "[33mGET /reserves HTTP/1.1[0m" 404 -
2025-04-02 23:24:50,140 - werkzeug - INFO - 172.19.0.8 - - [02/Apr/2025 23:24:50] "[33mGET /reserves HTTP/1.1[0m" 404 -
2025-04-02 23:24:50,280 - api.couriers.access.routes - INFO - 📝 Запрос настроек доступа: chat_id=-1004755640016
2025-04-02 23:24:50,286 - api.couriers.routes - INFO - === Получение статуса курьера 1682142222 ===
2025-04-02 23:24:50,286 - api.couriers.routes - INFO - Chat ID из запроса: -1004755640016
2025-04-02 23:24:50,297 - services.access_settings_service - ERROR - Error saving access settings: column "updated_by" of relation "access_settings" does not exist
LINE 20:                                 updated_by
                                         ^

2025-04-02 23:24:50,299 - api.couriers.access.routes - INFO - ✅ Настройки загружены: 17 полей
2025-04-02 23:24:50,301 - werkzeug - INFO - 172.19.0.8 - - [02/Apr/2025 23:24:50] "GET /couriers/access/settings?chat_id=-1004755640016 HTTP/1.1" 200 -
2025-04-02 23:24:50,301 - api.couriers.routes - INFO - Возвращаем статус курьера: {'user_id': 1682142222, 'first_name': 'Андрей', 'last_name': 'Николаевич', 'username': 'andrejnikolaevich1999', 'photo_url': 'https://api.telegram.org/file/bot7878489788:AAHupjPYeWpzVwo77F_BCR6fIA1I_P8p_Uc/photos/file_0.jpg', 'chat_id': '-1004755640016', 'is_admin': True, 'is_senior_courier': True, 'active_session': None, 'wallet': {'balance': 0, 'transactions_count': 0}, 'status': 'active'}
2025-04-02 23:24:50,304 - werkzeug - INFO - 172.19.0.8 - - [02/Apr/2025 23:24:50] "GET /couriers/1682142222/status?chat_id=-1004755640016 HTTP/1.1" 200 -
2025-04-02 23:24:50,317 - api.couriers.access.routes - INFO - 📝 Запрос настроек доступа: chat_id=-1004755640016
2025-04-02 23:24:50,333 - api.couriers.routes - INFO - === Получение статуса курьера 1682142222 ===
2025-04-02 23:24:50,349 - api.couriers.routes - INFO - Chat ID из запроса: -1004755640016
2025-04-02 23:24:50,354 - services.access_settings_service - ERROR - Error saving access settings: column "updated_by" of relation "access_settings" does not exist
LINE 20:                                 updated_by
                                         ^

2025-04-02 23:24:50,361 - api.couriers.access.routes - INFO - ✅ Настройки загружены: 17 полей
2025-04-02 23:24:50,364 - werkzeug - INFO - 172.19.0.8 - - [02/Apr/2025 23:24:50] "GET /couriers/access/settings?chat_id=-1004755640016 HTTP/1.1" 200 -
2025-04-02 23:24:50,367 - werkzeug - INFO - 172.19.0.8 - - [02/Apr/2025 23:24:50] "[33mGET /couriers/shifts?chat_id=-1004755640016 HTTP/1.1[0m" 404 -
2025-04-02 23:24:50,380 - api.couriers.routes - INFO - Возвращаем статус курьера: {'user_id': 1682142222, 'first_name': 'Андрей', 'last_name': 'Николаевич', 'username': 'andrejnikolaevich1999', 'photo_url': 'https://api.telegram.org/file/bot7878489788:AAHupjPYeWpzVwo77F_BCR6fIA1I_P8p_Uc/photos/file_0.jpg', 'chat_id': '-1004755640016', 'is_admin': True, 'is_senior_courier': True, 'active_session': None, 'wallet': {'balance': 0, 'transactions_count': 0}, 'status': 'active'}
2025-04-02 23:24:50,381 - werkzeug - INFO - 172.19.0.8 - - [02/Apr/2025 23:24:50] "GET /couriers/1682142222/status?chat_id=-1004755640016 HTTP/1.1" 200 -
2025-04-02 23:24:50,387 - werkzeug - INFO - 172.19.0.8 - - [02/Apr/2025 23:24:50] "[33mGET /couriers/shifts?chat_id=-1004755640016 HTTP/1.1[0m" 404 -
2025-04-02 23:27:22,382 - models.database - INFO - ✅ Соединение с базой данных установлено
2025-04-02 23:27:22,383 - models.database - INFO - ✅ Таблицы успешно созданы/проверены
2025-04-02 23:27:22,383 - models.database - INFO - ✅ DatabaseService инициализирован. Подключение к базе: postgres:5432/appninjabot
2025-04-02 23:27:22,386 - data.shifts - INFO - Основной путь к файлу смен: /app/data/shifts.json
2025-04-02 23:27:22,387 - data.shifts - INFO - Альтернативный путь: /app/data/shifts.json
2025-04-02 23:27:22,387 - data.shifts - INFO - Альтернативный путь: /app/backend/data/shifts.json
2025-04-02 23:27:22,388 - data.shifts - INFO - Альтернативный путь: /app/data/shifts.json
2025-04-02 23:27:22,388 - data.shifts - INFO - Альтернативный путь: shifts.json
2025-04-02 23:27:22,752 - telegramNinjaBot.bot - INFO - Бот запущен в окружении: development
2025-04-02 23:27:22,804 - tzlocal - DEBUG - /etc/timezone found, contents:
 Etc/UTC

2025-04-02 23:27:22,804 - tzlocal - DEBUG - /etc/localtime found
2025-04-02 23:27:22,807 - tzlocal - DEBUG - 2 found:
 {'/etc/timezone': 'Etc/UTC', '/etc/localtime is a symlink to': 'Etc/UTC'}
2025-04-02 23:27:22,823 - models.scheduler_task - INFO - ✅ Таблица scheduler_tasks успешно создана или уже существует
2025-04-02 23:27:22,850 - models.scheduler_task - INFO - ✅ Таблица scheduler_tasks успешно создана или уже существует
2025-04-02 23:27:22,856 - models.scheduler_task - INFO - ✅ Таблица scheduler_tasks успешно создана или уже существует
2025-04-02 23:27:22,872 - werkzeug - INFO - [31m[1mWARNING: This is a development server. Do not use it in a production deployment. Use a production WSGI server instead.[0m
 * Running on all addresses (0.0.0.0)
 * Running on http://127.0.0.1:8000
 * Running on http://172.19.0.4:8000
2025-04-02 23:27:22,873 - werkzeug - INFO - [33mPress CTRL+C to quit[0m
2025-04-02 23:27:49,729 - werkzeug - INFO - 172.19.0.8 - - [02/Apr/2025 23:27:49] "[33mGET /reserves HTTP/1.1[0m" 404 -
2025-04-02 23:27:49,838 - werkzeug - INFO - 172.19.0.8 - - [02/Apr/2025 23:27:49] "[33mGET /reserves HTTP/1.1[0m" 404 -
2025-04-02 23:27:49,985 - api.couriers.access.routes - INFO - 📝 Запрос настроек доступа: chat_id=-1004755640016
2025-04-02 23:27:49,988 - api.couriers.routes - INFO - === Получение статуса курьера 1682142222 ===
2025-04-02 23:27:49,991 - api.couriers.routes - INFO - Chat ID из запроса: -1004755640016
2025-04-02 23:27:49,997 - services.access_settings_service - ERROR - Error saving access settings: column "updated_by" of relation "access_settings" does not exist
LINE 20:                                 updated_by
                                         ^

2025-04-02 23:27:49,998 - api.couriers.access.routes - INFO - ✅ Настройки загружены: 17 полей
2025-04-02 23:27:49,999 - werkzeug - INFO - 172.19.0.8 - - [02/Apr/2025 23:27:49] "GET /couriers/access/settings?chat_id=-1004755640016 HTTP/1.1" 200 -
2025-04-02 23:27:50,005 - api.couriers.access.routes - INFO - 📝 Запрос настроек доступа: chat_id=-1004755640016
2025-04-02 23:27:50,005 - api.couriers.routes - INFO - Возвращаем статус курьера: {'user_id': 1682142222, 'first_name': 'Андрей', 'last_name': 'Николаевич', 'username': 'andrejnikolaevich1999', 'photo_url': 'https://api.telegram.org/file/bot7878489788:AAHupjPYeWpzVwo77F_BCR6fIA1I_P8p_Uc/photos/file_0.jpg', 'chat_id': '-1004755640016', 'is_admin': True, 'is_senior_courier': True, 'active_session': None, 'wallet': {'balance': 0, 'transactions_count': 0}, 'status': 'active'}
2025-04-02 23:27:50,006 - werkzeug - INFO - 172.19.0.8 - - [02/Apr/2025 23:27:50] "GET /couriers/1682142222/status?chat_id=-1004755640016 HTTP/1.1" 200 -
2025-04-02 23:27:50,011 - api.couriers.routes - INFO - === Получение статуса курьера 1682142222 ===
2025-04-02 23:27:50,012 - api.couriers.routes - INFO - Chat ID из запроса: -1004755640016
2025-04-02 23:27:50,021 - services.access_settings_service - ERROR - Error saving access settings: column "updated_by" of relation "access_settings" does not exist
LINE 20:                                 updated_by
                                         ^

2025-04-02 23:27:50,025 - werkzeug - INFO - 172.19.0.8 - - [02/Apr/2025 23:27:50] "[33mGET /couriers/shifts?chat_id=-1004755640016 HTTP/1.1[0m" 404 -
2025-04-02 23:27:50,039 - api.couriers.routes - INFO - Возвращаем статус курьера: {'user_id': 1682142222, 'first_name': 'Андрей', 'last_name': 'Николаевич', 'username': 'andrejnikolaevich1999', 'photo_url': 'https://api.telegram.org/file/bot7878489788:AAHupjPYeWpzVwo77F_BCR6fIA1I_P8p_Uc/photos/file_0.jpg', 'chat_id': '-1004755640016', 'is_admin': True, 'is_senior_courier': True, 'active_session': None, 'wallet': {'balance': 0, 'transactions_count': 0}, 'status': 'active'}
2025-04-02 23:27:50,044 - api.couriers.access.routes - INFO - ✅ Настройки загружены: 17 полей
2025-04-02 23:27:50,045 - werkzeug - INFO - 172.19.0.8 - - [02/Apr/2025 23:27:50] "GET /couriers/1682142222/status?chat_id=-1004755640016 HTTP/1.1" 200 -
2025-04-02 23:27:50,051 - werkzeug - INFO - 172.19.0.8 - - [02/Apr/2025 23:27:50] "GET /couriers/access/settings?chat_id=-1004755640016 HTTP/1.1" 200 -
2025-04-02 23:27:50,071 - werkzeug - INFO - 172.19.0.8 - - [02/Apr/2025 23:27:50] "[33mGET /couriers/shifts?chat_id=-1004755640016 HTTP/1.1[0m" 404 -
2025-04-02 23:31:15,659 - models.database - INFO - ✅ Соединение с базой данных установлено
2025-04-02 23:31:15,660 - models.database - INFO - ✅ Таблицы успешно созданы/проверены
2025-04-02 23:31:15,661 - models.database - INFO - ✅ DatabaseService инициализирован. Подключение к базе: postgres:5432/appninjabot
2025-04-02 23:31:15,664 - data.shifts - INFO - Основной путь к файлу смен: /app/data/shifts.json
2025-04-02 23:31:15,664 - data.shifts - INFO - Альтернативный путь: /app/data/shifts.json
2025-04-02 23:31:15,665 - data.shifts - INFO - Альтернативный путь: /app/backend/data/shifts.json
2025-04-02 23:31:15,665 - data.shifts - INFO - Альтернативный путь: /app/data/shifts.json
2025-04-02 23:31:15,666 - data.shifts - INFO - Альтернативный путь: shifts.json
2025-04-02 23:31:16,099 - telegramNinjaBot.bot - INFO - Бот запущен в окружении: development
2025-04-02 23:31:16,153 - tzlocal - DEBUG - /etc/timezone found, contents:
 Etc/UTC

2025-04-02 23:31:16,153 - tzlocal - DEBUG - /etc/localtime found
2025-04-02 23:31:16,158 - tzlocal - DEBUG - 2 found:
 {'/etc/timezone': 'Etc/UTC', '/etc/localtime is a symlink to': 'Etc/UTC'}
2025-04-02 23:31:16,196 - models.scheduler_task - INFO - ✅ Таблица scheduler_tasks успешно создана или уже существует
2025-04-02 23:31:16,222 - models.scheduler_task - INFO - ✅ Таблица scheduler_tasks успешно создана или уже существует
2025-04-02 23:31:16,228 - models.scheduler_task - INFO - ✅ Таблица scheduler_tasks успешно создана или уже существует
2025-04-02 23:31:16,246 - werkzeug - INFO - [31m[1mWARNING: This is a development server. Do not use it in a production deployment. Use a production WSGI server instead.[0m
 * Running on all addresses (0.0.0.0)
 * Running on http://127.0.0.1:8000
 * Running on http://172.19.0.4:8000
2025-04-02 23:31:16,246 - werkzeug - INFO - [33mPress CTRL+C to quit[0m
2025-04-02 23:31:27,768 - werkzeug - INFO - 172.19.0.8 - - [02/Apr/2025 23:31:27] "[33mGET /reserves HTTP/1.1[0m" 404 -
2025-04-02 23:31:27,865 - werkzeug - INFO - 172.19.0.8 - - [02/Apr/2025 23:31:27] "[33mGET /reserves HTTP/1.1[0m" 404 -
2025-04-02 23:31:27,961 - werkzeug - INFO - 172.19.0.8 - - [02/Apr/2025 23:31:27] "[33mGET /couriers/access/settings?chat_id=-1004755640016 HTTP/1.1[0m" 404 -
2025-04-02 23:31:27,964 - werkzeug - INFO - 172.19.0.8 - - [02/Apr/2025 23:31:27] "[33mGET /couriers/1682142222/status?chat_id=-1004755640016 HTTP/1.1[0m" 404 -
2025-04-02 23:31:27,974 - werkzeug - INFO - 172.19.0.8 - - [02/Apr/2025 23:31:27] "[33mGET /couriers/access/settings?chat_id=-1004755640016 HTTP/1.1[0m" 404 -
2025-04-02 23:31:27,976 - werkzeug - INFO - 172.19.0.8 - - [02/Apr/2025 23:31:27] "[33mGET /couriers/1682142222/status?chat_id=-1004755640016 HTTP/1.1[0m" 404 -
2025-04-02 23:33:14,625 - models.database - INFO - ✅ Соединение с базой данных установлено
2025-04-02 23:33:14,626 - models.database - INFO - ✅ Таблицы успешно созданы/проверены
2025-04-02 23:33:14,628 - models.database - INFO - ✅ DatabaseService инициализирован. Подключение к базе: postgres:5432/appninjabot
2025-04-02 23:33:14,632 - data.shifts - INFO - Основной путь к файлу смен: /app/data/shifts.json
2025-04-02 23:33:14,632 - data.shifts - INFO - Альтернативный путь: /app/data/shifts.json
2025-04-02 23:33:14,633 - data.shifts - INFO - Альтернативный путь: /app/backend/data/shifts.json
2025-04-02 23:33:14,635 - data.shifts - INFO - Альтернативный путь: /app/data/shifts.json
2025-04-02 23:33:14,635 - data.shifts - INFO - Альтернативный путь: shifts.json
2025-04-02 23:33:15,002 - telegramNinjaBot.bot - INFO - Бот запущен в окружении: development
2025-04-02 23:33:15,042 - tzlocal - DEBUG - /etc/timezone found, contents:
 Etc/UTC

2025-04-02 23:33:15,042 - tzlocal - DEBUG - /etc/localtime found
2025-04-02 23:33:15,045 - tzlocal - DEBUG - 2 found:
 {'/etc/timezone': 'Etc/UTC', '/etc/localtime is a symlink to': 'Etc/UTC'}
2025-04-02 23:33:15,057 - models.scheduler_task - INFO - ✅ Таблица scheduler_tasks успешно создана или уже существует
2025-04-02 23:33:15,083 - models.scheduler_task - INFO - ✅ Таблица scheduler_tasks успешно создана или уже существует
2025-04-02 23:33:15,090 - models.scheduler_task - INFO - ✅ Таблица scheduler_tasks успешно создана или уже существует
2025-04-02 23:33:15,110 - werkzeug - INFO - [31m[1mWARNING: This is a development server. Do not use it in a production deployment. Use a production WSGI server instead.[0m
 * Running on all addresses (0.0.0.0)
 * Running on http://127.0.0.1:8000
 * Running on http://172.19.0.4:8000
2025-04-02 23:33:15,111 - werkzeug - INFO - [33mPress CTRL+C to quit[0m
2025-04-02 23:33:20,582 - werkzeug - INFO - 172.19.0.8 - - [02/Apr/2025 23:33:20] "[33mGET /reserves HTTP/1.1[0m" 404 -
2025-04-02 23:33:20,708 - werkzeug - INFO - 172.19.0.8 - - [02/Apr/2025 23:33:20] "[33mGET /reserves HTTP/1.1[0m" 404 -
2025-04-02 23:33:20,837 - werkzeug - INFO - 172.19.0.8 - - [02/Apr/2025 23:33:20] "[33mGET /couriers/access/settings?chat_id=-1004755640016 HTTP/1.1[0m" 404 -
2025-04-02 23:33:20,842 - werkzeug - INFO - 172.19.0.8 - - [02/Apr/2025 23:33:20] "[33mGET /couriers/1682142222/status?chat_id=-1004755640016 HTTP/1.1[0m" 404 -
2025-04-02 23:33:20,878 - werkzeug - INFO - 172.19.0.8 - - [02/Apr/2025 23:33:20] "[33mGET /couriers/1682142222/status?chat_id=-1004755640016 HTTP/1.1[0m" 404 -
2025-04-02 23:33:20,879 - werkzeug - INFO - 172.19.0.8 - - [02/Apr/2025 23:33:20] "[33mGET /couriers/access/settings?chat_id=-1004755640016 HTTP/1.1[0m" 404 -
2025-04-02 23:35:16,035 - models.database - INFO - ✅ Соединение с базой данных установлено
2025-04-02 23:35:16,036 - models.database - INFO - ✅ Таблицы успешно созданы/проверены
2025-04-02 23:35:16,037 - models.database - INFO - ✅ DatabaseService инициализирован. Подключение к базе: postgres:5432/appninjabot
2025-04-02 23:35:16,040 - data.shifts - INFO - Основной путь к файлу смен: /app/data/shifts.json
2025-04-02 23:35:16,040 - data.shifts - INFO - Альтернативный путь: /app/data/shifts.json
2025-04-02 23:35:16,041 - data.shifts - INFO - Альтернативный путь: /app/backend/data/shifts.json
2025-04-02 23:35:16,041 - data.shifts - INFO - Альтернативный путь: /app/data/shifts.json
2025-04-02 23:35:16,042 - data.shifts - INFO - Альтернативный путь: shifts.json
2025-04-02 23:35:16,379 - telegramNinjaBot.bot - INFO - Бот запущен в окружении: development
2025-04-02 23:35:16,427 - tzlocal - DEBUG - /etc/timezone found, contents:
 Etc/UTC

2025-04-02 23:35:16,428 - tzlocal - DEBUG - /etc/localtime found
2025-04-02 23:35:16,430 - tzlocal - DEBUG - 2 found:
 {'/etc/timezone': 'Etc/UTC', '/etc/localtime is a symlink to': 'Etc/UTC'}
2025-04-02 23:35:16,442 - models.scheduler_task - INFO - ✅ Таблица scheduler_tasks успешно создана или уже существует
2025-04-02 23:35:16,469 - models.scheduler_task - INFO - ✅ Таблица scheduler_tasks успешно создана или уже существует
2025-04-02 23:35:16,475 - models.scheduler_task - INFO - ✅ Таблица scheduler_tasks успешно создана или уже существует
2025-04-02 23:35:16,492 - werkzeug - INFO - [31m[1mWARNING: This is a development server. Do not use it in a production deployment. Use a production WSGI server instead.[0m
 * Running on all addresses (0.0.0.0)
 * Running on http://127.0.0.1:8000
 * Running on http://172.19.0.4:8000
2025-04-02 23:35:16,493 - werkzeug - INFO - [33mPress CTRL+C to quit[0m
2025-04-02 23:35:30,505 - werkzeug - INFO - 172.19.0.8 - - [02/Apr/2025 23:35:30] "[33mGET /reserves HTTP/1.1[0m" 404 -
2025-04-02 23:35:30,608 - werkzeug - INFO - 172.19.0.8 - - [02/Apr/2025 23:35:30] "[33mGET /reserves HTTP/1.1[0m" 404 -
2025-04-02 23:35:30,705 - werkzeug - INFO - 172.19.0.8 - - [02/Apr/2025 23:35:30] "[33mGET /couriers/access/settings?chat_id=-1004755640016 HTTP/1.1[0m" 404 -
2025-04-02 23:35:30,707 - werkzeug - INFO - 172.19.0.8 - - [02/Apr/2025 23:35:30] "[33mGET /couriers/1682142222/status?chat_id=-1004755640016 HTTP/1.1[0m" 404 -
2025-04-02 23:35:30,714 - werkzeug - INFO - 172.19.0.8 - - [02/Apr/2025 23:35:30] "[33mGET /couriers/access/settings?chat_id=-1004755640016 HTTP/1.1[0m" 404 -
2025-04-02 23:35:30,715 - werkzeug - INFO - 172.19.0.8 - - [02/Apr/2025 23:35:30] "[33mGET /couriers/1682142222/status?chat_id=-1004755640016 HTTP/1.1[0m" 404 -
2025-04-02 23:39:54,748 - models.database - INFO - ✅ Соединение с базой данных установлено
2025-04-02 23:39:54,749 - models.database - INFO - ✅ Таблицы успешно созданы/проверены
2025-04-02 23:39:54,750 - models.database - INFO - ✅ DatabaseService инициализирован. Подключение к базе: postgres:5432/appninjabot
2025-04-02 23:39:54,753 - data.shifts - INFO - Основной путь к файлу смен: /app/data/shifts.json
2025-04-02 23:39:54,754 - data.shifts - INFO - Альтернативный путь: /app/data/shifts.json
2025-04-02 23:39:54,754 - data.shifts - INFO - Альтернативный путь: /app/backend/data/shifts.json
2025-04-02 23:39:54,755 - data.shifts - INFO - Альтернативный путь: /app/data/shifts.json
2025-04-02 23:39:54,756 - data.shifts - INFO - Альтернативный путь: shifts.json
2025-04-02 23:39:55,174 - telegramNinjaBot.bot - INFO - Бот запущен в окружении: development
2025-04-02 23:39:55,235 - tzlocal - DEBUG - /etc/timezone found, contents:
 Etc/UTC

2025-04-02 23:39:55,235 - tzlocal - DEBUG - /etc/localtime found
2025-04-02 23:39:55,239 - tzlocal - DEBUG - 2 found:
 {'/etc/timezone': 'Etc/UTC', '/etc/localtime is a symlink to': 'Etc/UTC'}
2025-04-02 23:39:55,279 - models.scheduler_task - INFO - ✅ Таблица scheduler_tasks успешно создана или уже существует
2025-04-02 23:39:55,307 - models.scheduler_task - INFO - ✅ Таблица scheduler_tasks успешно создана или уже существует
2025-04-02 23:39:55,314 - models.scheduler_task - INFO - ✅ Таблица scheduler_tasks успешно создана или уже существует
2025-04-02 23:39:55,336 - werkzeug - INFO - [31m[1mWARNING: This is a development server. Do not use it in a production deployment. Use a production WSGI server instead.[0m
 * Running on all addresses (0.0.0.0)
 * Running on http://127.0.0.1:8000
 * Running on http://172.19.0.4:8000
2025-04-02 23:39:55,336 - werkzeug - INFO - [33mPress CTRL+C to quit[0m
2025-04-02 23:40:06,914 - werkzeug - INFO - 172.19.0.8 - - [02/Apr/2025 23:40:06] "[33mGET /reserves HTTP/1.1[0m" 404 -
2025-04-02 23:40:07,037 - werkzeug - INFO - 172.19.0.8 - - [02/Apr/2025 23:40:07] "[33mGET /reserves HTTP/1.1[0m" 404 -
2025-04-02 23:40:07,163 - werkzeug - INFO - 172.19.0.8 - - [02/Apr/2025 23:40:07] "[33mGET /couriers/access/settings?chat_id=-1004755640016 HTTP/1.1[0m" 404 -
2025-04-02 23:40:07,169 - werkzeug - INFO - 172.19.0.8 - - [02/Apr/2025 23:40:07] "[33mGET /couriers/1682142222/status?chat_id=-1004755640016 HTTP/1.1[0m" 404 -
2025-04-02 23:40:07,170 - werkzeug - INFO - 172.19.0.8 - - [02/Apr/2025 23:40:07] "[33mGET /couriers/access/settings?chat_id=-1004755640016 HTTP/1.1[0m" 404 -
2025-04-02 23:40:07,187 - werkzeug - INFO - 172.19.0.8 - - [02/Apr/2025 23:40:07] "[33mGET /couriers/1682142222/status?chat_id=-1004755640016 HTTP/1.1[0m" 404 -
2025-04-02 23:40:56,476 - models.database - INFO - ✅ Соединение с базой данных установлено
2025-04-02 23:40:56,477 - models.database - INFO - ✅ Таблицы успешно созданы/проверены
2025-04-02 23:40:56,477 - models.database - INFO - ✅ DatabaseService инициализирован. Подключение к базе: postgres:5432/appninjabot
2025-04-02 23:40:56,481 - data.shifts - INFO - Основной путь к файлу смен: /app/data/shifts.json
2025-04-02 23:40:56,481 - data.shifts - INFO - Альтернативный путь: /app/data/shifts.json
2025-04-02 23:40:56,482 - data.shifts - INFO - Альтернативный путь: /app/backend/data/shifts.json
2025-04-02 23:40:56,482 - data.shifts - INFO - Альтернативный путь: /app/data/shifts.json
2025-04-02 23:40:56,483 - data.shifts - INFO - Альтернативный путь: shifts.json
2025-04-02 23:40:56,899 - telegramNinjaBot.bot - INFO - Бот запущен в окружении: development
2025-04-02 23:40:56,950 - tzlocal - DEBUG - /etc/timezone found, contents:
 Etc/UTC

2025-04-02 23:40:56,950 - tzlocal - DEBUG - /etc/localtime found
2025-04-02 23:40:56,953 - tzlocal - DEBUG - 2 found:
 {'/etc/timezone': 'Etc/UTC', '/etc/localtime is a symlink to': 'Etc/UTC'}
2025-04-02 23:40:56,986 - models.scheduler_task - INFO - ✅ Таблица scheduler_tasks успешно создана или уже существует
2025-04-02 23:40:57,010 - models.scheduler_task - INFO - ✅ Таблица scheduler_tasks успешно создана или уже существует
2025-04-02 23:40:57,017 - models.scheduler_task - INFO - ✅ Таблица scheduler_tasks успешно создана или уже существует
2025-04-02 23:40:57,046 - werkzeug - INFO - [31m[1mWARNING: This is a development server. Do not use it in a production deployment. Use a production WSGI server instead.[0m
 * Running on all addresses (0.0.0.0)
 * Running on http://127.0.0.1:8000
 * Running on http://172.19.0.4:8000
2025-04-02 23:40:57,047 - werkzeug - INFO - [33mPress CTRL+C to quit[0m
2025-04-02 23:43:49,068 - models.database - INFO - ✅ Соединение с базой данных установлено
2025-04-02 23:43:49,069 - models.database - INFO - ✅ Таблицы успешно созданы/проверены
2025-04-02 23:43:49,070 - models.database - INFO - ✅ DatabaseService инициализирован. Подключение к базе: postgres:5432/appninjabot
2025-04-02 23:43:49,073 - data.shifts - INFO - Основной путь к файлу смен: /app/data/shifts.json
2025-04-02 23:43:49,073 - data.shifts - INFO - Альтернативный путь: /app/data/shifts.json
2025-04-02 23:43:49,074 - data.shifts - INFO - Альтернативный путь: /app/backend/data/shifts.json
2025-04-02 23:43:49,074 - data.shifts - INFO - Альтернативный путь: /app/data/shifts.json
2025-04-02 23:43:49,075 - data.shifts - INFO - Альтернативный путь: shifts.json
2025-04-02 23:43:49,450 - telegramNinjaBot.bot - INFO - Бот запущен в окружении: development
2025-04-02 23:43:49,489 - tzlocal - DEBUG - /etc/timezone found, contents:
 Etc/UTC

2025-04-02 23:43:49,490 - tzlocal - DEBUG - /etc/localtime found
2025-04-02 23:43:49,492 - tzlocal - DEBUG - 2 found:
 {'/etc/timezone': 'Etc/UTC', '/etc/localtime is a symlink to': 'Etc/UTC'}
2025-04-02 23:43:49,505 - models.scheduler_task - INFO - ✅ Таблица scheduler_tasks успешно создана или уже существует
2025-04-02 23:43:49,530 - models.scheduler_task - INFO - ✅ Таблица scheduler_tasks успешно создана или уже существует
2025-04-02 23:43:49,536 - models.scheduler_task - INFO - ✅ Таблица scheduler_tasks успешно создана или уже существует
2025-04-02 23:43:49,554 - werkzeug - INFO - [31m[1mWARNING: This is a development server. Do not use it in a production deployment. Use a production WSGI server instead.[0m
 * Running on all addresses (0.0.0.0)
 * Running on http://127.0.0.1:8000
 * Running on http://172.19.0.4:8000
2025-04-02 23:43:49,555 - werkzeug - INFO - [33mPress CTRL+C to quit[0m
2025-04-02 23:44:13,534 - __main__ - INFO - Получен запрос: GET /api/reserves
2025-04-02 23:44:13,535 - __main__ - INFO - Заголовки: {'Host': 'localhost', 'X-Real-Ip': '172.19.0.1', 'X-Forwarded-For': '172.19.0.1', 'X-Forwarded-Proto': 'http', 'X-Forwarded-Host': 'localhost', 'X-Original-Uri': '/api/reserves', 'Connection': 'close', 'Sec-Ch-Ua-Platform': '"Windows"', 'User-Agent': 'Mozilla/5.0 (Windows NT 10.0; Win64; x64) AppleWebKit/537.36 (KHTML, like Gecko) Chrome/134.0.0.0 Safari/537.36', 'Sec-Ch-Ua': '"Chromium";v="134", "Not:A-Brand";v="24", "Google Chrome";v="134"', 'Sec-Ch-Ua-Mobile': '?0', 'Accept': '*/*', 'Origin': 'http://localhost:3000', 'Sec-Fetch-Site': 'same-site', 'Sec-Fetch-Mode': 'cors', 'Sec-Fetch-Dest': 'empty', 'Referer': 'http://localhost:3000/', 'Accept-Encoding': 'gzip, deflate, br, zstd', 'Accept-Language': 'ru-RU,ru;q=0.9,en-RU;q=0.8,en;q=0.7,en-US;q=0.6'}
2025-04-02 23:44:13,537 - werkzeug - INFO - 172.19.0.8 - - [02/Apr/2025 23:44:13] "[33mGET /api/reserves HTTP/1.1[0m" 404 -
2025-04-02 23:44:13,656 - __main__ - INFO - Получен запрос: GET /api/reserves
2025-04-02 23:44:13,656 - __main__ - INFO - Заголовки: {'Host': 'localhost', 'X-Real-Ip': '172.19.0.1', 'X-Forwarded-For': '172.19.0.1', 'X-Forwarded-Proto': 'http', 'X-Forwarded-Host': 'localhost', 'X-Original-Uri': '/api/reserves', 'Connection': 'close', 'Sec-Ch-Ua-Platform': '"Windows"', 'User-Agent': 'Mozilla/5.0 (Windows NT 10.0; Win64; x64) AppleWebKit/537.36 (KHTML, like Gecko) Chrome/134.0.0.0 Safari/537.36', 'Sec-Ch-Ua': '"Chromium";v="134", "Not:A-Brand";v="24", "Google Chrome";v="134"', 'Sec-Ch-Ua-Mobile': '?0', 'Accept': '*/*', 'Origin': 'http://localhost:3000', 'Sec-Fetch-Site': 'same-site', 'Sec-Fetch-Mode': 'cors', 'Sec-Fetch-Dest': 'empty', 'Referer': 'http://localhost:3000/', 'Accept-Encoding': 'gzip, deflate, br, zstd', 'Accept-Language': 'ru-RU,ru;q=0.9,en-RU;q=0.8,en;q=0.7,en-US;q=0.6'}
2025-04-02 23:44:13,658 - werkzeug - INFO - 172.19.0.8 - - [02/Apr/2025 23:44:13] "[33mGET /api/reserves HTTP/1.1[0m" 404 -
2025-04-02 23:44:13,802 - __main__ - INFO - Получен запрос: GET /api/couriers/access/settings
2025-04-02 23:44:13,802 - __main__ - INFO - Заголовки: {'Host': 'localhost', 'X-Real-Ip': '172.19.0.1', 'X-Forwarded-For': '172.19.0.1', 'X-Forwarded-Proto': 'http', 'X-Forwarded-Host': 'localhost', 'X-Original-Uri': '/api/couriers/access/settings?chat_id=-1004755640016', 'Connection': 'close', 'Sec-Ch-Ua-Platform': '"Windows"', 'User-Agent': 'Mozilla/5.0 (Windows NT 10.0; Win64; x64) AppleWebKit/537.36 (KHTML, like Gecko) Chrome/134.0.0.0 Safari/537.36', 'Sec-Ch-Ua': '"Chromium";v="134", "Not:A-Brand";v="24", "Google Chrome";v="134"', 'Sec-Ch-Ua-Mobile': '?0', 'Accept': '*/*', 'Origin': 'http://localhost:3000', 'Sec-Fetch-Site': 'same-site', 'Sec-Fetch-Mode': 'cors', 'Sec-Fetch-Dest': 'empty', 'Referer': 'http://localhost:3000/', 'Accept-Encoding': 'gzip, deflate, br, zstd', 'Accept-Language': 'ru-RU,ru;q=0.9,en-RU;q=0.8,en;q=0.7,en-US;q=0.6'}
2025-04-02 23:44:13,807 - api.couriers.access.routes - INFO - 📝 Запрос настроек доступа: chat_id=-1004755640016
2025-04-02 23:44:13,809 - __main__ - INFO - Получен запрос: GET /api/couriers/1682142222/status
2025-04-02 23:44:13,810 - __main__ - INFO - Заголовки: {'Host': 'localhost', 'X-Real-Ip': '172.19.0.1', 'X-Forwarded-For': '172.19.0.1', 'X-Forwarded-Proto': 'http', 'X-Forwarded-Host': 'localhost', 'X-Original-Uri': '/api/couriers/1682142222/status?chat_id=-1004755640016', 'Connection': 'close', 'Sec-Ch-Ua-Platform': '"Windows"', 'User-Agent': 'Mozilla/5.0 (Windows NT 10.0; Win64; x64) AppleWebKit/537.36 (KHTML, like Gecko) Chrome/134.0.0.0 Safari/537.36', 'Accept': 'application/json, text/plain, */*', 'Sec-Ch-Ua': '"Chromium";v="134", "Not:A-Brand";v="24", "Google Chrome";v="134"', 'Sec-Ch-Ua-Mobile': '?0', 'Origin': 'http://localhost:3000', 'Sec-Fetch-Site': 'same-site', 'Sec-Fetch-Mode': 'cors', 'Sec-Fetch-Dest': 'empty', 'Referer': 'http://localhost:3000/', 'Accept-Encoding': 'gzip, deflate, br, zstd', 'Accept-Language': 'ru-RU,ru;q=0.9,en-RU;q=0.8,en;q=0.7,en-US;q=0.6'}
2025-04-02 23:44:13,811 - api.couriers.routes - INFO - === Получение статуса курьера 1682142222 ===
2025-04-02 23:44:13,812 - api.couriers.routes - INFO - Chat ID из запроса: -1004755640016
2025-04-02 23:44:13,830 - api.couriers.routes - INFO - Возвращаем статус курьера: {'user_id': 1682142222, 'first_name': 'Андрей', 'last_name': 'Николаевич', 'username': 'andrejnikolaevich1999', 'photo_url': 'https://api.telegram.org/file/bot7878489788:AAHupjPYeWpzVwo77F_BCR6fIA1I_P8p_Uc/photos/file_0.jpg', 'chat_id': '-1004755640016', 'is_admin': True, 'is_senior_courier': True, 'active_session': None, 'wallet': {'balance': 0, 'transactions_count': 0}, 'status': 'active'}
2025-04-02 23:44:13,836 - services.access_settings_service - ERROR - Error saving access settings: column "updated_by" of relation "access_settings" does not exist
LINE 20:                                 updated_by
                                         ^

2025-04-02 23:44:13,849 - werkzeug - INFO - 172.19.0.8 - - [02/Apr/2025 23:44:13] "GET /api/couriers/1682142222/status?chat_id=-1004755640016 HTTP/1.1" 200 -
2025-04-02 23:44:13,863 - api.couriers.access.routes - INFO - ✅ Настройки загружены: 17 полей
2025-04-02 23:44:13,871 - werkzeug - INFO - 172.19.0.8 - - [02/Apr/2025 23:44:13] "GET /api/couriers/access/settings?chat_id=-1004755640016 HTTP/1.1" 200 -
2025-04-02 23:44:13,898 - __main__ - INFO - Получен запрос: GET /api/couriers/access/settings
2025-04-02 23:44:13,899 - __main__ - INFO - Получен запрос: GET /api/couriers/1682142222/status
2025-04-02 23:44:13,900 - __main__ - INFO - Заголовки: {'Host': 'localhost', 'X-Real-Ip': '172.19.0.1', 'X-Forwarded-For': '172.19.0.1', 'X-Forwarded-Proto': 'http', 'X-Forwarded-Host': 'localhost', 'X-Original-Uri': '/api/couriers/access/settings?chat_id=-1004755640016', 'Connection': 'close', 'Sec-Ch-Ua-Platform': '"Windows"', 'User-Agent': 'Mozilla/5.0 (Windows NT 10.0; Win64; x64) AppleWebKit/537.36 (KHTML, like Gecko) Chrome/134.0.0.0 Safari/537.36', 'Sec-Ch-Ua': '"Chromium";v="134", "Not:A-Brand";v="24", "Google Chrome";v="134"', 'Sec-Ch-Ua-Mobile': '?0', 'Accept': '*/*', 'Origin': 'http://localhost:3000', 'Sec-Fetch-Site': 'same-site', 'Sec-Fetch-Mode': 'cors', 'Sec-Fetch-Dest': 'empty', 'Referer': 'http://localhost:3000/', 'Accept-Encoding': 'gzip, deflate, br, zstd', 'Accept-Language': 'ru-RU,ru;q=0.9,en-RU;q=0.8,en;q=0.7,en-US;q=0.6'}
2025-04-02 23:44:13,901 - __main__ - INFO - Получен запрос: GET /api/couriers/shifts
2025-04-02 23:44:13,901 - __main__ - INFO - Заголовки: {'Host': 'localhost', 'X-Real-Ip': '172.19.0.1', 'X-Forwarded-For': '172.19.0.1', 'X-Forwarded-Proto': 'http', 'X-Forwarded-Host': 'localhost', 'X-Original-Uri': '/api/couriers/1682142222/status?chat_id=-1004755640016', 'Connection': 'close', 'Sec-Ch-Ua-Platform': '"Windows"', 'User-Agent': 'Mozilla/5.0 (Windows NT 10.0; Win64; x64) AppleWebKit/537.36 (KHTML, like Gecko) Chrome/134.0.0.0 Safari/537.36', 'Accept': 'application/json, text/plain, */*', 'Sec-Ch-Ua': '"Chromium";v="134", "Not:A-Brand";v="24", "Google Chrome";v="134"', 'Sec-Ch-Ua-Mobile': '?0', 'Origin': 'http://localhost:3000', 'Sec-Fetch-Site': 'same-site', 'Sec-Fetch-Mode': 'cors', 'Sec-Fetch-Dest': 'empty', 'Referer': 'http://localhost:3000/', 'Accept-Encoding': 'gzip, deflate, br, zstd', 'Accept-Language': 'ru-RU,ru;q=0.9,en-RU;q=0.8,en;q=0.7,en-US;q=0.6'}
2025-04-02 23:44:13,902 - api.couriers.access.routes - INFO - 📝 Запрос настроек доступа: chat_id=-1004755640016
2025-04-02 23:44:13,904 - __main__ - INFO - Заголовки: {'Host': 'localhost', 'X-Real-Ip': '172.19.0.1', 'X-Forwarded-For': '172.19.0.1', 'X-Forwarded-Proto': 'http', 'X-Forwarded-Host': 'localhost', 'X-Original-Uri': '/api/couriers/shifts?chat_id=-1004755640016', 'Connection': 'close', 'Sec-Ch-Ua-Platform': '"Windows"', 'User-Agent': 'Mozilla/5.0 (Windows NT 10.0; Win64; x64) AppleWebKit/537.36 (KHTML, like Gecko) Chrome/134.0.0.0 Safari/537.36', 'Sec-Ch-Ua': '"Chromium";v="134", "Not:A-Brand";v="24", "Google Chrome";v="134"', 'Sec-Ch-Ua-Mobile': '?0', 'Accept': '*/*', 'Origin': 'http://localhost:3000', 'Sec-Fetch-Site': 'same-site', 'Sec-Fetch-Mode': 'cors', 'Sec-Fetch-Dest': 'empty', 'Referer': 'http://localhost:3000/', 'Accept-Encoding': 'gzip, deflate, br, zstd', 'Accept-Language': 'ru-RU,ru;q=0.9,en-RU;q=0.8,en;q=0.7,en-US;q=0.6'}
2025-04-02 23:44:13,912 - werkzeug - INFO - 172.19.0.8 - - [02/Apr/2025 23:44:13] "[33mGET /api/couriers/shifts?chat_id=-1004755640016 HTTP/1.1[0m" 404 -
2025-04-02 23:44:13,907 - api.couriers.routes - INFO - === Получение статуса курьера 1682142222 ===
2025-04-02 23:44:13,917 - api.couriers.routes - INFO - Chat ID из запроса: -1004755640016
2025-04-02 23:44:13,931 - services.access_settings_service - ERROR - Error saving access settings: column "updated_by" of relation "access_settings" does not exist
LINE 20:                                 updated_by
                                         ^

2025-04-02 23:44:13,935 - api.couriers.access.routes - INFO - ✅ Настройки загружены: 17 полей
2025-04-02 23:44:13,936 - werkzeug - INFO - 172.19.0.8 - - [02/Apr/2025 23:44:13] "GET /api/couriers/access/settings?chat_id=-1004755640016 HTTP/1.1" 200 -
2025-04-02 23:44:13,945 - api.couriers.routes - INFO - Возвращаем статус курьера: {'user_id': 1682142222, 'first_name': 'Андрей', 'last_name': 'Николаевич', 'username': 'andrejnikolaevich1999', 'photo_url': 'https://api.telegram.org/file/bot7878489788:AAHupjPYeWpzVwo77F_BCR6fIA1I_P8p_Uc/photos/file_0.jpg', 'chat_id': '-1004755640016', 'is_admin': True, 'is_senior_courier': True, 'active_session': None, 'wallet': {'balance': 0, 'transactions_count': 0}, 'status': 'active'}
2025-04-02 23:44:13,946 - werkzeug - INFO - 172.19.0.8 - - [02/Apr/2025 23:44:13] "GET /api/couriers/1682142222/status?chat_id=-1004755640016 HTTP/1.1" 200 -
2025-04-02 23:44:13,955 - __main__ - INFO - Получен запрос: GET /api/couriers/shifts
2025-04-02 23:44:13,956 - __main__ - INFO - Заголовки: {'Host': 'localhost', 'X-Real-Ip': '172.19.0.1', 'X-Forwarded-For': '172.19.0.1', 'X-Forwarded-Proto': 'http', 'X-Forwarded-Host': 'localhost', 'X-Original-Uri': '/api/couriers/shifts?chat_id=-1004755640016', 'Connection': 'close', 'Sec-Ch-Ua-Platform': '"Windows"', 'User-Agent': 'Mozilla/5.0 (Windows NT 10.0; Win64; x64) AppleWebKit/537.36 (KHTML, like Gecko) Chrome/134.0.0.0 Safari/537.36', 'Sec-Ch-Ua': '"Chromium";v="134", "Not:A-Brand";v="24", "Google Chrome";v="134"', 'Sec-Ch-Ua-Mobile': '?0', 'Accept': '*/*', 'Origin': 'http://localhost:3000', 'Sec-Fetch-Site': 'same-site', 'Sec-Fetch-Mode': 'cors', 'Sec-Fetch-Dest': 'empty', 'Referer': 'http://localhost:3000/', 'Accept-Encoding': 'gzip, deflate, br, zstd', 'Accept-Language': 'ru-RU,ru;q=0.9,en-RU;q=0.8,en;q=0.7,en-US;q=0.6'}
2025-04-02 23:44:13,958 - werkzeug - INFO - 172.19.0.8 - - [02/Apr/2025 23:44:13] "[33mGET /api/couriers/shifts?chat_id=-1004755640016 HTTP/1.1[0m" 404 -
2025-04-02 23:45:03,662 - __main__ - INFO - Получен запрос: GET /api/reserves
2025-04-02 23:45:03,663 - __main__ - INFO - Заголовки: {'Host': 'localhost', 'X-Real-Ip': '172.19.0.1', 'X-Forwarded-For': '172.19.0.1', 'X-Forwarded-Proto': 'http', 'X-Forwarded-Host': 'localhost', 'X-Original-Uri': '/api/reserves', 'Connection': 'close', 'Sec-Ch-Ua-Platform': '"Windows"', 'User-Agent': 'Mozilla/5.0 (Windows NT 10.0; Win64; x64) AppleWebKit/537.36 (KHTML, like Gecko) Chrome/134.0.0.0 Safari/537.36', 'Sec-Ch-Ua': '"Chromium";v="134", "Not:A-Brand";v="24", "Google Chrome";v="134"', 'Sec-Ch-Ua-Mobile': '?0', 'Accept': '*/*', 'Origin': 'http://localhost:3000', 'Sec-Fetch-Site': 'same-site', 'Sec-Fetch-Mode': 'cors', 'Sec-Fetch-Dest': 'empty', 'Referer': 'http://localhost:3000/', 'Accept-Encoding': 'gzip, deflate, br, zstd', 'Accept-Language': 'ru-RU,ru;q=0.9,en-RU;q=0.8,en;q=0.7,en-US;q=0.6'}
2025-04-02 23:45:03,664 - werkzeug - INFO - 172.19.0.8 - - [02/Apr/2025 23:45:03] "[33mGET /api/reserves HTTP/1.1[0m" 404 -
2025-04-02 23:45:03,761 - __main__ - INFO - Получен запрос: GET /api/reserves
2025-04-02 23:45:03,762 - __main__ - INFO - Заголовки: {'Host': 'localhost', 'X-Real-Ip': '172.19.0.1', 'X-Forwarded-For': '172.19.0.1', 'X-Forwarded-Proto': 'http', 'X-Forwarded-Host': 'localhost', 'X-Original-Uri': '/api/reserves', 'Connection': 'close', 'Sec-Ch-Ua-Platform': '"Windows"', 'User-Agent': 'Mozilla/5.0 (Windows NT 10.0; Win64; x64) AppleWebKit/537.36 (KHTML, like Gecko) Chrome/134.0.0.0 Safari/537.36', 'Sec-Ch-Ua': '"Chromium";v="134", "Not:A-Brand";v="24", "Google Chrome";v="134"', 'Sec-Ch-Ua-Mobile': '?0', 'Accept': '*/*', 'Origin': 'http://localhost:3000', 'Sec-Fetch-Site': 'same-site', 'Sec-Fetch-Mode': 'cors', 'Sec-Fetch-Dest': 'empty', 'Referer': 'http://localhost:3000/', 'Accept-Encoding': 'gzip, deflate, br, zstd', 'Accept-Language': 'ru-RU,ru;q=0.9,en-RU;q=0.8,en;q=0.7,en-US;q=0.6'}
2025-04-02 23:45:03,763 - werkzeug - INFO - 172.19.0.8 - - [02/Apr/2025 23:45:03] "[33mGET /api/reserves HTTP/1.1[0m" 404 -
2025-04-02 23:45:03,912 - __main__ - INFO - Получен запрос: GET /api/couriers/access/settings
2025-04-02 23:45:03,913 - __main__ - INFO - Заголовки: {'Host': 'localhost', 'X-Real-Ip': '172.19.0.1', 'X-Forwarded-For': '172.19.0.1', 'X-Forwarded-Proto': 'http', 'X-Forwarded-Host': 'localhost', 'X-Original-Uri': '/api/couriers/access/settings?chat_id=-1004755640016', 'Connection': 'close', 'Sec-Ch-Ua-Platform': '"Windows"', 'User-Agent': 'Mozilla/5.0 (Windows NT 10.0; Win64; x64) AppleWebKit/537.36 (KHTML, like Gecko) Chrome/134.0.0.0 Safari/537.36', 'Sec-Ch-Ua': '"Chromium";v="134", "Not:A-Brand";v="24", "Google Chrome";v="134"', 'Sec-Ch-Ua-Mobile': '?0', 'Accept': '*/*', 'Origin': 'http://localhost:3000', 'Sec-Fetch-Site': 'same-site', 'Sec-Fetch-Mode': 'cors', 'Sec-Fetch-Dest': 'empty', 'Referer': 'http://localhost:3000/', 'Accept-Encoding': 'gzip, deflate, br, zstd', 'Accept-Language': 'ru-RU,ru;q=0.9,en-RU;q=0.8,en;q=0.7,en-US;q=0.6'}
2025-04-02 23:45:03,915 - api.couriers.access.routes - INFO - 📝 Запрос настроек доступа: chat_id=-1004755640016
2025-04-02 23:45:03,918 - __main__ - INFO - Получен запрос: GET /api/couriers/1682142222/status
2025-04-02 23:45:03,919 - __main__ - INFO - Заголовки: {'Host': 'localhost', 'X-Real-Ip': '172.19.0.1', 'X-Forwarded-For': '172.19.0.1', 'X-Forwarded-Proto': 'http', 'X-Forwarded-Host': 'localhost', 'X-Original-Uri': '/api/couriers/1682142222/status?chat_id=-1004755640016', 'Connection': 'close', 'Sec-Ch-Ua-Platform': '"Windows"', 'User-Agent': 'Mozilla/5.0 (Windows NT 10.0; Win64; x64) AppleWebKit/537.36 (KHTML, like Gecko) Chrome/134.0.0.0 Safari/537.36', 'Accept': 'application/json, text/plain, */*', 'Sec-Ch-Ua': '"Chromium";v="134", "Not:A-Brand";v="24", "Google Chrome";v="134"', 'Sec-Ch-Ua-Mobile': '?0', 'Origin': 'http://localhost:3000', 'Sec-Fetch-Site': 'same-site', 'Sec-Fetch-Mode': 'cors', 'Sec-Fetch-Dest': 'empty', 'Referer': 'http://localhost:3000/', 'Accept-Encoding': 'gzip, deflate, br, zstd', 'Accept-Language': 'ru-RU,ru;q=0.9,en-RU;q=0.8,en;q=0.7,en-US;q=0.6'}
2025-04-02 23:45:03,920 - api.couriers.routes - INFO - === Получение статуса курьера 1682142222 ===
2025-04-02 23:45:03,920 - api.couriers.routes - INFO - Chat ID из запроса: -1004755640016
2025-04-02 23:45:03,922 - services.access_settings_service - ERROR - Error saving access settings: column "updated_by" of relation "access_settings" does not exist
LINE 20:                                 updated_by
                                         ^

2025-04-02 23:45:03,925 - api.couriers.access.routes - INFO - ✅ Настройки загружены: 17 полей
2025-04-02 23:45:03,928 - werkzeug - INFO - 172.19.0.8 - - [02/Apr/2025 23:45:03] "GET /api/couriers/access/settings?chat_id=-1004755640016 HTTP/1.1" 200 -
2025-04-02 23:45:03,933 - __main__ - INFO - Получен запрос: GET /api/couriers/access/settings
2025-04-02 23:45:03,934 - __main__ - INFO - Заголовки: {'Host': 'localhost', 'X-Real-Ip': '172.19.0.1', 'X-Forwarded-For': '172.19.0.1', 'X-Forwarded-Proto': 'http', 'X-Forwarded-Host': 'localhost', 'X-Original-Uri': '/api/couriers/access/settings?chat_id=-1004755640016', 'Connection': 'close', 'Sec-Ch-Ua-Platform': '"Windows"', 'User-Agent': 'Mozilla/5.0 (Windows NT 10.0; Win64; x64) AppleWebKit/537.36 (KHTML, like Gecko) Chrome/134.0.0.0 Safari/537.36', 'Sec-Ch-Ua': '"Chromium";v="134", "Not:A-Brand";v="24", "Google Chrome";v="134"', 'Sec-Ch-Ua-Mobile': '?0', 'Accept': '*/*', 'Origin': 'http://localhost:3000', 'Sec-Fetch-Site': 'same-site', 'Sec-Fetch-Mode': 'cors', 'Sec-Fetch-Dest': 'empty', 'Referer': 'http://localhost:3000/', 'Accept-Encoding': 'gzip, deflate, br, zstd', 'Accept-Language': 'ru-RU,ru;q=0.9,en-RU;q=0.8,en;q=0.7,en-US;q=0.6'}
2025-04-02 23:45:03,934 - api.couriers.access.routes - INFO - 📝 Запрос настроек доступа: chat_id=-1004755640016
2025-04-02 23:45:03,938 - api.couriers.routes - INFO - Возвращаем статус курьера: {'user_id': 1682142222, 'first_name': 'Андрей', 'last_name': 'Николаевич', 'username': 'andrejnikolaevich1999', 'photo_url': 'https://api.telegram.org/file/bot7878489788:AAHupjPYeWpzVwo77F_BCR6fIA1I_P8p_Uc/photos/file_0.jpg', 'chat_id': '-1004755640016', 'is_admin': True, 'is_senior_courier': True, 'active_session': None, 'wallet': {'balance': 0, 'transactions_count': 0}, 'status': 'active'}
2025-04-02 23:45:03,938 - werkzeug - INFO - 172.19.0.8 - - [02/Apr/2025 23:45:03] "GET /api/couriers/1682142222/status?chat_id=-1004755640016 HTTP/1.1" 200 -
2025-04-02 23:45:03,940 - services.access_settings_service - ERROR - Error saving access settings: column "updated_by" of relation "access_settings" does not exist
LINE 20:                                 updated_by
                                         ^

2025-04-02 23:45:03,942 - api.couriers.access.routes - INFO - ✅ Настройки загружены: 17 полей
2025-04-02 23:45:03,944 - werkzeug - INFO - 172.19.0.8 - - [02/Apr/2025 23:45:03] "GET /api/couriers/access/settings?chat_id=-1004755640016 HTTP/1.1" 200 -
2025-04-02 23:45:03,952 - __main__ - INFO - Получен запрос: GET /api/couriers/1682142222/status
2025-04-02 23:45:03,956 - __main__ - INFO - Заголовки: {'Host': 'localhost', 'X-Real-Ip': '172.19.0.1', 'X-Forwarded-For': '172.19.0.1', 'X-Forwarded-Proto': 'http', 'X-Forwarded-Host': 'localhost', 'X-Original-Uri': '/api/couriers/1682142222/status?chat_id=-1004755640016', 'Connection': 'close', 'Sec-Ch-Ua-Platform': '"Windows"', 'User-Agent': 'Mozilla/5.0 (Windows NT 10.0; Win64; x64) AppleWebKit/537.36 (KHTML, like Gecko) Chrome/134.0.0.0 Safari/537.36', 'Accept': 'application/json, text/plain, */*', 'Sec-Ch-Ua': '"Chromium";v="134", "Not:A-Brand";v="24", "Google Chrome";v="134"', 'Sec-Ch-Ua-Mobile': '?0', 'Origin': 'http://localhost:3000', 'Sec-Fetch-Site': 'same-site', 'Sec-Fetch-Mode': 'cors', 'Sec-Fetch-Dest': 'empty', 'Referer': 'http://localhost:3000/', 'Accept-Encoding': 'gzip, deflate, br, zstd', 'Accept-Language': 'ru-RU,ru;q=0.9,en-RU;q=0.8,en;q=0.7,en-US;q=0.6'}
2025-04-02 23:45:03,966 - api.couriers.routes - INFO - === Получение статуса курьера 1682142222 ===
2025-04-02 23:45:03,975 - api.couriers.routes - INFO - Chat ID из запроса: -1004755640016
2025-04-02 23:45:03,978 - __main__ - INFO - Получен запрос: GET /api/couriers/shifts
2025-04-02 23:45:03,982 - __main__ - INFO - Заголовки: {'Host': 'localhost', 'X-Real-Ip': '172.19.0.1', 'X-Forwarded-For': '172.19.0.1', 'X-Forwarded-Proto': 'http', 'X-Forwarded-Host': 'localhost', 'X-Original-Uri': '/api/couriers/shifts?chat_id=-1004755640016', 'Connection': 'close', 'Sec-Ch-Ua-Platform': '"Windows"', 'User-Agent': 'Mozilla/5.0 (Windows NT 10.0; Win64; x64) AppleWebKit/537.36 (KHTML, like Gecko) Chrome/134.0.0.0 Safari/537.36', 'Sec-Ch-Ua': '"Chromium";v="134", "Not:A-Brand";v="24", "Google Chrome";v="134"', 'Sec-Ch-Ua-Mobile': '?0', 'Accept': '*/*', 'Origin': 'http://localhost:3000', 'Sec-Fetch-Site': 'same-site', 'Sec-Fetch-Mode': 'cors', 'Sec-Fetch-Dest': 'empty', 'Referer': 'http://localhost:3000/', 'Accept-Encoding': 'gzip, deflate, br, zstd', 'Accept-Language': 'ru-RU,ru;q=0.9,en-RU;q=0.8,en;q=0.7,en-US;q=0.6'}
2025-04-02 23:45:03,984 - werkzeug - INFO - 172.19.0.8 - - [02/Apr/2025 23:45:03] "[33mGET /api/couriers/shifts?chat_id=-1004755640016 HTTP/1.1[0m" 404 -
2025-04-02 23:45:04,002 - api.couriers.routes - INFO - Возвращаем статус курьера: {'user_id': 1682142222, 'first_name': 'Андрей', 'last_name': 'Николаевич', 'username': 'andrejnikolaevich1999', 'photo_url': 'https://api.telegram.org/file/bot7878489788:AAHupjPYeWpzVwo77F_BCR6fIA1I_P8p_Uc/photos/file_0.jpg', 'chat_id': '-1004755640016', 'is_admin': True, 'is_senior_courier': True, 'active_session': None, 'wallet': {'balance': 0, 'transactions_count': 0}, 'status': 'active'}
2025-04-02 23:45:04,005 - werkzeug - INFO - 172.19.0.8 - - [02/Apr/2025 23:45:04] "GET /api/couriers/1682142222/status?chat_id=-1004755640016 HTTP/1.1" 200 -
2025-04-02 23:45:04,043 - __main__ - INFO - Получен запрос: GET /api/couriers/shifts
2025-04-02 23:45:04,044 - __main__ - INFO - Заголовки: {'Host': 'localhost', 'X-Real-Ip': '172.19.0.1', 'X-Forwarded-For': '172.19.0.1', 'X-Forwarded-Proto': 'http', 'X-Forwarded-Host': 'localhost', 'X-Original-Uri': '/api/couriers/shifts?chat_id=-1004755640016', 'Connection': 'close', 'Sec-Ch-Ua-Platform': '"Windows"', 'User-Agent': 'Mozilla/5.0 (Windows NT 10.0; Win64; x64) AppleWebKit/537.36 (KHTML, like Gecko) Chrome/134.0.0.0 Safari/537.36', 'Sec-Ch-Ua': '"Chromium";v="134", "Not:A-Brand";v="24", "Google Chrome";v="134"', 'Sec-Ch-Ua-Mobile': '?0', 'Accept': '*/*', 'Origin': 'http://localhost:3000', 'Sec-Fetch-Site': 'same-site', 'Sec-Fetch-Mode': 'cors', 'Sec-Fetch-Dest': 'empty', 'Referer': 'http://localhost:3000/', 'Accept-Encoding': 'gzip, deflate, br, zstd', 'Accept-Language': 'ru-RU,ru;q=0.9,en-RU;q=0.8,en;q=0.7,en-US;q=0.6'}
2025-04-02 23:45:04,046 - werkzeug - INFO - 172.19.0.8 - - [02/Apr/2025 23:45:04] "[33mGET /api/couriers/shifts?chat_id=-1004755640016 HTTP/1.1[0m" 404 -
2025-04-02 23:49:00,292 - models.database - INFO - ✅ Соединение с базой данных установлено
2025-04-02 23:49:00,293 - models.database - INFO - ✅ Таблицы успешно созданы/проверены
2025-04-02 23:49:00,294 - models.database - INFO - ✅ DatabaseService инициализирован. Подключение к базе: postgres:5432/appninjabot
2025-04-02 23:49:00,297 - data.shifts - INFO - Основной путь к файлу смен: /app/data/shifts.json
2025-04-02 23:49:00,298 - data.shifts - INFO - Альтернативный путь: /app/data/shifts.json
2025-04-02 23:49:00,298 - data.shifts - INFO - Альтернативный путь: /app/backend/data/shifts.json
2025-04-02 23:49:00,298 - data.shifts - INFO - Альтернативный путь: /app/data/shifts.json
2025-04-02 23:49:00,299 - data.shifts - INFO - Альтернативный путь: shifts.json
2025-04-02 23:49:00,667 - telegramNinjaBot.bot - INFO - Бот запущен в окружении: development
2025-04-02 23:49:00,722 - tzlocal - DEBUG - /etc/timezone found, contents:
 Etc/UTC

2025-04-02 23:49:00,723 - tzlocal - DEBUG - /etc/localtime found
2025-04-02 23:49:00,726 - tzlocal - DEBUG - 2 found:
 {'/etc/timezone': 'Etc/UTC', '/etc/localtime is a symlink to': 'Etc/UTC'}
2025-04-02 23:49:00,741 - models.scheduler_task - INFO - ✅ Таблица scheduler_tasks успешно создана или уже существует
2025-04-02 23:49:00,770 - models.scheduler_task - INFO - ✅ Таблица scheduler_tasks успешно создана или уже существует
2025-04-02 23:49:00,776 - models.scheduler_task - INFO - ✅ Таблица scheduler_tasks успешно создана или уже существует
2025-04-02 23:49:00,796 - werkzeug - INFO - [31m[1mWARNING: This is a development server. Do not use it in a production deployment. Use a production WSGI server instead.[0m
 * Running on all addresses (0.0.0.0)
 * Running on http://127.0.0.1:8000
 * Running on http://172.19.0.4:8000
2025-04-02 23:49:00,797 - werkzeug - INFO - [33mPress CTRL+C to quit[0m
2025-04-02 23:49:19,064 - __main__ - INFO - Получен запрос: GET /api/reserves
2025-04-02 23:49:19,065 - __main__ - INFO - Заголовки: {'Host': 'localhost', 'X-Real-Ip': '172.19.0.1', 'X-Forwarded-For': '172.19.0.1', 'X-Forwarded-Proto': 'http', 'X-Forwarded-Host': 'localhost', 'X-Original-Uri': '/api/reserves', 'Connection': 'close', 'Sec-Ch-Ua-Platform': '"Windows"', 'User-Agent': 'Mozilla/5.0 (Windows NT 10.0; Win64; x64) AppleWebKit/537.36 (KHTML, like Gecko) Chrome/134.0.0.0 Safari/537.36', 'Sec-Ch-Ua': '"Chromium";v="134", "Not:A-Brand";v="24", "Google Chrome";v="134"', 'Sec-Ch-Ua-Mobile': '?0', 'Accept': '*/*', 'Origin': 'http://localhost:3000', 'Sec-Fetch-Site': 'same-site', 'Sec-Fetch-Mode': 'cors', 'Sec-Fetch-Dest': 'empty', 'Referer': 'http://localhost:3000/', 'Accept-Encoding': 'gzip, deflate, br, zstd', 'Accept-Language': 'ru-RU,ru;q=0.9,en-RU;q=0.8,en;q=0.7,en-US;q=0.6'}
2025-04-02 23:49:19,066 - werkzeug - INFO - 172.19.0.8 - - [02/Apr/2025 23:49:19] "[33mGET /api/reserves HTTP/1.1[0m" 404 -
2025-04-02 23:49:19,166 - __main__ - INFO - Получен запрос: GET /api/reserves
2025-04-02 23:49:19,167 - __main__ - INFO - Заголовки: {'Host': 'localhost', 'X-Real-Ip': '172.19.0.1', 'X-Forwarded-For': '172.19.0.1', 'X-Forwarded-Proto': 'http', 'X-Forwarded-Host': 'localhost', 'X-Original-Uri': '/api/reserves', 'Connection': 'close', 'Sec-Ch-Ua-Platform': '"Windows"', 'User-Agent': 'Mozilla/5.0 (Windows NT 10.0; Win64; x64) AppleWebKit/537.36 (KHTML, like Gecko) Chrome/134.0.0.0 Safari/537.36', 'Sec-Ch-Ua': '"Chromium";v="134", "Not:A-Brand";v="24", "Google Chrome";v="134"', 'Sec-Ch-Ua-Mobile': '?0', 'Accept': '*/*', 'Origin': 'http://localhost:3000', 'Sec-Fetch-Site': 'same-site', 'Sec-Fetch-Mode': 'cors', 'Sec-Fetch-Dest': 'empty', 'Referer': 'http://localhost:3000/', 'Accept-Encoding': 'gzip, deflate, br, zstd', 'Accept-Language': 'ru-RU,ru;q=0.9,en-RU;q=0.8,en;q=0.7,en-US;q=0.6'}
2025-04-02 23:49:19,167 - werkzeug - INFO - 172.19.0.8 - - [02/Apr/2025 23:49:19] "[33mGET /api/reserves HTTP/1.1[0m" 404 -
2025-04-02 23:49:19,270 - __main__ - INFO - Получен запрос: GET /api/couriers/access/settings
2025-04-02 23:49:19,271 - __main__ - INFO - Заголовки: {'Host': 'localhost', 'X-Real-Ip': '172.19.0.1', 'X-Forwarded-For': '172.19.0.1', 'X-Forwarded-Proto': 'http', 'X-Forwarded-Host': 'localhost', 'X-Original-Uri': '/api/couriers/access/settings?chat_id=-1004755640016', 'Connection': 'close', 'Sec-Ch-Ua-Platform': '"Windows"', 'User-Agent': 'Mozilla/5.0 (Windows NT 10.0; Win64; x64) AppleWebKit/537.36 (KHTML, like Gecko) Chrome/134.0.0.0 Safari/537.36', 'Sec-Ch-Ua': '"Chromium";v="134", "Not:A-Brand";v="24", "Google Chrome";v="134"', 'Sec-Ch-Ua-Mobile': '?0', 'Accept': '*/*', 'Origin': 'http://localhost:3000', 'Sec-Fetch-Site': 'same-site', 'Sec-Fetch-Mode': 'cors', 'Sec-Fetch-Dest': 'empty', 'Referer': 'http://localhost:3000/', 'Accept-Encoding': 'gzip, deflate, br, zstd', 'Accept-Language': 'ru-RU,ru;q=0.9,en-RU;q=0.8,en;q=0.7,en-US;q=0.6'}
2025-04-02 23:49:19,271 - api.couriers.access.routes - INFO - 📝 Запрос настроек доступа: chat_id=-1004755640016
2025-04-02 23:49:19,279 - __main__ - INFO - Получен запрос: GET /api/couriers/1682142222/status
2025-04-02 23:49:19,280 - __main__ - INFO - Заголовки: {'Host': 'localhost', 'X-Real-Ip': '172.19.0.1', 'X-Forwarded-For': '172.19.0.1', 'X-Forwarded-Proto': 'http', 'X-Forwarded-Host': 'localhost', 'X-Original-Uri': '/api/couriers/1682142222/status?chat_id=-1004755640016', 'Connection': 'close', 'Sec-Ch-Ua-Platform': '"Windows"', 'User-Agent': 'Mozilla/5.0 (Windows NT 10.0; Win64; x64) AppleWebKit/537.36 (KHTML, like Gecko) Chrome/134.0.0.0 Safari/537.36', 'Accept': 'application/json, text/plain, */*', 'Sec-Ch-Ua': '"Chromium";v="134", "Not:A-Brand";v="24", "Google Chrome";v="134"', 'Sec-Ch-Ua-Mobile': '?0', 'Origin': 'http://localhost:3000', 'Sec-Fetch-Site': 'same-site', 'Sec-Fetch-Mode': 'cors', 'Sec-Fetch-Dest': 'empty', 'Referer': 'http://localhost:3000/', 'Accept-Encoding': 'gzip, deflate, br, zstd', 'Accept-Language': 'ru-RU,ru;q=0.9,en-RU;q=0.8,en;q=0.7,en-US;q=0.6'}
2025-04-02 23:49:19,281 - api.couriers.routes - INFO - === Получение статуса курьера 1682142222 ===
2025-04-02 23:49:19,282 - api.couriers.routes - INFO - Chat ID из запроса: -1004755640016
2025-04-02 23:49:19,298 - api.couriers.routes - INFO - Возвращаем статус курьера: {'user_id': 1682142222, 'first_name': 'Андрей', 'last_name': 'Николаевич', 'username': 'andrejnikolaevich1999', 'photo_url': 'https://api.telegram.org/file/bot7878489788:AAHupjPYeWpzVwo77F_BCR6fIA1I_P8p_Uc/photos/file_0.jpg', 'chat_id': '-1004755640016', 'is_admin': True, 'is_senior_courier': True, 'active_session': None, 'wallet': {'balance': 0, 'transactions_count': 0}, 'status': 'active'}
2025-04-02 23:49:19,299 - werkzeug - INFO - 172.19.0.8 - - [02/Apr/2025 23:49:19] "GET /api/couriers/1682142222/status?chat_id=-1004755640016 HTTP/1.1" 200 -
2025-04-02 23:49:19,324 - __main__ - INFO - Получен запрос: GET /api/couriers/1682142222/status
2025-04-02 23:49:19,327 - __main__ - INFO - Заголовки: {'Host': 'localhost', 'X-Real-Ip': '172.19.0.1', 'X-Forwarded-For': '172.19.0.1', 'X-Forwarded-Proto': 'http', 'X-Forwarded-Host': 'localhost', 'X-Original-Uri': '/api/couriers/1682142222/status?chat_id=-1004755640016', 'Connection': 'close', 'Sec-Ch-Ua-Platform': '"Windows"', 'User-Agent': 'Mozilla/5.0 (Windows NT 10.0; Win64; x64) AppleWebKit/537.36 (KHTML, like Gecko) Chrome/134.0.0.0 Safari/537.36', 'Accept': 'application/json, text/plain, */*', 'Sec-Ch-Ua': '"Chromium";v="134", "Not:A-Brand";v="24", "Google Chrome";v="134"', 'Sec-Ch-Ua-Mobile': '?0', 'Origin': 'http://localhost:3000', 'Sec-Fetch-Site': 'same-site', 'Sec-Fetch-Mode': 'cors', 'Sec-Fetch-Dest': 'empty', 'Referer': 'http://localhost:3000/', 'Accept-Encoding': 'gzip, deflate, br, zstd', 'Accept-Language': 'ru-RU,ru;q=0.9,en-RU;q=0.8,en;q=0.7,en-US;q=0.6'}
2025-04-02 23:49:19,328 - api.couriers.routes - INFO - === Получение статуса курьера 1682142222 ===
2025-04-02 23:49:19,329 - api.couriers.routes - INFO - Chat ID из запроса: -1004755640016
2025-04-02 23:49:19,331 - __main__ - INFO - Получен запрос: GET /api/couriers/shifts
2025-04-02 23:49:19,335 - __main__ - INFO - Заголовки: {'Host': 'localhost', 'X-Real-Ip': '172.19.0.1', 'X-Forwarded-For': '172.19.0.1', 'X-Forwarded-Proto': 'http', 'X-Forwarded-Host': 'localhost', 'X-Original-Uri': '/api/couriers/shifts?chat_id=-1004755640016', 'Connection': 'close', 'Sec-Ch-Ua-Platform': '"Windows"', 'User-Agent': 'Mozilla/5.0 (Windows NT 10.0; Win64; x64) AppleWebKit/537.36 (KHTML, like Gecko) Chrome/134.0.0.0 Safari/537.36', 'Sec-Ch-Ua': '"Chromium";v="134", "Not:A-Brand";v="24", "Google Chrome";v="134"', 'Sec-Ch-Ua-Mobile': '?0', 'Accept': '*/*', 'Origin': 'http://localhost:3000', 'Sec-Fetch-Site': 'same-site', 'Sec-Fetch-Mode': 'cors', 'Sec-Fetch-Dest': 'empty', 'Referer': 'http://localhost:3000/', 'Accept-Encoding': 'gzip, deflate, br, zstd', 'Accept-Language': 'ru-RU,ru;q=0.9,en-RU;q=0.8,en;q=0.7,en-US;q=0.6'}
2025-04-02 23:49:19,339 - __main__ - INFO - Перенаправление запроса на /api/couriers/shifts из ручного маршрута
2025-04-02 23:49:19,346 - api.couriers.access.routes - INFO - ✅ Настройки загружены: 17 полей
2025-04-02 23:49:19,347 - api.couriers.routes - INFO - Возвращаем статус курьера: {'user_id': 1682142222, 'first_name': 'Андрей', 'last_name': 'Николаевич', 'username': 'andrejnikolaevich1999', 'photo_url': 'https://api.telegram.org/file/bot7878489788:AAHupjPYeWpzVwo77F_BCR6fIA1I_P8p_Uc/photos/file_0.jpg', 'chat_id': '-1004755640016', 'is_admin': True, 'is_senior_courier': True, 'active_session': None, 'wallet': {'balance': 0, 'transactions_count': 0}, 'status': 'active'}
2025-04-02 23:49:19,354 - werkzeug - INFO - 172.19.0.8 - - [02/Apr/2025 23:49:19] "GET /api/couriers/access/settings?chat_id=-1004755640016 HTTP/1.1" 200 -
2025-04-02 23:49:19,354 - werkzeug - INFO - 172.19.0.8 - - [02/Apr/2025 23:49:19] "GET /api/couriers/1682142222/status?chat_id=-1004755640016 HTTP/1.1" 200 -
2025-04-02 23:49:19,369 - data.shifts - INFO - Загрузка смен из файла: /app/data/shifts.json
2025-04-02 23:49:19,377 - __main__ - INFO - Получен запрос: GET /api/couriers/access/settings
2025-04-02 23:49:19,377 - __main__ - INFO - Заголовки: {'Host': 'localhost', 'X-Real-Ip': '172.19.0.1', 'X-Forwarded-For': '172.19.0.1', 'X-Forwarded-Proto': 'http', 'X-Forwarded-Host': 'localhost', 'X-Original-Uri': '/api/couriers/access/settings?chat_id=-1004755640016', 'Connection': 'close', 'Sec-Ch-Ua-Platform': '"Windows"', 'User-Agent': 'Mozilla/5.0 (Windows NT 10.0; Win64; x64) AppleWebKit/537.36 (KHTML, like Gecko) Chrome/134.0.0.0 Safari/537.36', 'Sec-Ch-Ua': '"Chromium";v="134", "Not:A-Brand";v="24", "Google Chrome";v="134"', 'Sec-Ch-Ua-Mobile': '?0', 'Accept': '*/*', 'Origin': 'http://localhost:3000', 'Sec-Fetch-Site': 'same-site', 'Sec-Fetch-Mode': 'cors', 'Sec-Fetch-Dest': 'empty', 'Referer': 'http://localhost:3000/', 'Accept-Encoding': 'gzip, deflate, br, zstd', 'Accept-Language': 'ru-RU,ru;q=0.9,en-RU;q=0.8,en;q=0.7,en-US;q=0.6'}
2025-04-02 23:49:19,377 - werkzeug - INFO - 172.19.0.8 - - [02/Apr/2025 23:49:19] "GET /api/couriers/shifts?chat_id=-1004755640016 HTTP/1.1" 200 -
2025-04-02 23:49:19,379 - api.couriers.access.routes - INFO - 📝 Запрос настроек доступа: chat_id=-1004755640016
2025-04-02 23:49:19,387 - services.access_settings_service - ERROR - Error loading access settings for chat -1004755640016: 'updated_by'
2025-04-02 23:49:19,388 - api.couriers.access.routes - WARNING - ⚠️ Настройки не найдены для chat_id=-1004755640016
2025-04-02 23:49:19,389 - werkzeug - INFO - 172.19.0.8 - - [02/Apr/2025 23:49:19] "[33mGET /api/couriers/access/settings?chat_id=-1004755640016 HTTP/1.1[0m" 404 -
2025-04-02 23:49:19,403 - __main__ - INFO - Получен запрос: GET /api/couriers/shifts
2025-04-02 23:49:19,403 - __main__ - INFO - Заголовки: {'Host': 'localhost', 'X-Real-Ip': '172.19.0.1', 'X-Forwarded-For': '172.19.0.1', 'X-Forwarded-Proto': 'http', 'X-Forwarded-Host': 'localhost', 'X-Original-Uri': '/api/couriers/shifts?chat_id=-1004755640016', 'Connection': 'close', 'Sec-Ch-Ua-Platform': '"Windows"', 'User-Agent': 'Mozilla/5.0 (Windows NT 10.0; Win64; x64) AppleWebKit/537.36 (KHTML, like Gecko) Chrome/134.0.0.0 Safari/537.36', 'Sec-Ch-Ua': '"Chromium";v="134", "Not:A-Brand";v="24", "Google Chrome";v="134"', 'Sec-Ch-Ua-Mobile': '?0', 'Accept': '*/*', 'Origin': 'http://localhost:3000', 'Sec-Fetch-Site': 'same-site', 'Sec-Fetch-Mode': 'cors', 'Sec-Fetch-Dest': 'empty', 'Referer': 'http://localhost:3000/', 'Accept-Encoding': 'gzip, deflate, br, zstd', 'Accept-Language': 'ru-RU,ru;q=0.9,en-RU;q=0.8,en;q=0.7,en-US;q=0.6'}
2025-04-02 23:49:19,404 - __main__ - INFO - Перенаправление запроса на /api/couriers/shifts из ручного маршрута
2025-04-02 23:49:19,409 - data.shifts - INFO - Загрузка смен из файла: /app/data/shifts.json
2025-04-02 23:49:19,411 - werkzeug - INFO - 172.19.0.8 - - [02/Apr/2025 23:49:19] "GET /api/couriers/shifts?chat_id=-1004755640016 HTTP/1.1" 200 -
2025-04-02 23:52:18,410 - models.database - INFO - ✅ Соединение с базой данных установлено
2025-04-02 23:52:18,411 - models.database - INFO - ✅ Таблицы успешно созданы/проверены
2025-04-02 23:52:18,412 - models.database - INFO - ✅ DatabaseService инициализирован. Подключение к базе: postgres:5432/appninjabot
2025-04-02 23:52:18,415 - data.shifts - INFO - Основной путь к файлу смен: /app/data/shifts.json
2025-04-02 23:52:18,415 - data.shifts - INFO - Альтернативный путь: /app/data/shifts.json
2025-04-02 23:52:18,416 - data.shifts - INFO - Альтернативный путь: /app/backend/data/shifts.json
2025-04-02 23:52:18,416 - data.shifts - INFO - Альтернативный путь: /app/data/shifts.json
2025-04-02 23:52:18,416 - data.shifts - INFO - Альтернативный путь: shifts.json
2025-04-02 23:52:18,791 - telegramNinjaBot.bot - INFO - Бот запущен в окружении: development
2025-04-02 23:52:18,841 - tzlocal - DEBUG - /etc/timezone found, contents:
 Etc/UTC

2025-04-02 23:52:18,841 - tzlocal - DEBUG - /etc/localtime found
2025-04-02 23:52:18,844 - tzlocal - DEBUG - 2 found:
 {'/etc/timezone': 'Etc/UTC', '/etc/localtime is a symlink to': 'Etc/UTC'}
2025-04-02 23:52:18,858 - models.scheduler_task - INFO - ✅ Таблица scheduler_tasks успешно создана или уже существует
2025-04-02 23:52:18,880 - models.scheduler_task - INFO - ✅ Таблица scheduler_tasks успешно создана или уже существует
2025-04-02 23:52:18,885 - models.scheduler_task - INFO - ✅ Таблица scheduler_tasks успешно создана или уже существует
2025-04-02 23:52:18,908 - werkzeug - INFO - [31m[1mWARNING: This is a development server. Do not use it in a production deployment. Use a production WSGI server instead.[0m
 * Running on all addresses (0.0.0.0)
 * Running on http://127.0.0.1:8000
 * Running on http://172.19.0.4:8000
2025-04-02 23:52:18,910 - werkzeug - INFO - [33mPress CTRL+C to quit[0m
2025-04-02 23:52:46,892 - __main__ - INFO - Получен запрос: GET /api/reserves
2025-04-02 23:52:46,892 - __main__ - INFO - Заголовки: {'Host': 'localhost', 'X-Real-Ip': '172.19.0.1', 'X-Forwarded-For': '172.19.0.1', 'X-Forwarded-Proto': 'http', 'X-Forwarded-Host': 'localhost', 'X-Original-Uri': '/api/reserves', 'Connection': 'close', 'Sec-Ch-Ua-Platform': '"Windows"', 'User-Agent': 'Mozilla/5.0 (Windows NT 10.0; Win64; x64) AppleWebKit/537.36 (KHTML, like Gecko) Chrome/134.0.0.0 Safari/537.36', 'Sec-Ch-Ua': '"Chromium";v="134", "Not:A-Brand";v="24", "Google Chrome";v="134"', 'Sec-Ch-Ua-Mobile': '?0', 'Accept': '*/*', 'Origin': 'http://localhost:3000', 'Sec-Fetch-Site': 'same-site', 'Sec-Fetch-Mode': 'cors', 'Sec-Fetch-Dest': 'empty', 'Referer': 'http://localhost:3000/', 'Accept-Encoding': 'gzip, deflate, br, zstd', 'Accept-Language': 'ru-RU,ru;q=0.9,en-RU;q=0.8,en;q=0.7,en-US;q=0.6'}
2025-04-02 23:52:46,893 - __main__ - INFO - Перенаправление запроса на /api/reserves из ручного маршрута
2025-04-02 23:52:46,909 - werkzeug - INFO - 172.19.0.8 - - [02/Apr/2025 23:52:46] "GET /api/reserves HTTP/1.1" 200 -
2025-04-02 23:52:47,021 - __main__ - INFO - Получен запрос: GET /api/reserves
2025-04-02 23:52:47,021 - __main__ - INFO - Заголовки: {'Host': 'localhost', 'X-Real-Ip': '172.19.0.1', 'X-Forwarded-For': '172.19.0.1', 'X-Forwarded-Proto': 'http', 'X-Forwarded-Host': 'localhost', 'X-Original-Uri': '/api/reserves', 'Connection': 'close', 'Sec-Ch-Ua-Platform': '"Windows"', 'User-Agent': 'Mozilla/5.0 (Windows NT 10.0; Win64; x64) AppleWebKit/537.36 (KHTML, like Gecko) Chrome/134.0.0.0 Safari/537.36', 'Sec-Ch-Ua': '"Chromium";v="134", "Not:A-Brand";v="24", "Google Chrome";v="134"', 'Sec-Ch-Ua-Mobile': '?0', 'Accept': '*/*', 'Origin': 'http://localhost:3000', 'Sec-Fetch-Site': 'same-site', 'Sec-Fetch-Mode': 'cors', 'Sec-Fetch-Dest': 'empty', 'Referer': 'http://localhost:3000/', 'Accept-Encoding': 'gzip, deflate, br, zstd', 'Accept-Language': 'ru-RU,ru;q=0.9,en-RU;q=0.8,en;q=0.7,en-US;q=0.6'}
2025-04-02 23:52:47,022 - __main__ - INFO - Перенаправление запроса на /api/reserves из ручного маршрута
2025-04-02 23:52:47,029 - werkzeug - INFO - 172.19.0.8 - - [02/Apr/2025 23:52:47] "GET /api/reserves HTTP/1.1" 200 -
2025-04-02 23:52:47,148 - __main__ - INFO - Получен запрос: GET /api/couriers/access/settings
2025-04-02 23:52:47,149 - __main__ - INFO - Заголовки: {'Host': 'localhost', 'X-Real-Ip': '172.19.0.1', 'X-Forwarded-For': '172.19.0.1', 'X-Forwarded-Proto': 'http', 'X-Forwarded-Host': 'localhost', 'X-Original-Uri': '/api/couriers/access/settings?chat_id=-1004755640016', 'Connection': 'close', 'Sec-Ch-Ua-Platform': '"Windows"', 'User-Agent': 'Mozilla/5.0 (Windows NT 10.0; Win64; x64) AppleWebKit/537.36 (KHTML, like Gecko) Chrome/134.0.0.0 Safari/537.36', 'Sec-Ch-Ua': '"Chromium";v="134", "Not:A-Brand";v="24", "Google Chrome";v="134"', 'Sec-Ch-Ua-Mobile': '?0', 'Accept': '*/*', 'Origin': 'http://localhost:3000', 'Sec-Fetch-Site': 'same-site', 'Sec-Fetch-Mode': 'cors', 'Sec-Fetch-Dest': 'empty', 'Referer': 'http://localhost:3000/', 'Accept-Encoding': 'gzip, deflate, br, zstd', 'Accept-Language': 'ru-RU,ru;q=0.9,en-RU;q=0.8,en;q=0.7,en-US;q=0.6'}
2025-04-02 23:52:47,149 - api.couriers.access.routes - INFO - 📝 Запрос настроек доступа: chat_id=-1004755640016
2025-04-02 23:52:47,154 - __main__ - INFO - Получен запрос: GET /api/couriers/1682142222/status
2025-04-02 23:52:47,155 - __main__ - INFO - Заголовки: {'Host': 'localhost', 'X-Real-Ip': '172.19.0.1', 'X-Forwarded-For': '172.19.0.1', 'X-Forwarded-Proto': 'http', 'X-Forwarded-Host': 'localhost', 'X-Original-Uri': '/api/couriers/1682142222/status?chat_id=-1004755640016', 'Connection': 'close', 'Sec-Ch-Ua-Platform': '"Windows"', 'User-Agent': 'Mozilla/5.0 (Windows NT 10.0; Win64; x64) AppleWebKit/537.36 (KHTML, like Gecko) Chrome/134.0.0.0 Safari/537.36', 'Accept': 'application/json, text/plain, */*', 'Sec-Ch-Ua': '"Chromium";v="134", "Not:A-Brand";v="24", "Google Chrome";v="134"', 'Sec-Ch-Ua-Mobile': '?0', 'Origin': 'http://localhost:3000', 'Sec-Fetch-Site': 'same-site', 'Sec-Fetch-Mode': 'cors', 'Sec-Fetch-Dest': 'empty', 'Referer': 'http://localhost:3000/', 'Accept-Encoding': 'gzip, deflate, br, zstd', 'Accept-Language': 'ru-RU,ru;q=0.9,en-RU;q=0.8,en;q=0.7,en-US;q=0.6'}
2025-04-02 23:52:47,156 - api.couriers.routes - INFO - === Получение статуса курьера 1682142222 ===
2025-04-02 23:52:47,156 - api.couriers.routes - INFO - Chat ID из запроса: -1004755640016
2025-04-02 23:52:47,168 - api.couriers.access.routes - INFO - ✅ Настройки загружены: 17 полей
2025-04-02 23:52:47,169 - werkzeug - INFO - 172.19.0.8 - - [02/Apr/2025 23:52:47] "GET /api/couriers/access/settings?chat_id=-1004755640016 HTTP/1.1" 200 -
2025-04-02 23:52:47,197 - __main__ - INFO - Получен запрос: GET /api/couriers/access/settings
2025-04-02 23:52:47,201 - api.couriers.routes - INFO - Возвращаем статус курьера: {'user_id': 1682142222, 'first_name': 'Андрей', 'last_name': 'Николаевич', 'username': 'andrejnikolaevich1999', 'photo_url': 'https://api.telegram.org/file/bot7878489788:AAHupjPYeWpzVwo77F_BCR6fIA1I_P8p_Uc/photos/file_0.jpg', 'chat_id': '-1004755640016', 'is_admin': True, 'is_senior_courier': True, 'active_session': None, 'wallet': {'balance': 0, 'transactions_count': 0}, 'status': 'active'}
2025-04-02 23:52:47,203 - __main__ - INFO - Заголовки: {'Host': 'localhost', 'X-Real-Ip': '172.19.0.1', 'X-Forwarded-For': '172.19.0.1', 'X-Forwarded-Proto': 'http', 'X-Forwarded-Host': 'localhost', 'X-Original-Uri': '/api/couriers/access/settings?chat_id=-1004755640016', 'Connection': 'close', 'Sec-Ch-Ua-Platform': '"Windows"', 'User-Agent': 'Mozilla/5.0 (Windows NT 10.0; Win64; x64) AppleWebKit/537.36 (KHTML, like Gecko) Chrome/134.0.0.0 Safari/537.36', 'Sec-Ch-Ua': '"Chromium";v="134", "Not:A-Brand";v="24", "Google Chrome";v="134"', 'Sec-Ch-Ua-Mobile': '?0', 'Accept': '*/*', 'Origin': 'http://localhost:3000', 'Sec-Fetch-Site': 'same-site', 'Sec-Fetch-Mode': 'cors', 'Sec-Fetch-Dest': 'empty', 'Referer': 'http://localhost:3000/', 'Accept-Encoding': 'gzip, deflate, br, zstd', 'Accept-Language': 'ru-RU,ru;q=0.9,en-RU;q=0.8,en;q=0.7,en-US;q=0.6'}
2025-04-02 23:52:47,219 - api.couriers.access.routes - INFO - 📝 Запрос настроек доступа: chat_id=-1004755640016
2025-04-02 23:52:47,204 - werkzeug - INFO - 172.19.0.8 - - [02/Apr/2025 23:52:47] "GET /api/couriers/1682142222/status?chat_id=-1004755640016 HTTP/1.1" 200 -
2025-04-02 23:52:47,234 - api.couriers.access.routes - INFO - ✅ Настройки загружены: 17 полей
2025-04-02 23:52:47,236 - werkzeug - INFO - 172.19.0.8 - - [02/Apr/2025 23:52:47] "GET /api/couriers/access/settings?chat_id=-1004755640016 HTTP/1.1" 200 -
2025-04-02 23:52:47,258 - __main__ - INFO - Получен запрос: GET /api/couriers/1682142222/status
2025-04-02 23:52:47,259 - __main__ - INFO - Заголовки: {'Host': 'localhost', 'X-Real-Ip': '172.19.0.1', 'X-Forwarded-For': '172.19.0.1', 'X-Forwarded-Proto': 'http', 'X-Forwarded-Host': 'localhost', 'X-Original-Uri': '/api/couriers/1682142222/status?chat_id=-1004755640016', 'Connection': 'close', 'Sec-Ch-Ua-Platform': '"Windows"', 'User-Agent': 'Mozilla/5.0 (Windows NT 10.0; Win64; x64) AppleWebKit/537.36 (KHTML, like Gecko) Chrome/134.0.0.0 Safari/537.36', 'Accept': 'application/json, text/plain, */*', 'Sec-Ch-Ua': '"Chromium";v="134", "Not:A-Brand";v="24", "Google Chrome";v="134"', 'Sec-Ch-Ua-Mobile': '?0', 'Origin': 'http://localhost:3000', 'Sec-Fetch-Site': 'same-site', 'Sec-Fetch-Mode': 'cors', 'Sec-Fetch-Dest': 'empty', 'Referer': 'http://localhost:3000/', 'Accept-Encoding': 'gzip, deflate, br, zstd', 'Accept-Language': 'ru-RU,ru;q=0.9,en-RU;q=0.8,en;q=0.7,en-US;q=0.6'}
2025-04-02 23:52:47,260 - __main__ - INFO - Получен запрос: GET /api/couriers/shifts
2025-04-02 23:52:47,261 - api.couriers.routes - INFO - === Получение статуса курьера 1682142222 ===
2025-04-02 23:52:47,263 - api.couriers.routes - INFO - Chat ID из запроса: -1004755640016
2025-04-02 23:52:47,262 - __main__ - INFO - Заголовки: {'Host': 'localhost', 'X-Real-Ip': '172.19.0.1', 'X-Forwarded-For': '172.19.0.1', 'X-Forwarded-Proto': 'http', 'X-Forwarded-Host': 'localhost', 'X-Original-Uri': '/api/couriers/shifts?chat_id=-1004755640016', 'Connection': 'close', 'Sec-Ch-Ua-Platform': '"Windows"', 'User-Agent': 'Mozilla/5.0 (Windows NT 10.0; Win64; x64) AppleWebKit/537.36 (KHTML, like Gecko) Chrome/134.0.0.0 Safari/537.36', 'Sec-Ch-Ua': '"Chromium";v="134", "Not:A-Brand";v="24", "Google Chrome";v="134"', 'Sec-Ch-Ua-Mobile': '?0', 'Accept': '*/*', 'Origin': 'http://localhost:3000', 'Sec-Fetch-Site': 'same-site', 'Sec-Fetch-Mode': 'cors', 'Sec-Fetch-Dest': 'empty', 'Referer': 'http://localhost:3000/', 'Accept-Encoding': 'gzip, deflate, br, zstd', 'Accept-Language': 'ru-RU,ru;q=0.9,en-RU;q=0.8,en;q=0.7,en-US;q=0.6'}
2025-04-02 23:52:47,265 - __main__ - INFO - Перенаправление запроса на /api/couriers/shifts из ручного маршрута
2025-04-02 23:52:47,281 - api.couriers.routes - INFO - Возвращаем статус курьера: {'user_id': 1682142222, 'first_name': 'Андрей', 'last_name': 'Николаевич', 'username': 'andrejnikolaevich1999', 'photo_url': 'https://api.telegram.org/file/bot7878489788:AAHupjPYeWpzVwo77F_BCR6fIA1I_P8p_Uc/photos/file_0.jpg', 'chat_id': '-1004755640016', 'is_admin': True, 'is_senior_courier': True, 'active_session': None, 'wallet': {'balance': 0, 'transactions_count': 0}, 'status': 'active'}
2025-04-02 23:52:47,284 - werkzeug - INFO - 172.19.0.8 - - [02/Apr/2025 23:52:47] "GET /api/couriers/1682142222/status?chat_id=-1004755640016 HTTP/1.1" 200 -
2025-04-02 23:52:47,296 - data.shifts - INFO - Загрузка смен из файла: /app/data/shifts.json
2025-04-02 23:52:47,300 - werkzeug - INFO - 172.19.0.8 - - [02/Apr/2025 23:52:47] "GET /api/couriers/shifts?chat_id=-1004755640016 HTTP/1.1" 200 -
2025-04-02 23:52:47,305 - __main__ - INFO - Получен запрос: GET /api/couriers/shifts
2025-04-02 23:52:47,306 - __main__ - INFO - Заголовки: {'Host': 'localhost', 'X-Real-Ip': '172.19.0.1', 'X-Forwarded-For': '172.19.0.1', 'X-Forwarded-Proto': 'http', 'X-Forwarded-Host': 'localhost', 'X-Original-Uri': '/api/couriers/shifts?chat_id=-1004755640016', 'Connection': 'close', 'Sec-Ch-Ua-Platform': '"Windows"', 'User-Agent': 'Mozilla/5.0 (Windows NT 10.0; Win64; x64) AppleWebKit/537.36 (KHTML, like Gecko) Chrome/134.0.0.0 Safari/537.36', 'Sec-Ch-Ua': '"Chromium";v="134", "Not:A-Brand";v="24", "Google Chrome";v="134"', 'Sec-Ch-Ua-Mobile': '?0', 'Accept': '*/*', 'Origin': 'http://localhost:3000', 'Sec-Fetch-Site': 'same-site', 'Sec-Fetch-Mode': 'cors', 'Sec-Fetch-Dest': 'empty', 'Referer': 'http://localhost:3000/', 'Accept-Encoding': 'gzip, deflate, br, zstd', 'Accept-Language': 'ru-RU,ru;q=0.9,en-RU;q=0.8,en;q=0.7,en-US;q=0.6'}
2025-04-02 23:52:47,306 - __main__ - INFO - Перенаправление запроса на /api/couriers/shifts из ручного маршрута
2025-04-02 23:52:47,312 - data.shifts - INFO - Загрузка смен из файла: /app/data/shifts.json
2025-04-02 23:52:47,315 - werkzeug - INFO - 172.19.0.8 - - [02/Apr/2025 23:52:47] "GET /api/couriers/shifts?chat_id=-1004755640016 HTTP/1.1" 200 -
2025-04-02 23:56:18,976 - models.database - INFO - ✅ Соединение с базой данных установлено
2025-04-02 23:56:18,977 - models.database - INFO - ✅ Таблицы успешно созданы/проверены
2025-04-02 23:56:18,978 - models.database - INFO - ✅ DatabaseService инициализирован. Подключение к базе: postgres:5432/appninjabot
2025-04-02 23:56:18,981 - data.shifts - INFO - Основной путь к файлу смен: /app/data/shifts.json
2025-04-02 23:56:18,981 - data.shifts - INFO - Альтернативный путь: /app/data/shifts.json
2025-04-02 23:56:18,981 - data.shifts - INFO - Альтернативный путь: /app/backend/data/shifts.json
2025-04-02 23:56:18,982 - data.shifts - INFO - Альтернативный путь: /app/data/shifts.json
2025-04-02 23:56:18,983 - data.shifts - INFO - Альтернативный путь: shifts.json
2025-04-02 23:56:19,347 - telegramNinjaBot.bot - INFO - Бот запущен в окружении: development
2025-04-02 23:56:19,398 - tzlocal - DEBUG - /etc/timezone found, contents:
 Etc/UTC

2025-04-02 23:56:19,398 - tzlocal - DEBUG - /etc/localtime found
2025-04-02 23:56:19,400 - tzlocal - DEBUG - 2 found:
 {'/etc/timezone': 'Etc/UTC', '/etc/localtime is a symlink to': 'Etc/UTC'}
2025-04-02 23:56:19,413 - models.scheduler_task - INFO - ✅ Таблица scheduler_tasks успешно создана или уже существует
2025-04-02 23:56:19,439 - models.scheduler_task - INFO - ✅ Таблица scheduler_tasks успешно создана или уже существует
2025-04-02 23:56:19,445 - models.scheduler_task - INFO - ✅ Таблица scheduler_tasks успешно создана или уже существует
2025-04-02 23:56:19,471 - werkzeug - INFO - [31m[1mWARNING: This is a development server. Do not use it in a production deployment. Use a production WSGI server instead.[0m
 * Running on all addresses (0.0.0.0)
 * Running on http://127.0.0.1:8000
 * Running on http://172.19.0.4:8000
2025-04-02 23:56:19,471 - werkzeug - INFO - [33mPress CTRL+C to quit[0m
2025-04-02 23:56:31,043 - __main__ - INFO - Получен запрос: GET /api/reserves
2025-04-02 23:56:31,043 - __main__ - INFO - Заголовки: {'Host': 'localhost', 'X-Real-Ip': '172.19.0.1', 'X-Forwarded-For': '172.19.0.1', 'X-Forwarded-Proto': 'http', 'X-Forwarded-Host': 'localhost', 'X-Original-Uri': '/api/reserves', 'Connection': 'close', 'Sec-Ch-Ua-Platform': '"Windows"', 'User-Agent': 'Mozilla/5.0 (Windows NT 10.0; Win64; x64) AppleWebKit/537.36 (KHTML, like Gecko) Chrome/134.0.0.0 Safari/537.36', 'Sec-Ch-Ua': '"Chromium";v="134", "Not:A-Brand";v="24", "Google Chrome";v="134"', 'Sec-Ch-Ua-Mobile': '?0', 'Accept': '*/*', 'Origin': 'http://localhost:3000', 'Sec-Fetch-Site': 'same-site', 'Sec-Fetch-Mode': 'cors', 'Sec-Fetch-Dest': 'empty', 'Referer': 'http://localhost:3000/', 'Accept-Encoding': 'gzip, deflate, br, zstd', 'Accept-Language': 'ru-RU,ru;q=0.9,en-RU;q=0.8,en;q=0.7,en-US;q=0.6'}
2025-04-02 23:56:31,044 - __main__ - INFO - Обработка запроса на /api/reserves без CORS декораторов
2025-04-02 23:56:31,049 - werkzeug - INFO - 172.19.0.8 - - [02/Apr/2025 23:56:31] "GET /api/reserves HTTP/1.1" 200 -
2025-04-02 23:56:31,200 - __main__ - INFO - Получен запрос: GET /api/reserves
2025-04-02 23:56:31,201 - __main__ - INFO - Заголовки: {'Host': 'localhost', 'X-Real-Ip': '172.19.0.1', 'X-Forwarded-For': '172.19.0.1', 'X-Forwarded-Proto': 'http', 'X-Forwarded-Host': 'localhost', 'X-Original-Uri': '/api/reserves', 'Connection': 'close', 'Sec-Ch-Ua-Platform': '"Windows"', 'User-Agent': 'Mozilla/5.0 (Windows NT 10.0; Win64; x64) AppleWebKit/537.36 (KHTML, like Gecko) Chrome/134.0.0.0 Safari/537.36', 'Sec-Ch-Ua': '"Chromium";v="134", "Not:A-Brand";v="24", "Google Chrome";v="134"', 'Sec-Ch-Ua-Mobile': '?0', 'Accept': '*/*', 'Origin': 'http://localhost:3000', 'Sec-Fetch-Site': 'same-site', 'Sec-Fetch-Mode': 'cors', 'Sec-Fetch-Dest': 'empty', 'Referer': 'http://localhost:3000/', 'Accept-Encoding': 'gzip, deflate, br, zstd', 'Accept-Language': 'ru-RU,ru;q=0.9,en-RU;q=0.8,en;q=0.7,en-US;q=0.6'}
2025-04-02 23:56:31,202 - __main__ - INFO - Обработка запроса на /api/reserves без CORS декораторов
2025-04-02 23:56:31,260 - werkzeug - INFO - 172.19.0.8 - - [02/Apr/2025 23:56:31] "GET /api/reserves HTTP/1.1" 200 -
2025-04-02 23:56:31,373 - __main__ - INFO - Получен запрос: GET /api/couriers/access/settings
2025-04-02 23:56:31,376 - __main__ - INFO - Получен запрос: GET /api/couriers/1682142222/status
2025-04-02 23:56:31,377 - __main__ - INFO - Заголовки: {'Host': 'localhost', 'X-Real-Ip': '172.19.0.1', 'X-Forwarded-For': '172.19.0.1', 'X-Forwarded-Proto': 'http', 'X-Forwarded-Host': 'localhost', 'X-Original-Uri': '/api/couriers/access/settings?chat_id=-1004755640016', 'Connection': 'close', 'Sec-Ch-Ua-Platform': '"Windows"', 'User-Agent': 'Mozilla/5.0 (Windows NT 10.0; Win64; x64) AppleWebKit/537.36 (KHTML, like Gecko) Chrome/134.0.0.0 Safari/537.36', 'Sec-Ch-Ua': '"Chromium";v="134", "Not:A-Brand";v="24", "Google Chrome";v="134"', 'Sec-Ch-Ua-Mobile': '?0', 'Accept': '*/*', 'Origin': 'http://localhost:3000', 'Sec-Fetch-Site': 'same-site', 'Sec-Fetch-Mode': 'cors', 'Sec-Fetch-Dest': 'empty', 'Referer': 'http://localhost:3000/', 'Accept-Encoding': 'gzip, deflate, br, zstd', 'Accept-Language': 'ru-RU,ru;q=0.9,en-RU;q=0.8,en;q=0.7,en-US;q=0.6'}
2025-04-02 23:56:31,379 - __main__ - INFO - Заголовки: {'Host': 'localhost', 'X-Real-Ip': '172.19.0.1', 'X-Forwarded-For': '172.19.0.1', 'X-Forwarded-Proto': 'http', 'X-Forwarded-Host': 'localhost', 'X-Original-Uri': '/api/couriers/1682142222/status?chat_id=-1004755640016', 'Connection': 'close', 'Sec-Ch-Ua-Platform': '"Windows"', 'User-Agent': 'Mozilla/5.0 (Windows NT 10.0; Win64; x64) AppleWebKit/537.36 (KHTML, like Gecko) Chrome/134.0.0.0 Safari/537.36', 'Accept': 'application/json, text/plain, */*', 'Sec-Ch-Ua': '"Chromium";v="134", "Not:A-Brand";v="24", "Google Chrome";v="134"', 'Sec-Ch-Ua-Mobile': '?0', 'Origin': 'http://localhost:3000', 'Sec-Fetch-Site': 'same-site', 'Sec-Fetch-Mode': 'cors', 'Sec-Fetch-Dest': 'empty', 'Referer': 'http://localhost:3000/', 'Accept-Encoding': 'gzip, deflate, br, zstd', 'Accept-Language': 'ru-RU,ru;q=0.9,en-RU;q=0.8,en;q=0.7,en-US;q=0.6'}
2025-04-02 23:56:31,392 - api.couriers.access.routes - INFO - 📝 Запрос настроек доступа: chat_id=-1004755640016
2025-04-02 23:56:31,394 - api.couriers.routes - INFO - === Получение статуса курьера 1682142222 ===
2025-04-02 23:56:31,399 - api.couriers.routes - INFO - Chat ID из запроса: -1004755640016
2025-04-02 23:56:31,444 - api.couriers.access.routes - INFO - ✅ Настройки загружены: 17 полей
2025-04-02 23:56:31,449 - werkzeug - INFO - 172.19.0.8 - - [02/Apr/2025 23:56:31] "GET /api/couriers/access/settings?chat_id=-1004755640016 HTTP/1.1" 200 -
2025-04-02 23:56:31,451 - api.couriers.routes - INFO - Возвращаем статус курьера: {'user_id': 1682142222, 'first_name': 'Андрей', 'last_name': 'Николаевич', 'username': 'andrejnikolaevich1999', 'photo_url': 'https://api.telegram.org/file/bot7878489788:AAHupjPYeWpzVwo77F_BCR6fIA1I_P8p_Uc/photos/file_0.jpg', 'chat_id': '-1004755640016', 'is_admin': True, 'is_senior_courier': True, 'active_session': None, 'wallet': {'balance': 0, 'transactions_count': 0}, 'status': 'active'}
2025-04-02 23:56:31,485 - werkzeug - INFO - 172.19.0.8 - - [02/Apr/2025 23:56:31] "GET /api/couriers/1682142222/status?chat_id=-1004755640016 HTTP/1.1" 200 -
2025-04-02 23:56:31,508 - __main__ - INFO - Получен запрос: GET /api/couriers/access/settings
2025-04-02 23:56:31,509 - __main__ - INFO - Заголовки: {'Host': 'localhost', 'X-Real-Ip': '172.19.0.1', 'X-Forwarded-For': '172.19.0.1', 'X-Forwarded-Proto': 'http', 'X-Forwarded-Host': 'localhost', 'X-Original-Uri': '/api/couriers/access/settings?chat_id=-1004755640016', 'Connection': 'close', 'Sec-Ch-Ua-Platform': '"Windows"', 'User-Agent': 'Mozilla/5.0 (Windows NT 10.0; Win64; x64) AppleWebKit/537.36 (KHTML, like Gecko) Chrome/134.0.0.0 Safari/537.36', 'Sec-Ch-Ua': '"Chromium";v="134", "Not:A-Brand";v="24", "Google Chrome";v="134"', 'Sec-Ch-Ua-Mobile': '?0', 'Accept': '*/*', 'Origin': 'http://localhost:3000', 'Sec-Fetch-Site': 'same-site', 'Sec-Fetch-Mode': 'cors', 'Sec-Fetch-Dest': 'empty', 'Referer': 'http://localhost:3000/', 'Accept-Encoding': 'gzip, deflate, br, zstd', 'Accept-Language': 'ru-RU,ru;q=0.9,en-RU;q=0.8,en;q=0.7,en-US;q=0.6'}
2025-04-02 23:56:31,510 - api.couriers.access.routes - INFO - 📝 Запрос настроек доступа: chat_id=-1004755640016
2025-04-02 23:56:31,514 - __main__ - INFO - Получен запрос: GET /api/couriers/1682142222/status
2025-04-02 23:56:31,517 - api.couriers.access.routes - INFO - ✅ Настройки загружены: 17 полей
2025-04-02 23:56:31,536 - __main__ - INFO - Заголовки: {'Host': 'localhost', 'X-Real-Ip': '172.19.0.1', 'X-Forwarded-For': '172.19.0.1', 'X-Forwarded-Proto': 'http', 'X-Forwarded-Host': 'localhost', 'X-Original-Uri': '/api/couriers/1682142222/status?chat_id=-1004755640016', 'Connection': 'close', 'Sec-Ch-Ua-Platform': '"Windows"', 'User-Agent': 'Mozilla/5.0 (Windows NT 10.0; Win64; x64) AppleWebKit/537.36 (KHTML, like Gecko) Chrome/134.0.0.0 Safari/537.36', 'Accept': 'application/json, text/plain, */*', 'Sec-Ch-Ua': '"Chromium";v="134", "Not:A-Brand";v="24", "Google Chrome";v="134"', 'Sec-Ch-Ua-Mobile': '?0', 'Origin': 'http://localhost:3000', 'Sec-Fetch-Site': 'same-site', 'Sec-Fetch-Mode': 'cors', 'Sec-Fetch-Dest': 'empty', 'Referer': 'http://localhost:3000/', 'Accept-Encoding': 'gzip, deflate, br, zstd', 'Accept-Language': 'ru-RU,ru;q=0.9,en-RU;q=0.8,en;q=0.7,en-US;q=0.6'}
2025-04-02 23:56:31,560 - werkzeug - INFO - 172.19.0.8 - - [02/Apr/2025 23:56:31] "GET /api/couriers/access/settings?chat_id=-1004755640016 HTTP/1.1" 200 -
2025-04-02 23:56:31,561 - __main__ - INFO - Получен запрос: GET /api/couriers/shifts
2025-04-02 23:56:31,567 - api.couriers.routes - INFO - === Получение статуса курьера 1682142222 ===
2025-04-02 23:56:31,618 - __main__ - INFO - Заголовки: {'Host': 'localhost', 'X-Real-Ip': '172.19.0.1', 'X-Forwarded-For': '172.19.0.1', 'X-Forwarded-Proto': 'http', 'X-Forwarded-Host': 'localhost', 'X-Original-Uri': '/api/couriers/shifts?chat_id=-1004755640016', 'Connection': 'close', 'Sec-Ch-Ua-Platform': '"Windows"', 'User-Agent': 'Mozilla/5.0 (Windows NT 10.0; Win64; x64) AppleWebKit/537.36 (KHTML, like Gecko) Chrome/134.0.0.0 Safari/537.36', 'Sec-Ch-Ua': '"Chromium";v="134", "Not:A-Brand";v="24", "Google Chrome";v="134"', 'Sec-Ch-Ua-Mobile': '?0', 'Accept': '*/*', 'Origin': 'http://localhost:3000', 'Sec-Fetch-Site': 'same-site', 'Sec-Fetch-Mode': 'cors', 'Sec-Fetch-Dest': 'empty', 'Referer': 'http://localhost:3000/', 'Accept-Encoding': 'gzip, deflate, br, zstd', 'Accept-Language': 'ru-RU,ru;q=0.9,en-RU;q=0.8,en;q=0.7,en-US;q=0.6'}
2025-04-02 23:56:31,623 - api.couriers.routes - INFO - Chat ID из запроса: -1004755640016
2025-04-02 23:56:31,634 - __main__ - INFO - Обработка запроса на /api/couriers/shifts без CORS декораторов
2025-04-02 23:56:31,662 - api.couriers.routes - INFO - Возвращаем статус курьера: {'user_id': 1682142222, 'first_name': 'Андрей', 'last_name': 'Николаевич', 'username': 'andrejnikolaevich1999', 'photo_url': 'https://api.telegram.org/file/bot7878489788:AAHupjPYeWpzVwo77F_BCR6fIA1I_P8p_Uc/photos/file_0.jpg', 'chat_id': '-1004755640016', 'is_admin': True, 'is_senior_courier': True, 'active_session': None, 'wallet': {'balance': 0, 'transactions_count': 0}, 'status': 'active'}
2025-04-02 23:56:31,664 - werkzeug - INFO - 172.19.0.8 - - [02/Apr/2025 23:56:31] "GET /api/couriers/1682142222/status?chat_id=-1004755640016 HTTP/1.1" 200 -
2025-04-02 23:56:31,667 - data.shifts - INFO - Загрузка смен из файла: /app/data/shifts.json
2025-04-02 23:56:31,679 - werkzeug - INFO - 172.19.0.8 - - [02/Apr/2025 23:56:31] "GET /api/couriers/shifts?chat_id=-1004755640016 HTTP/1.1" 200 -
2025-04-02 23:56:31,688 - __main__ - INFO - Получен запрос: GET /api/couriers/shifts
2025-04-02 23:56:31,689 - __main__ - INFO - Заголовки: {'Host': 'localhost', 'X-Real-Ip': '172.19.0.1', 'X-Forwarded-For': '172.19.0.1', 'X-Forwarded-Proto': 'http', 'X-Forwarded-Host': 'localhost', 'X-Original-Uri': '/api/couriers/shifts?chat_id=-1004755640016', 'Connection': 'close', 'Sec-Ch-Ua-Platform': '"Windows"', 'User-Agent': 'Mozilla/5.0 (Windows NT 10.0; Win64; x64) AppleWebKit/537.36 (KHTML, like Gecko) Chrome/134.0.0.0 Safari/537.36', 'Sec-Ch-Ua': '"Chromium";v="134", "Not:A-Brand";v="24", "Google Chrome";v="134"', 'Sec-Ch-Ua-Mobile': '?0', 'Accept': '*/*', 'Origin': 'http://localhost:3000', 'Sec-Fetch-Site': 'same-site', 'Sec-Fetch-Mode': 'cors', 'Sec-Fetch-Dest': 'empty', 'Referer': 'http://localhost:3000/', 'Accept-Encoding': 'gzip, deflate, br, zstd', 'Accept-Language': 'ru-RU,ru;q=0.9,en-RU;q=0.8,en;q=0.7,en-US;q=0.6'}
2025-04-02 23:56:31,696 - __main__ - INFO - Обработка запроса на /api/couriers/shifts без CORS декораторов
2025-04-02 23:56:31,708 - data.shifts - INFO - Загрузка смен из файла: /app/data/shifts.json
2025-04-02 23:56:31,713 - werkzeug - INFO - 172.19.0.8 - - [02/Apr/2025 23:56:31] "GET /api/couriers/shifts?chat_id=-1004755640016 HTTP/1.1" 200 -
2025-04-02 23:57:11,532 - __main__ - INFO - Получен запрос: POST /api/couriers/access/settings
2025-04-02 23:57:11,533 - __main__ - INFO - Заголовки: {'Host': 'localhost', 'X-Real-Ip': '172.19.0.1', 'X-Forwarded-For': '172.19.0.1', 'X-Forwarded-Proto': 'http', 'X-Forwarded-Host': 'localhost', 'X-Original-Uri': '/api/couriers/access/settings', 'Connection': 'close', 'Content-Length': '388', 'Sec-Ch-Ua-Platform': '"Windows"', 'User-Agent': 'Mozilla/5.0 (Windows NT 10.0; Win64; x64) AppleWebKit/537.36 (KHTML, like Gecko) Chrome/134.0.0.0 Safari/537.36', 'Sec-Ch-Ua': '"Chromium";v="134", "Not:A-Brand";v="24", "Google Chrome";v="134"', 'Content-Type': 'application/json', 'Sec-Ch-Ua-Mobile': '?0', 'Accept': '*/*', 'Origin': 'http://localhost:3000', 'Sec-Fetch-Site': 'same-site', 'Sec-Fetch-Mode': 'cors', 'Sec-Fetch-Dest': 'empty', 'Referer': 'http://localhost:3000/', 'Accept-Encoding': 'gzip, deflate, br, zstd', 'Accept-Language': 'ru-RU,ru;q=0.9,en-RU;q=0.8,en;q=0.7,en-US;q=0.6'}
2025-04-02 23:57:11,534 - api.couriers.access.routes - INFO - 📝 Получены данные для обновления настроек доступа:
2025-04-02 23:57:11,535 - api.couriers.access.routes - INFO - 🔑 Ключи в запросе: ['chat_id', 'allowMultipleShifts', 'autoApprove', 'allowSameDay', 'registrationStartDay', 'registrationStartHour', 'registrationStartMinute', 'offsetType', 'offsetAmount', 'periodLength', 'isAlwaysActive', 'activeStartDate', 'activeEndDate', 'daysAhead', 'enabledDates', 'restrictedUsers', 'lastUpdated']
2025-04-02 23:57:11,551 - api.couriers.access.routes - INFO - ✅ Настройки успешно обновлены
2025-04-02 23:57:11,552 - api.couriers.access.routes - INFO - 🔑 Ключи в обновленных настройках: ['chat_id', 'allowMultipleShifts', 'autoApprove', 'allowSameDay', 'registrationStartDay', 'registrationStartHour', 'registrationStartMinute', 'offsetType', 'offsetAmount', 'periodLength', 'isAlwaysActive', 'activeStartDate', 'activeEndDate', 'daysAhead', 'enabledDates', 'restrictedUsers', 'lastUpdated']
2025-04-02 23:57:11,552 - api.couriers.access.routes - INFO - 📤 Отправка запроса на применение настроек с chat_id=-1004755640016
2025-04-02 23:57:11,554 - urllib3.connectionpool - DEBUG - Starting new HTTP connection (1): scheduler:8002
2025-04-02 23:57:11,613 - urllib3.connectionpool - DEBUG - http://scheduler:8002 "POST /apply-access-settings HTTP/1.1" 200 297
2025-04-02 23:57:11,615 - api.couriers.access.routes - INFO - ✅ Запрос на применение настроек успешно отправлен
2025-04-02 23:57:11,615 - api.couriers.access.routes - INFO - 📤 Отправка запроса на перезагрузку задач
2025-04-02 23:57:11,617 - urllib3.connectionpool - DEBUG - Starting new HTTP connection (1): scheduler:8002
2025-04-02 23:57:11,652 - urllib3.connectionpool - DEBUG - http://scheduler:8002 "POST /scheduler/reload-tasks HTTP/1.1" 200 192
2025-04-02 23:57:11,654 - api.couriers.access.routes - INFO - ✅ Запрос на перезагрузку задач успешно отправлен
2025-04-02 23:57:11,656 - werkzeug - INFO - 172.19.0.8 - - [02/Apr/2025 23:57:11] "POST /api/couriers/access/settings HTTP/1.1" 200 -
2025-04-02 23:57:52,927 - __main__ - INFO - Получен запрос: GET /api/couriers/shifts
2025-04-02 23:57:52,928 - __main__ - INFO - Заголовки: {'Host': 'localhost', 'X-Real-Ip': '172.19.0.1', 'X-Forwarded-For': '172.19.0.1', 'X-Forwarded-Proto': 'http', 'X-Forwarded-Host': 'localhost', 'X-Original-Uri': '/api/couriers/shifts?chat_id=-1004755640016', 'Connection': 'close', 'User-Agent': 'Mozilla/5.0 (iPhone; CPU iPhone OS 16_6 like Mac OS X) AppleWebKit/605.1.15 (KHTML, like Gecko) Version/16.6 Mobile/15E148 Safari/604.1', 'Accept': '*/*', 'Origin': 'http://localhost:3000', 'Sec-Fetch-Site': 'same-site', 'Sec-Fetch-Mode': 'cors', 'Sec-Fetch-Dest': 'empty', 'Referer': 'http://localhost:3000/', 'Accept-Encoding': 'gzip, deflate, br, zstd', 'Accept-Language': 'ru-RU,ru;q=0.9,en-RU;q=0.8,en;q=0.7,en-US;q=0.6'}
2025-04-02 23:57:52,929 - __main__ - INFO - Обработка запроса на /api/couriers/shifts без CORS декораторов
2025-04-02 23:57:52,930 - __main__ - INFO - Получен запрос: GET /api/couriers/access/settings
2025-04-02 23:57:52,931 - __main__ - INFO - Заголовки: {'Host': 'localhost', 'X-Real-Ip': '172.19.0.1', 'X-Forwarded-For': '172.19.0.1', 'X-Forwarded-Proto': 'http', 'X-Forwarded-Host': 'localhost', 'X-Original-Uri': '/api/couriers/access/settings?chat_id=-1004755640016', 'Connection': 'close', 'User-Agent': 'Mozilla/5.0 (iPhone; CPU iPhone OS 16_6 like Mac OS X) AppleWebKit/605.1.15 (KHTML, like Gecko) Version/16.6 Mobile/15E148 Safari/604.1', 'Accept': '*/*', 'Origin': 'http://localhost:3000', 'Sec-Fetch-Site': 'same-site', 'Sec-Fetch-Mode': 'cors', 'Sec-Fetch-Dest': 'empty', 'Referer': 'http://localhost:3000/', 'Accept-Encoding': 'gzip, deflate, br, zstd', 'Accept-Language': 'ru-RU,ru;q=0.9,en-RU;q=0.8,en;q=0.7,en-US;q=0.6'}
2025-04-02 23:57:52,933 - api.couriers.access.routes - INFO - 📝 Запрос настроек доступа: chat_id=-1004755640016
2025-04-02 23:57:52,938 - data.shifts - INFO - Загрузка смен из файла: /app/data/shifts.json
2025-04-02 23:57:52,938 - api.couriers.access.routes - INFO - ✅ Настройки загружены: 17 полей
2025-04-02 23:57:52,939 - werkzeug - INFO - 172.19.0.8 - - [02/Apr/2025 23:57:52] "GET /api/couriers/access/settings?chat_id=-1004755640016 HTTP/1.1" 200 -
2025-04-02 23:57:52,943 - werkzeug - INFO - 172.19.0.8 - - [02/Apr/2025 23:57:52] "GET /api/couriers/shifts?chat_id=-1004755640016 HTTP/1.1" 200 -
2025-04-02 23:57:52,948 - __main__ - INFO - Получен запрос: GET /api/couriers/access/settings
2025-04-02 23:57:52,949 - __main__ - INFO - Получен запрос: GET /api/couriers/shifts
2025-04-02 23:57:52,949 - __main__ - INFO - Заголовки: {'Host': 'localhost', 'X-Real-Ip': '172.19.0.1', 'X-Forwarded-For': '172.19.0.1', 'X-Forwarded-Proto': 'http', 'X-Forwarded-Host': 'localhost', 'X-Original-Uri': '/api/couriers/access/settings?chat_id=-1004755640016', 'Connection': 'close', 'User-Agent': 'Mozilla/5.0 (iPhone; CPU iPhone OS 16_6 like Mac OS X) AppleWebKit/605.1.15 (KHTML, like Gecko) Version/16.6 Mobile/15E148 Safari/604.1', 'Accept': '*/*', 'Origin': 'http://localhost:3000', 'Sec-Fetch-Site': 'same-site', 'Sec-Fetch-Mode': 'cors', 'Sec-Fetch-Dest': 'empty', 'Referer': 'http://localhost:3000/', 'Accept-Encoding': 'gzip, deflate, br, zstd', 'Accept-Language': 'ru-RU,ru;q=0.9,en-RU;q=0.8,en;q=0.7,en-US;q=0.6'}
2025-04-02 23:57:52,950 - api.couriers.access.routes - INFO - 📝 Запрос настроек доступа: chat_id=-1004755640016
2025-04-02 23:57:52,950 - __main__ - INFO - Заголовки: {'Host': 'localhost', 'X-Real-Ip': '172.19.0.1', 'X-Forwarded-For': '172.19.0.1', 'X-Forwarded-Proto': 'http', 'X-Forwarded-Host': 'localhost', 'X-Original-Uri': '/api/couriers/shifts?chat_id=-1004755640016', 'Connection': 'close', 'User-Agent': 'Mozilla/5.0 (iPhone; CPU iPhone OS 16_6 like Mac OS X) AppleWebKit/605.1.15 (KHTML, like Gecko) Version/16.6 Mobile/15E148 Safari/604.1', 'Accept': '*/*', 'Origin': 'http://localhost:3000', 'Sec-Fetch-Site': 'same-site', 'Sec-Fetch-Mode': 'cors', 'Sec-Fetch-Dest': 'empty', 'Referer': 'http://localhost:3000/', 'Accept-Encoding': 'gzip, deflate, br, zstd', 'Accept-Language': 'ru-RU,ru;q=0.9,en-RU;q=0.8,en;q=0.7,en-US;q=0.6'}
2025-04-02 23:57:52,953 - __main__ - INFO - Обработка запроса на /api/couriers/shifts без CORS декораторов
2025-04-02 23:57:52,956 - api.couriers.access.routes - INFO - ✅ Настройки загружены: 17 полей
2025-04-02 23:57:52,956 - werkzeug - INFO - 172.19.0.8 - - [02/Apr/2025 23:57:52] "GET /api/couriers/access/settings?chat_id=-1004755640016 HTTP/1.1" 200 -
2025-04-02 23:57:52,961 - data.shifts - INFO - Загрузка смен из файла: /app/data/shifts.json
2025-04-02 23:57:52,964 - werkzeug - INFO - 172.19.0.8 - - [02/Apr/2025 23:57:52] "GET /api/couriers/shifts?chat_id=-1004755640016 HTTP/1.1" 200 -
2025-04-02 23:57:53,607 - __main__ - INFO - Получен запрос: GET /api/couriers/shifts
2025-04-02 23:57:53,608 - __main__ - INFO - Заголовки: {'Host': 'localhost', 'X-Real-Ip': '172.19.0.1', 'X-Forwarded-For': '172.19.0.1', 'X-Forwarded-Proto': 'http', 'X-Forwarded-Host': 'localhost', 'X-Original-Uri': '/api/couriers/shifts?chat_id=-1004755640016', 'Connection': 'close', 'User-Agent': 'Mozilla/5.0 (iPhone; CPU iPhone OS 16_6 like Mac OS X) AppleWebKit/605.1.15 (KHTML, like Gecko) Version/16.6 Mobile/15E148 Safari/604.1', 'Accept': '*/*', 'Origin': 'http://localhost:3000', 'Sec-Fetch-Site': 'same-site', 'Sec-Fetch-Mode': 'cors', 'Sec-Fetch-Dest': 'empty', 'Referer': 'http://localhost:3000/', 'Accept-Encoding': 'gzip, deflate, br, zstd', 'Accept-Language': 'ru-RU,ru;q=0.9,en-RU;q=0.8,en;q=0.7,en-US;q=0.6'}
2025-04-02 23:57:53,608 - __main__ - INFO - Обработка запроса на /api/couriers/shifts без CORS декораторов
2025-04-02 23:57:53,615 - data.shifts - INFO - Загрузка смен из файла: /app/data/shifts.json
2025-04-02 23:57:53,618 - werkzeug - INFO - 172.19.0.8 - - [02/Apr/2025 23:57:53] "GET /api/couriers/shifts?chat_id=-1004755640016 HTTP/1.1" 200 -
2025-04-02 23:58:22,942 - __main__ - INFO - Получен запрос: GET /api/reserves
2025-04-02 23:58:22,943 - __main__ - INFO - Заголовки: {'Host': 'localhost', 'X-Real-Ip': '172.19.0.1', 'X-Forwarded-For': '172.19.0.1', 'X-Forwarded-Proto': 'http', 'X-Forwarded-Host': 'localhost', 'X-Original-Uri': '/api/reserves', 'Connection': 'close', 'User-Agent': 'Mozilla/5.0 (iPhone; CPU iPhone OS 16_6 like Mac OS X) AppleWebKit/605.1.15 (KHTML, like Gecko) Version/16.6 Mobile/15E148 Safari/604.1', 'Accept': '*/*', 'Origin': 'http://localhost:3000', 'Sec-Fetch-Site': 'same-site', 'Sec-Fetch-Mode': 'cors', 'Sec-Fetch-Dest': 'empty', 'Referer': 'http://localhost:3000/', 'Accept-Encoding': 'gzip, deflate, br, zstd', 'Accept-Language': 'ru-RU,ru;q=0.9,en-RU;q=0.8,en;q=0.7,en-US;q=0.6'}
2025-04-02 23:58:22,943 - __main__ - INFO - Обработка запроса на /api/reserves без CORS декораторов
2025-04-02 23:58:22,947 - werkzeug - INFO - 172.19.0.8 - - [02/Apr/2025 23:58:22] "GET /api/reserves HTTP/1.1" 200 -
2025-04-02 23:58:23,038 - __main__ - INFO - Получен запрос: GET /api/reserves
2025-04-02 23:58:23,038 - __main__ - INFO - Заголовки: {'Host': 'localhost', 'X-Real-Ip': '172.19.0.1', 'X-Forwarded-For': '172.19.0.1', 'X-Forwarded-Proto': 'http', 'X-Forwarded-Host': 'localhost', 'X-Original-Uri': '/api/reserves', 'Connection': 'close', 'User-Agent': 'Mozilla/5.0 (iPhone; CPU iPhone OS 16_6 like Mac OS X) AppleWebKit/605.1.15 (KHTML, like Gecko) Version/16.6 Mobile/15E148 Safari/604.1', 'Accept': '*/*', 'Origin': 'http://localhost:3000', 'Sec-Fetch-Site': 'same-site', 'Sec-Fetch-Mode': 'cors', 'Sec-Fetch-Dest': 'empty', 'Referer': 'http://localhost:3000/', 'Accept-Encoding': 'gzip, deflate, br, zstd', 'Accept-Language': 'ru-RU,ru;q=0.9,en-RU;q=0.8,en;q=0.7,en-US;q=0.6'}
2025-04-02 23:58:23,039 - __main__ - INFO - Обработка запроса на /api/reserves без CORS декораторов
2025-04-02 23:58:23,045 - werkzeug - INFO - 172.19.0.8 - - [02/Apr/2025 23:58:23] "GET /api/reserves HTTP/1.1" 200 -
2025-04-02 23:58:23,215 - __main__ - INFO - Получен запрос: GET /api/couriers/access/settings
2025-04-02 23:58:23,216 - __main__ - INFO - Получен запрос: GET /api/couriers/1682142222/status
2025-04-02 23:58:23,216 - __main__ - INFO - Заголовки: {'Host': 'localhost', 'X-Real-Ip': '172.19.0.1', 'X-Forwarded-For': '172.19.0.1', 'X-Forwarded-Proto': 'http', 'X-Forwarded-Host': 'localhost', 'X-Original-Uri': '/api/couriers/access/settings?chat_id=-1004755640016', 'Connection': 'close', 'User-Agent': 'Mozilla/5.0 (iPhone; CPU iPhone OS 16_6 like Mac OS X) AppleWebKit/605.1.15 (KHTML, like Gecko) Version/16.6 Mobile/15E148 Safari/604.1', 'Accept': '*/*', 'Origin': 'http://localhost:3000', 'Sec-Fetch-Site': 'same-site', 'Sec-Fetch-Mode': 'cors', 'Sec-Fetch-Dest': 'empty', 'Referer': 'http://localhost:3000/', 'Accept-Encoding': 'gzip, deflate, br, zstd', 'Accept-Language': 'ru-RU,ru;q=0.9,en-RU;q=0.8,en;q=0.7,en-US;q=0.6'}
2025-04-02 23:58:23,217 - __main__ - INFO - Заголовки: {'Host': 'localhost', 'X-Real-Ip': '172.19.0.1', 'X-Forwarded-For': '172.19.0.1', 'X-Forwarded-Proto': 'http', 'X-Forwarded-Host': 'localhost', 'X-Original-Uri': '/api/couriers/1682142222/status?chat_id=-1004755640016', 'Connection': 'close', 'User-Agent': 'Mozilla/5.0 (iPhone; CPU iPhone OS 16_6 like Mac OS X) AppleWebKit/605.1.15 (KHTML, like Gecko) Version/16.6 Mobile/15E148 Safari/604.1', 'Accept': 'application/json, text/plain, */*', 'Origin': 'http://localhost:3000', 'Sec-Fetch-Site': 'same-site', 'Sec-Fetch-Mode': 'cors', 'Sec-Fetch-Dest': 'empty', 'Referer': 'http://localhost:3000/', 'Accept-Encoding': 'gzip, deflate, br, zstd', 'Accept-Language': 'ru-RU,ru;q=0.9,en-RU;q=0.8,en;q=0.7,en-US;q=0.6'}
2025-04-02 23:58:23,219 - api.couriers.access.routes - INFO - 📝 Запрос настроек доступа: chat_id=-1004755640016
2025-04-02 23:58:23,220 - api.couriers.routes - INFO - === Получение статуса курьера 1682142222 ===
2025-04-02 23:58:23,222 - api.couriers.routes - INFO - Chat ID из запроса: -1004755640016
2025-04-02 23:58:23,224 - api.couriers.access.routes - INFO - ✅ Настройки загружены: 17 полей
2025-04-02 23:58:23,225 - werkzeug - INFO - 172.19.0.8 - - [02/Apr/2025 23:58:23] "GET /api/couriers/access/settings?chat_id=-1004755640016 HTTP/1.1" 200 -
2025-04-02 23:58:23,233 - __main__ - INFO - Получен запрос: GET /api/couriers/access/settings
2025-04-02 23:58:23,233 - __main__ - INFO - Заголовки: {'Host': 'localhost', 'X-Real-Ip': '172.19.0.1', 'X-Forwarded-For': '172.19.0.1', 'X-Forwarded-Proto': 'http', 'X-Forwarded-Host': 'localhost', 'X-Original-Uri': '/api/couriers/access/settings?chat_id=-1004755640016', 'Connection': 'close', 'User-Agent': 'Mozilla/5.0 (iPhone; CPU iPhone OS 16_6 like Mac OS X) AppleWebKit/605.1.15 (KHTML, like Gecko) Version/16.6 Mobile/15E148 Safari/604.1', 'Accept': '*/*', 'Origin': 'http://localhost:3000', 'Sec-Fetch-Site': 'same-site', 'Sec-Fetch-Mode': 'cors', 'Sec-Fetch-Dest': 'empty', 'Referer': 'http://localhost:3000/', 'Accept-Encoding': 'gzip, deflate, br, zstd', 'Accept-Language': 'ru-RU,ru;q=0.9,en-RU;q=0.8,en;q=0.7,en-US;q=0.6'}
2025-04-02 23:58:23,234 - api.couriers.access.routes - INFO - 📝 Запрос настроек доступа: chat_id=-1004755640016
2025-04-02 23:58:23,238 - api.couriers.access.routes - INFO - ✅ Настройки загружены: 17 полей
2025-04-02 23:58:23,239 - werkzeug - INFO - 172.19.0.8 - - [02/Apr/2025 23:58:23] "GET /api/couriers/access/settings?chat_id=-1004755640016 HTTP/1.1" 200 -
2025-04-02 23:58:23,244 - api.couriers.routes - INFO - Возвращаем статус курьера: {'user_id': 1682142222, 'first_name': 'Андрей', 'last_name': 'Николаевич', 'username': 'andrejnikolaevich1999', 'photo_url': 'https://api.telegram.org/file/bot7878489788:AAHupjPYeWpzVwo77F_BCR6fIA1I_P8p_Uc/photos/file_0.jpg', 'chat_id': '-1004755640016', 'is_admin': True, 'is_senior_courier': True, 'active_session': None, 'wallet': {'balance': 0, 'transactions_count': 0}, 'status': 'active'}
2025-04-02 23:58:23,246 - werkzeug - INFO - 172.19.0.8 - - [02/Apr/2025 23:58:23] "GET /api/couriers/1682142222/status?chat_id=-1004755640016 HTTP/1.1" 200 -
2025-04-02 23:58:23,253 - __main__ - INFO - Получен запрос: GET /api/couriers/1682142222/status
2025-04-02 23:58:23,254 - __main__ - INFO - Заголовки: {'Host': 'localhost', 'X-Real-Ip': '172.19.0.1', 'X-Forwarded-For': '172.19.0.1', 'X-Forwarded-Proto': 'http', 'X-Forwarded-Host': 'localhost', 'X-Original-Uri': '/api/couriers/1682142222/status?chat_id=-1004755640016', 'Connection': 'close', 'User-Agent': 'Mozilla/5.0 (iPhone; CPU iPhone OS 16_6 like Mac OS X) AppleWebKit/605.1.15 (KHTML, like Gecko) Version/16.6 Mobile/15E148 Safari/604.1', 'Accept': 'application/json, text/plain, */*', 'Origin': 'http://localhost:3000', 'Sec-Fetch-Site': 'same-site', 'Sec-Fetch-Mode': 'cors', 'Sec-Fetch-Dest': 'empty', 'Referer': 'http://localhost:3000/', 'Accept-Encoding': 'gzip, deflate, br, zstd', 'Accept-Language': 'ru-RU,ru;q=0.9,en-RU;q=0.8,en;q=0.7,en-US;q=0.6'}
2025-04-02 23:58:23,254 - api.couriers.routes - INFO - === Получение статуса курьера 1682142222 ===
2025-04-02 23:58:23,255 - __main__ - INFO - Получен запрос: GET /api/couriers/shifts
2025-04-02 23:58:23,257 - api.couriers.routes - INFO - Chat ID из запроса: -1004755640016
2025-04-02 23:58:23,259 - __main__ - INFO - Заголовки: {'Host': 'localhost', 'X-Real-Ip': '172.19.0.1', 'X-Forwarded-For': '172.19.0.1', 'X-Forwarded-Proto': 'http', 'X-Forwarded-Host': 'localhost', 'X-Original-Uri': '/api/couriers/shifts?chat_id=-1004755640016', 'Connection': 'close', 'User-Agent': 'Mozilla/5.0 (iPhone; CPU iPhone OS 16_6 like Mac OS X) AppleWebKit/605.1.15 (KHTML, like Gecko) Version/16.6 Mobile/15E148 Safari/604.1', 'Accept': '*/*', 'Origin': 'http://localhost:3000', 'Sec-Fetch-Site': 'same-site', 'Sec-Fetch-Mode': 'cors', 'Sec-Fetch-Dest': 'empty', 'Referer': 'http://localhost:3000/', 'Accept-Encoding': 'gzip, deflate, br, zstd', 'Accept-Language': 'ru-RU,ru;q=0.9,en-RU;q=0.8,en;q=0.7,en-US;q=0.6'}
2025-04-02 23:58:23,261 - __main__ - INFO - Обработка запроса на /api/couriers/shifts без CORS декораторов
2025-04-02 23:58:23,273 - api.couriers.routes - INFO - Возвращаем статус курьера: {'user_id': 1682142222, 'first_name': 'Андрей', 'last_name': 'Николаевич', 'username': 'andrejnikolaevich1999', 'photo_url': 'https://api.telegram.org/file/bot7878489788:AAHupjPYeWpzVwo77F_BCR6fIA1I_P8p_Uc/photos/file_0.jpg', 'chat_id': '-1004755640016', 'is_admin': True, 'is_senior_courier': True, 'active_session': None, 'wallet': {'balance': 0, 'transactions_count': 0}, 'status': 'active'}
2025-04-02 23:58:23,279 - werkzeug - INFO - 172.19.0.8 - - [02/Apr/2025 23:58:23] "GET /api/couriers/1682142222/status?chat_id=-1004755640016 HTTP/1.1" 200 -
2025-04-02 23:58:23,281 - data.shifts - INFO - Загрузка смен из файла: /app/data/shifts.json
2025-04-02 23:58:23,285 - werkzeug - INFO - 172.19.0.8 - - [02/Apr/2025 23:58:23] "GET /api/couriers/shifts?chat_id=-1004755640016 HTTP/1.1" 200 -
2025-04-02 23:58:23,291 - __main__ - INFO - Получен запрос: GET /api/couriers/shifts
2025-04-02 23:58:23,291 - __main__ - INFO - Заголовки: {'Host': 'localhost', 'X-Real-Ip': '172.19.0.1', 'X-Forwarded-For': '172.19.0.1', 'X-Forwarded-Proto': 'http', 'X-Forwarded-Host': 'localhost', 'X-Original-Uri': '/api/couriers/shifts?chat_id=-1004755640016', 'Connection': 'close', 'User-Agent': 'Mozilla/5.0 (iPhone; CPU iPhone OS 16_6 like Mac OS X) AppleWebKit/605.1.15 (KHTML, like Gecko) Version/16.6 Mobile/15E148 Safari/604.1', 'Accept': '*/*', 'Origin': 'http://localhost:3000', 'Sec-Fetch-Site': 'same-site', 'Sec-Fetch-Mode': 'cors', 'Sec-Fetch-Dest': 'empty', 'Referer': 'http://localhost:3000/', 'Accept-Encoding': 'gzip, deflate, br, zstd', 'Accept-Language': 'ru-RU,ru;q=0.9,en-RU;q=0.8,en;q=0.7,en-US;q=0.6'}
2025-04-02 23:58:23,292 - __main__ - INFO - Обработка запроса на /api/couriers/shifts без CORS декораторов
2025-04-02 23:58:23,297 - data.shifts - INFO - Загрузка смен из файла: /app/data/shifts.json
2025-04-02 23:58:23,299 - werkzeug - INFO - 172.19.0.8 - - [02/Apr/2025 23:58:23] "GET /api/couriers/shifts?chat_id=-1004755640016 HTTP/1.1" 200 -
2025-04-02 23:58:39,723 - __main__ - INFO - Получен запрос: POST /api/couriers/access/settings
2025-04-02 23:58:39,723 - __main__ - INFO - Заголовки: {'Host': 'localhost', 'X-Real-Ip': '172.19.0.1', 'X-Forwarded-For': '172.19.0.1', 'X-Forwarded-Proto': 'http', 'X-Forwarded-Host': 'localhost', 'X-Original-Uri': '/api/couriers/access/settings', 'Connection': 'close', 'Content-Length': '387', 'User-Agent': 'Mozilla/5.0 (iPhone; CPU iPhone OS 16_6 like Mac OS X) AppleWebKit/605.1.15 (KHTML, like Gecko) Version/16.6 Mobile/15E148 Safari/604.1', 'Content-Type': 'application/json', 'Accept': '*/*', 'Origin': 'http://localhost:3000', 'Sec-Fetch-Site': 'same-site', 'Sec-Fetch-Mode': 'cors', 'Sec-Fetch-Dest': 'empty', 'Referer': 'http://localhost:3000/', 'Accept-Encoding': 'gzip, deflate, br, zstd', 'Accept-Language': 'ru-RU,ru;q=0.9,en-RU;q=0.8,en;q=0.7,en-US;q=0.6'}
2025-04-02 23:58:39,724 - api.couriers.access.routes - INFO - 📝 Получены данные для обновления настроек доступа:
2025-04-02 23:58:39,725 - api.couriers.access.routes - INFO - 🔑 Ключи в запросе: ['chat_id', 'allowMultipleShifts', 'autoApprove', 'allowSameDay', 'registrationStartDay', 'registrationStartHour', 'registrationStartMinute', 'offsetType', 'offsetAmount', 'periodLength', 'isAlwaysActive', 'activeStartDate', 'activeEndDate', 'daysAhead', 'enabledDates', 'restrictedUsers', 'lastUpdated']
2025-04-02 23:58:39,739 - api.couriers.access.routes - INFO - ✅ Настройки успешно обновлены
2025-04-02 23:58:39,740 - api.couriers.access.routes - INFO - 🔑 Ключи в обновленных настройках: ['chat_id', 'allowMultipleShifts', 'autoApprove', 'allowSameDay', 'registrationStartDay', 'registrationStartHour', 'registrationStartMinute', 'offsetType', 'offsetAmount', 'periodLength', 'isAlwaysActive', 'activeStartDate', 'activeEndDate', 'daysAhead', 'enabledDates', 'restrictedUsers', 'lastUpdated']
2025-04-02 23:58:39,740 - api.couriers.access.routes - INFO - 📤 Отправка запроса на применение настроек с chat_id=-1004755640016
2025-04-02 23:58:39,742 - urllib3.connectionpool - DEBUG - Starting new HTTP connection (1): scheduler:8002
2025-04-02 23:58:39,760 - urllib3.connectionpool - DEBUG - http://scheduler:8002 "POST /apply-access-settings HTTP/1.1" 200 297
2025-04-02 23:58:39,761 - api.couriers.access.routes - INFO - ✅ Запрос на применение настроек успешно отправлен
2025-04-02 23:58:39,761 - api.couriers.access.routes - INFO - 📤 Отправка запроса на перезагрузку задач
2025-04-02 23:58:39,763 - urllib3.connectionpool - DEBUG - Starting new HTTP connection (1): scheduler:8002
2025-04-02 23:58:39,775 - urllib3.connectionpool - DEBUG - http://scheduler:8002 "POST /scheduler/reload-tasks HTTP/1.1" 200 192
2025-04-02 23:58:39,776 - api.couriers.access.routes - INFO - ✅ Запрос на перезагрузку задач успешно отправлен
2025-04-02 23:58:39,778 - werkzeug - INFO - 172.19.0.8 - - [02/Apr/2025 23:58:39] "POST /api/couriers/access/settings HTTP/1.1" 200 -
2025-04-02 23:58:42,752 - __main__ - INFO - Получен запрос: GET /api/couriers/shifts
2025-04-02 23:58:42,753 - __main__ - INFO - Заголовки: {'Host': 'localhost', 'X-Real-Ip': '172.19.0.1', 'X-Forwarded-For': '172.19.0.1', 'X-Forwarded-Proto': 'http', 'X-Forwarded-Host': 'localhost', 'X-Original-Uri': '/api/couriers/shifts?chat_id=-1004755640016', 'Connection': 'close', 'User-Agent': 'Mozilla/5.0 (iPhone; CPU iPhone OS 16_6 like Mac OS X) AppleWebKit/605.1.15 (KHTML, like Gecko) Version/16.6 Mobile/15E148 Safari/604.1', 'Accept': '*/*', 'Origin': 'http://localhost:3000', 'Sec-Fetch-Site': 'same-site', 'Sec-Fetch-Mode': 'cors', 'Sec-Fetch-Dest': 'empty', 'Referer': 'http://localhost:3000/', 'Accept-Encoding': 'gzip, deflate, br, zstd', 'Accept-Language': 'ru-RU,ru;q=0.9,en-RU;q=0.8,en;q=0.7,en-US;q=0.6'}
2025-04-02 23:58:42,753 - __main__ - INFO - Обработка запроса на /api/couriers/shifts без CORS декораторов
2025-04-02 23:58:42,754 - __main__ - INFO - Получен запрос: GET /api/couriers/access/settings
2025-04-02 23:58:42,755 - __main__ - INFO - Заголовки: {'Host': 'localhost', 'X-Real-Ip': '172.19.0.1', 'X-Forwarded-For': '172.19.0.1', 'X-Forwarded-Proto': 'http', 'X-Forwarded-Host': 'localhost', 'X-Original-Uri': '/api/couriers/access/settings?chat_id=-1004755640016', 'Connection': 'close', 'User-Agent': 'Mozilla/5.0 (iPhone; CPU iPhone OS 16_6 like Mac OS X) AppleWebKit/605.1.15 (KHTML, like Gecko) Version/16.6 Mobile/15E148 Safari/604.1', 'Accept': '*/*', 'Origin': 'http://localhost:3000', 'Sec-Fetch-Site': 'same-site', 'Sec-Fetch-Mode': 'cors', 'Sec-Fetch-Dest': 'empty', 'Referer': 'http://localhost:3000/', 'Accept-Encoding': 'gzip, deflate, br, zstd', 'Accept-Language': 'ru-RU,ru;q=0.9,en-RU;q=0.8,en;q=0.7,en-US;q=0.6'}
2025-04-02 23:58:42,756 - api.couriers.access.routes - INFO - 📝 Запрос настроек доступа: chat_id=-1004755640016
2025-04-02 23:58:42,760 - api.couriers.access.routes - INFO - ✅ Настройки загружены: 17 полей
2025-04-02 23:58:42,761 - werkzeug - INFO - 172.19.0.8 - - [02/Apr/2025 23:58:42] "GET /api/couriers/access/settings?chat_id=-1004755640016 HTTP/1.1" 200 -
2025-04-02 23:58:42,761 - data.shifts - INFO - Загрузка смен из файла: /app/data/shifts.json
2025-04-02 23:58:42,765 - werkzeug - INFO - 172.19.0.8 - - [02/Apr/2025 23:58:42] "GET /api/couriers/shifts?chat_id=-1004755640016 HTTP/1.1" 200 -
2025-04-02 23:58:42,772 - __main__ - INFO - Получен запрос: GET /api/couriers/shifts
2025-04-02 23:58:42,772 - __main__ - INFO - Заголовки: {'Host': 'localhost', 'X-Real-Ip': '172.19.0.1', 'X-Forwarded-For': '172.19.0.1', 'X-Forwarded-Proto': 'http', 'X-Forwarded-Host': 'localhost', 'X-Original-Uri': '/api/couriers/shifts?chat_id=-1004755640016', 'Connection': 'close', 'User-Agent': 'Mozilla/5.0 (iPhone; CPU iPhone OS 16_6 like Mac OS X) AppleWebKit/605.1.15 (KHTML, like Gecko) Version/16.6 Mobile/15E148 Safari/604.1', 'Accept': '*/*', 'Origin': 'http://localhost:3000', 'Sec-Fetch-Site': 'same-site', 'Sec-Fetch-Mode': 'cors', 'Sec-Fetch-Dest': 'empty', 'Referer': 'http://localhost:3000/', 'Accept-Encoding': 'gzip, deflate, br, zstd', 'Accept-Language': 'ru-RU,ru;q=0.9,en-RU;q=0.8,en;q=0.7,en-US;q=0.6'}
2025-04-02 23:58:42,774 - __main__ - INFO - Получен запрос: GET /api/couriers/access/settings
2025-04-02 23:58:42,774 - __main__ - INFO - Обработка запроса на /api/couriers/shifts без CORS декораторов
2025-04-02 23:58:42,776 - __main__ - INFO - Заголовки: {'Host': 'localhost', 'X-Real-Ip': '172.19.0.1', 'X-Forwarded-For': '172.19.0.1', 'X-Forwarded-Proto': 'http', 'X-Forwarded-Host': 'localhost', 'X-Original-Uri': '/api/couriers/access/settings?chat_id=-1004755640016', 'Connection': 'close', 'User-Agent': 'Mozilla/5.0 (iPhone; CPU iPhone OS 16_6 like Mac OS X) AppleWebKit/605.1.15 (KHTML, like Gecko) Version/16.6 Mobile/15E148 Safari/604.1', 'Accept': '*/*', 'Origin': 'http://localhost:3000', 'Sec-Fetch-Site': 'same-site', 'Sec-Fetch-Mode': 'cors', 'Sec-Fetch-Dest': 'empty', 'Referer': 'http://localhost:3000/', 'Accept-Encoding': 'gzip, deflate, br, zstd', 'Accept-Language': 'ru-RU,ru;q=0.9,en-RU;q=0.8,en;q=0.7,en-US;q=0.6'}
2025-04-02 23:58:42,777 - api.couriers.access.routes - INFO - 📝 Запрос настроек доступа: chat_id=-1004755640016
2025-04-02 23:58:42,780 - api.couriers.access.routes - INFO - ✅ Настройки загружены: 17 полей
2025-04-02 23:58:42,781 - werkzeug - INFO - 172.19.0.8 - - [02/Apr/2025 23:58:42] "GET /api/couriers/access/settings?chat_id=-1004755640016 HTTP/1.1" 200 -
2025-04-02 23:58:42,782 - data.shifts - INFO - Загрузка смен из файла: /app/data/shifts.json
2025-04-02 23:58:42,786 - werkzeug - INFO - 172.19.0.8 - - [02/Apr/2025 23:58:42] "GET /api/couriers/shifts?chat_id=-1004755640016 HTTP/1.1" 200 -
2025-04-02 23:58:43,359 - __main__ - INFO - Получен запрос: GET /api/couriers/shifts
2025-04-02 23:58:43,359 - __main__ - INFO - Заголовки: {'Host': 'localhost', 'X-Real-Ip': '172.19.0.1', 'X-Forwarded-For': '172.19.0.1', 'X-Forwarded-Proto': 'http', 'X-Forwarded-Host': 'localhost', 'X-Original-Uri': '/api/couriers/shifts?chat_id=-1004755640016', 'Connection': 'close', 'User-Agent': 'Mozilla/5.0 (iPhone; CPU iPhone OS 16_6 like Mac OS X) AppleWebKit/605.1.15 (KHTML, like Gecko) Version/16.6 Mobile/15E148 Safari/604.1', 'Accept': '*/*', 'Origin': 'http://localhost:3000', 'Sec-Fetch-Site': 'same-site', 'Sec-Fetch-Mode': 'cors', 'Sec-Fetch-Dest': 'empty', 'Referer': 'http://localhost:3000/', 'Accept-Encoding': 'gzip, deflate, br, zstd', 'Accept-Language': 'ru-RU,ru;q=0.9,en-RU;q=0.8,en;q=0.7,en-US;q=0.6'}
2025-04-02 23:58:43,359 - __main__ - INFO - Обработка запроса на /api/couriers/shifts без CORS декораторов
2025-04-02 23:58:43,366 - data.shifts - INFO - Загрузка смен из файла: /app/data/shifts.json
2025-04-02 23:58:43,370 - werkzeug - INFO - 172.19.0.8 - - [02/Apr/2025 23:58:43] "GET /api/couriers/shifts?chat_id=-1004755640016 HTTP/1.1" 200 -
2025-04-02 23:58:48,613 - __main__ - INFO - Получен запрос: GET /api/reserves
2025-04-02 23:58:48,614 - __main__ - INFO - Заголовки: {'Host': 'localhost', 'X-Real-Ip': '172.19.0.1', 'X-Forwarded-For': '172.19.0.1', 'X-Forwarded-Proto': 'http', 'X-Forwarded-Host': 'localhost', 'X-Original-Uri': '/api/reserves', 'Connection': 'close', 'User-Agent': 'Mozilla/5.0 (iPhone; CPU iPhone OS 16_6 like Mac OS X) AppleWebKit/605.1.15 (KHTML, like Gecko) Version/16.6 Mobile/15E148 Safari/604.1', 'Accept': '*/*', 'Origin': 'http://localhost:3000', 'Sec-Fetch-Site': 'same-site', 'Sec-Fetch-Mode': 'cors', 'Sec-Fetch-Dest': 'empty', 'Referer': 'http://localhost:3000/', 'Accept-Encoding': 'gzip, deflate, br, zstd', 'Accept-Language': 'ru-RU,ru;q=0.9,en-RU;q=0.8,en;q=0.7,en-US;q=0.6'}
2025-04-02 23:58:48,614 - __main__ - INFO - Обработка запроса на /api/reserves без CORS декораторов
2025-04-02 23:58:48,619 - werkzeug - INFO - 172.19.0.8 - - [02/Apr/2025 23:58:48] "GET /api/reserves HTTP/1.1" 200 -
2025-04-02 23:58:48,703 - __main__ - INFO - Получен запрос: GET /api/reserves
2025-04-02 23:58:48,703 - __main__ - INFO - Заголовки: {'Host': 'localhost', 'X-Real-Ip': '172.19.0.1', 'X-Forwarded-For': '172.19.0.1', 'X-Forwarded-Proto': 'http', 'X-Forwarded-Host': 'localhost', 'X-Original-Uri': '/api/reserves', 'Connection': 'close', 'User-Agent': 'Mozilla/5.0 (iPhone; CPU iPhone OS 16_6 like Mac OS X) AppleWebKit/605.1.15 (KHTML, like Gecko) Version/16.6 Mobile/15E148 Safari/604.1', 'Accept': '*/*', 'Origin': 'http://localhost:3000', 'Sec-Fetch-Site': 'same-site', 'Sec-Fetch-Mode': 'cors', 'Sec-Fetch-Dest': 'empty', 'Referer': 'http://localhost:3000/', 'Accept-Encoding': 'gzip, deflate, br, zstd', 'Accept-Language': 'ru-RU,ru;q=0.9,en-RU;q=0.8,en;q=0.7,en-US;q=0.6'}
2025-04-02 23:58:48,704 - __main__ - INFO - Обработка запроса на /api/reserves без CORS декораторов
2025-04-02 23:58:48,710 - werkzeug - INFO - 172.19.0.8 - - [02/Apr/2025 23:58:48] "GET /api/reserves HTTP/1.1" 200 -
2025-04-02 23:58:48,788 - __main__ - INFO - Получен запрос: GET /api/couriers/access/settings
2025-04-02 23:58:48,789 - __main__ - INFO - Заголовки: {'Host': 'localhost', 'X-Real-Ip': '172.19.0.1', 'X-Forwarded-For': '172.19.0.1', 'X-Forwarded-Proto': 'http', 'X-Forwarded-Host': 'localhost', 'X-Original-Uri': '/api/couriers/access/settings?chat_id=-1004755640016', 'Connection': 'close', 'User-Agent': 'Mozilla/5.0 (iPhone; CPU iPhone OS 16_6 like Mac OS X) AppleWebKit/605.1.15 (KHTML, like Gecko) Version/16.6 Mobile/15E148 Safari/604.1', 'Accept': '*/*', 'Origin': 'http://localhost:3000', 'Sec-Fetch-Site': 'same-site', 'Sec-Fetch-Mode': 'cors', 'Sec-Fetch-Dest': 'empty', 'Referer': 'http://localhost:3000/', 'Accept-Encoding': 'gzip, deflate, br, zstd', 'Accept-Language': 'ru-RU,ru;q=0.9,en-RU;q=0.8,en;q=0.7,en-US;q=0.6'}
2025-04-02 23:58:48,789 - api.couriers.access.routes - INFO - 📝 Запрос настроек доступа: chat_id=-1004755640016
2025-04-02 23:58:48,794 - api.couriers.access.routes - INFO - ✅ Настройки загружены: 17 полей
2025-04-02 23:58:48,795 - __main__ - INFO - Получен запрос: GET /api/couriers/1682142222/status
2025-04-02 23:58:48,796 - werkzeug - INFO - 172.19.0.8 - - [02/Apr/2025 23:58:48] "GET /api/couriers/access/settings?chat_id=-1004755640016 HTTP/1.1" 200 -
2025-04-02 23:58:48,796 - __main__ - INFO - Заголовки: {'Host': 'localhost', 'X-Real-Ip': '172.19.0.1', 'X-Forwarded-For': '172.19.0.1', 'X-Forwarded-Proto': 'http', 'X-Forwarded-Host': 'localhost', 'X-Original-Uri': '/api/couriers/1682142222/status?chat_id=-1004755640016', 'Connection': 'close', 'User-Agent': 'Mozilla/5.0 (iPhone; CPU iPhone OS 16_6 like Mac OS X) AppleWebKit/605.1.15 (KHTML, like Gecko) Version/16.6 Mobile/15E148 Safari/604.1', 'Accept': 'application/json, text/plain, */*', 'Origin': 'http://localhost:3000', 'Sec-Fetch-Site': 'same-site', 'Sec-Fetch-Mode': 'cors', 'Sec-Fetch-Dest': 'empty', 'Referer': 'http://localhost:3000/', 'Accept-Encoding': 'gzip, deflate, br, zstd', 'Accept-Language': 'ru-RU,ru;q=0.9,en-RU;q=0.8,en;q=0.7,en-US;q=0.6'}
2025-04-02 23:58:48,798 - api.couriers.routes - INFO - === Получение статуса курьера 1682142222 ===
2025-04-02 23:58:48,801 - api.couriers.routes - INFO - Chat ID из запроса: -1004755640016
2025-04-02 23:58:48,803 - __main__ - INFO - Получен запрос: GET /api/couriers/access/settings
2025-04-02 23:58:48,805 - __main__ - INFO - Заголовки: {'Host': 'localhost', 'X-Real-Ip': '172.19.0.1', 'X-Forwarded-For': '172.19.0.1', 'X-Forwarded-Proto': 'http', 'X-Forwarded-Host': 'localhost', 'X-Original-Uri': '/api/couriers/access/settings?chat_id=-1004755640016', 'Connection': 'close', 'User-Agent': 'Mozilla/5.0 (iPhone; CPU iPhone OS 16_6 like Mac OS X) AppleWebKit/605.1.15 (KHTML, like Gecko) Version/16.6 Mobile/15E148 Safari/604.1', 'Accept': '*/*', 'Origin': 'http://localhost:3000', 'Sec-Fetch-Site': 'same-site', 'Sec-Fetch-Mode': 'cors', 'Sec-Fetch-Dest': 'empty', 'Referer': 'http://localhost:3000/', 'Accept-Encoding': 'gzip, deflate, br, zstd', 'Accept-Language': 'ru-RU,ru;q=0.9,en-RU;q=0.8,en;q=0.7,en-US;q=0.6'}
2025-04-02 23:58:48,806 - api.couriers.access.routes - INFO - 📝 Запрос настроек доступа: chat_id=-1004755640016
2025-04-02 23:58:48,811 - api.couriers.access.routes - INFO - ✅ Настройки загружены: 17 полей
2025-04-02 23:58:48,811 - werkzeug - INFO - 172.19.0.8 - - [02/Apr/2025 23:58:48] "GET /api/couriers/access/settings?chat_id=-1004755640016 HTTP/1.1" 200 -
2025-04-02 23:58:48,820 - api.couriers.routes - INFO - Возвращаем статус курьера: {'user_id': 1682142222, 'first_name': 'Андрей', 'last_name': 'Николаевич', 'username': 'andrejnikolaevich1999', 'photo_url': 'https://api.telegram.org/file/bot7878489788:AAHupjPYeWpzVwo77F_BCR6fIA1I_P8p_Uc/photos/file_0.jpg', 'chat_id': '-1004755640016', 'is_admin': True, 'is_senior_courier': True, 'active_session': None, 'wallet': {'balance': 0, 'transactions_count': 0}, 'status': 'active'}
2025-04-02 23:58:48,820 - werkzeug - INFO - 172.19.0.8 - - [02/Apr/2025 23:58:48] "GET /api/couriers/1682142222/status?chat_id=-1004755640016 HTTP/1.1" 200 -
2025-04-02 23:58:48,828 - __main__ - INFO - Получен запрос: GET /api/couriers/1682142222/status
2025-04-02 23:58:48,828 - __main__ - INFO - Заголовки: {'Host': 'localhost', 'X-Real-Ip': '172.19.0.1', 'X-Forwarded-For': '172.19.0.1', 'X-Forwarded-Proto': 'http', 'X-Forwarded-Host': 'localhost', 'X-Original-Uri': '/api/couriers/1682142222/status?chat_id=-1004755640016', 'Connection': 'close', 'User-Agent': 'Mozilla/5.0 (iPhone; CPU iPhone OS 16_6 like Mac OS X) AppleWebKit/605.1.15 (KHTML, like Gecko) Version/16.6 Mobile/15E148 Safari/604.1', 'Accept': 'application/json, text/plain, */*', 'Origin': 'http://localhost:3000', 'Sec-Fetch-Site': 'same-site', 'Sec-Fetch-Mode': 'cors', 'Sec-Fetch-Dest': 'empty', 'Referer': 'http://localhost:3000/', 'Accept-Encoding': 'gzip, deflate, br, zstd', 'Accept-Language': 'ru-RU,ru;q=0.9,en-RU;q=0.8,en;q=0.7,en-US;q=0.6'}
2025-04-02 23:58:48,828 - api.couriers.routes - INFO - === Получение статуса курьера 1682142222 ===
2025-04-02 23:58:48,830 - __main__ - INFO - Получен запрос: GET /api/couriers/shifts
2025-04-02 23:58:48,830 - api.couriers.routes - INFO - Chat ID из запроса: -1004755640016
2025-04-02 23:58:48,831 - __main__ - INFO - Заголовки: {'Host': 'localhost', 'X-Real-Ip': '172.19.0.1', 'X-Forwarded-For': '172.19.0.1', 'X-Forwarded-Proto': 'http', 'X-Forwarded-Host': 'localhost', 'X-Original-Uri': '/api/couriers/shifts?chat_id=-1004755640016', 'Connection': 'close', 'User-Agent': 'Mozilla/5.0 (iPhone; CPU iPhone OS 16_6 like Mac OS X) AppleWebKit/605.1.15 (KHTML, like Gecko) Version/16.6 Mobile/15E148 Safari/604.1', 'Accept': '*/*', 'Origin': 'http://localhost:3000', 'Sec-Fetch-Site': 'same-site', 'Sec-Fetch-Mode': 'cors', 'Sec-Fetch-Dest': 'empty', 'Referer': 'http://localhost:3000/', 'Accept-Encoding': 'gzip, deflate, br, zstd', 'Accept-Language': 'ru-RU,ru;q=0.9,en-RU;q=0.8,en;q=0.7,en-US;q=0.6'}
2025-04-02 23:58:48,833 - __main__ - INFO - Обработка запроса на /api/couriers/shifts без CORS декораторов
2025-04-02 23:58:48,838 - data.shifts - INFO - Загрузка смен из файла: /app/data/shifts.json
2025-04-02 23:58:48,842 - werkzeug - INFO - 172.19.0.8 - - [02/Apr/2025 23:58:48] "GET /api/couriers/shifts?chat_id=-1004755640016 HTTP/1.1" 200 -
2025-04-02 23:58:48,843 - api.couriers.routes - INFO - Возвращаем статус курьера: {'user_id': 1682142222, 'first_name': 'Андрей', 'last_name': 'Николаевич', 'username': 'andrejnikolaevich1999', 'photo_url': 'https://api.telegram.org/file/bot7878489788:AAHupjPYeWpzVwo77F_BCR6fIA1I_P8p_Uc/photos/file_0.jpg', 'chat_id': '-1004755640016', 'is_admin': True, 'is_senior_courier': True, 'active_session': None, 'wallet': {'balance': 0, 'transactions_count': 0}, 'status': 'active'}
2025-04-02 23:58:48,844 - werkzeug - INFO - 172.19.0.8 - - [02/Apr/2025 23:58:48] "GET /api/couriers/1682142222/status?chat_id=-1004755640016 HTTP/1.1" 200 -
2025-04-02 23:58:48,850 - __main__ - INFO - Получен запрос: GET /api/couriers/shifts
2025-04-02 23:58:48,850 - __main__ - INFO - Заголовки: {'Host': 'localhost', 'X-Real-Ip': '172.19.0.1', 'X-Forwarded-For': '172.19.0.1', 'X-Forwarded-Proto': 'http', 'X-Forwarded-Host': 'localhost', 'X-Original-Uri': '/api/couriers/shifts?chat_id=-1004755640016', 'Connection': 'close', 'User-Agent': 'Mozilla/5.0 (iPhone; CPU iPhone OS 16_6 like Mac OS X) AppleWebKit/605.1.15 (KHTML, like Gecko) Version/16.6 Mobile/15E148 Safari/604.1', 'Accept': '*/*', 'Origin': 'http://localhost:3000', 'Sec-Fetch-Site': 'same-site', 'Sec-Fetch-Mode': 'cors', 'Sec-Fetch-Dest': 'empty', 'Referer': 'http://localhost:3000/', 'Accept-Encoding': 'gzip, deflate, br, zstd', 'Accept-Language': 'ru-RU,ru;q=0.9,en-RU;q=0.8,en;q=0.7,en-US;q=0.6'}
2025-04-02 23:58:48,851 - __main__ - INFO - Обработка запроса на /api/couriers/shifts без CORS декораторов
2025-04-02 23:58:48,855 - data.shifts - INFO - Загрузка смен из файла: /app/data/shifts.json
2025-04-02 23:58:48,858 - werkzeug - INFO - 172.19.0.8 - - [02/Apr/2025 23:58:48] "GET /api/couriers/shifts?chat_id=-1004755640016 HTTP/1.1" 200 -
2025-04-02 23:59:01,132 - __main__ - INFO - Получен запрос: POST /api/couriers/access/settings
2025-04-02 23:59:01,132 - __main__ - INFO - Заголовки: {'Host': 'localhost', 'X-Real-Ip': '172.19.0.1', 'X-Forwarded-For': '172.19.0.1', 'X-Forwarded-Proto': 'http', 'X-Forwarded-Host': 'localhost', 'X-Original-Uri': '/api/couriers/access/settings', 'Connection': 'close', 'Content-Length': '387', 'User-Agent': 'Mozilla/5.0 (iPhone; CPU iPhone OS 16_6 like Mac OS X) AppleWebKit/605.1.15 (KHTML, like Gecko) Version/16.6 Mobile/15E148 Safari/604.1', 'Content-Type': 'application/json', 'Accept': '*/*', 'Origin': 'http://localhost:3000', 'Sec-Fetch-Site': 'same-site', 'Sec-Fetch-Mode': 'cors', 'Sec-Fetch-Dest': 'empty', 'Referer': 'http://localhost:3000/', 'Accept-Encoding': 'gzip, deflate, br, zstd', 'Accept-Language': 'ru-RU,ru;q=0.9,en-RU;q=0.8,en;q=0.7,en-US;q=0.6'}
2025-04-02 23:59:01,133 - api.couriers.access.routes - INFO - 📝 Получены данные для обновления настроек доступа:
2025-04-02 23:59:01,135 - api.couriers.access.routes - INFO - 🔑 Ключи в запросе: ['chat_id', 'allowMultipleShifts', 'autoApprove', 'allowSameDay', 'registrationStartDay', 'registrationStartHour', 'registrationStartMinute', 'offsetType', 'offsetAmount', 'periodLength', 'isAlwaysActive', 'activeStartDate', 'activeEndDate', 'daysAhead', 'enabledDates', 'restrictedUsers', 'lastUpdated']
2025-04-02 23:59:01,147 - api.couriers.access.routes - INFO - ✅ Настройки успешно обновлены
2025-04-02 23:59:01,148 - api.couriers.access.routes - INFO - 🔑 Ключи в обновленных настройках: ['chat_id', 'allowMultipleShifts', 'autoApprove', 'allowSameDay', 'registrationStartDay', 'registrationStartHour', 'registrationStartMinute', 'offsetType', 'offsetAmount', 'periodLength', 'isAlwaysActive', 'activeStartDate', 'activeEndDate', 'daysAhead', 'enabledDates', 'restrictedUsers', 'lastUpdated']
2025-04-02 23:59:01,148 - api.couriers.access.routes - INFO - 📤 Отправка запроса на применение настроек с chat_id=-1004755640016
2025-04-02 23:59:01,150 - urllib3.connectionpool - DEBUG - Starting new HTTP connection (1): scheduler:8002
2025-04-02 23:59:01,162 - urllib3.connectionpool - DEBUG - http://scheduler:8002 "POST /apply-access-settings HTTP/1.1" 200 297
2025-04-02 23:59:01,163 - api.couriers.access.routes - INFO - ✅ Запрос на применение настроек успешно отправлен
2025-04-02 23:59:01,163 - api.couriers.access.routes - INFO - 📤 Отправка запроса на перезагрузку задач
2025-04-02 23:59:01,166 - urllib3.connectionpool - DEBUG - Starting new HTTP connection (1): scheduler:8002
2025-04-02 23:59:01,193 - urllib3.connectionpool - DEBUG - http://scheduler:8002 "POST /scheduler/reload-tasks HTTP/1.1" 200 192
2025-04-02 23:59:01,194 - api.couriers.access.routes - INFO - ✅ Запрос на перезагрузку задач успешно отправлен
2025-04-02 23:59:01,195 - werkzeug - INFO - 172.19.0.8 - - [02/Apr/2025 23:59:01] "POST /api/couriers/access/settings HTTP/1.1" 200 -
2025-04-02 23:59:03,435 - __main__ - INFO - Получен запрос: GET /api/couriers/shifts
2025-04-02 23:59:03,435 - __main__ - INFO - Заголовки: {'Host': 'localhost', 'X-Real-Ip': '172.19.0.1', 'X-Forwarded-For': '172.19.0.1', 'X-Forwarded-Proto': 'http', 'X-Forwarded-Host': 'localhost', 'X-Original-Uri': '/api/couriers/shifts?chat_id=-1004755640016', 'Connection': 'close', 'User-Agent': 'Mozilla/5.0 (iPhone; CPU iPhone OS 16_6 like Mac OS X) AppleWebKit/605.1.15 (KHTML, like Gecko) Version/16.6 Mobile/15E148 Safari/604.1', 'Accept': '*/*', 'Origin': 'http://localhost:3000', 'Sec-Fetch-Site': 'same-site', 'Sec-Fetch-Mode': 'cors', 'Sec-Fetch-Dest': 'empty', 'Referer': 'http://localhost:3000/', 'Accept-Encoding': 'gzip, deflate, br, zstd', 'Accept-Language': 'ru-RU,ru;q=0.9,en-RU;q=0.8,en;q=0.7,en-US;q=0.6'}
2025-04-02 23:59:03,436 - __main__ - INFO - Обработка запроса на /api/couriers/shifts без CORS декораторов
2025-04-02 23:59:03,440 - __main__ - INFO - Получен запрос: GET /api/couriers/access/settings
2025-04-02 23:59:03,440 - __main__ - INFO - Заголовки: {'Host': 'localhost', 'X-Real-Ip': '172.19.0.1', 'X-Forwarded-For': '172.19.0.1', 'X-Forwarded-Proto': 'http', 'X-Forwarded-Host': 'localhost', 'X-Original-Uri': '/api/couriers/access/settings?chat_id=-1004755640016', 'Connection': 'close', 'User-Agent': 'Mozilla/5.0 (iPhone; CPU iPhone OS 16_6 like Mac OS X) AppleWebKit/605.1.15 (KHTML, like Gecko) Version/16.6 Mobile/15E148 Safari/604.1', 'Accept': '*/*', 'Origin': 'http://localhost:3000', 'Sec-Fetch-Site': 'same-site', 'Sec-Fetch-Mode': 'cors', 'Sec-Fetch-Dest': 'empty', 'Referer': 'http://localhost:3000/', 'Accept-Encoding': 'gzip, deflate, br, zstd', 'Accept-Language': 'ru-RU,ru;q=0.9,en-RU;q=0.8,en;q=0.7,en-US;q=0.6'}
2025-04-02 23:59:03,441 - api.couriers.access.routes - INFO - 📝 Запрос настроек доступа: chat_id=-1004755640016
2025-04-02 23:59:03,453 - data.shifts - INFO - Загрузка смен из файла: /app/data/shifts.json
2025-04-02 23:59:03,453 - api.couriers.access.routes - INFO - ✅ Настройки загружены: 17 полей
2025-04-02 23:59:03,455 - werkzeug - INFO - 172.19.0.8 - - [02/Apr/2025 23:59:03] "GET /api/couriers/access/settings?chat_id=-1004755640016 HTTP/1.1" 200 -
2025-04-02 23:59:03,459 - werkzeug - INFO - 172.19.0.8 - - [02/Apr/2025 23:59:03] "GET /api/couriers/shifts?chat_id=-1004755640016 HTTP/1.1" 200 -
2025-04-02 23:59:03,466 - __main__ - INFO - Получен запрос: GET /api/couriers/access/settings
2025-04-02 23:59:03,467 - __main__ - INFO - Заголовки: {'Host': 'localhost', 'X-Real-Ip': '172.19.0.1', 'X-Forwarded-For': '172.19.0.1', 'X-Forwarded-Proto': 'http', 'X-Forwarded-Host': 'localhost', 'X-Original-Uri': '/api/couriers/access/settings?chat_id=-1004755640016', 'Connection': 'close', 'User-Agent': 'Mozilla/5.0 (iPhone; CPU iPhone OS 16_6 like Mac OS X) AppleWebKit/605.1.15 (KHTML, like Gecko) Version/16.6 Mobile/15E148 Safari/604.1', 'Accept': '*/*', 'Origin': 'http://localhost:3000', 'Sec-Fetch-Site': 'same-site', 'Sec-Fetch-Mode': 'cors', 'Sec-Fetch-Dest': 'empty', 'Referer': 'http://localhost:3000/', 'Accept-Encoding': 'gzip, deflate, br, zstd', 'Accept-Language': 'ru-RU,ru;q=0.9,en-RU;q=0.8,en;q=0.7,en-US;q=0.6'}
2025-04-02 23:59:03,468 - __main__ - INFO - Получен запрос: GET /api/couriers/shifts
2025-04-02 23:59:03,473 - __main__ - INFO - Заголовки: {'Host': 'localhost', 'X-Real-Ip': '172.19.0.1', 'X-Forwarded-For': '172.19.0.1', 'X-Forwarded-Proto': 'http', 'X-Forwarded-Host': 'localhost', 'X-Original-Uri': '/api/couriers/shifts?chat_id=-1004755640016', 'Connection': 'close', 'User-Agent': 'Mozilla/5.0 (iPhone; CPU iPhone OS 16_6 like Mac OS X) AppleWebKit/605.1.15 (KHTML, like Gecko) Version/16.6 Mobile/15E148 Safari/604.1', 'Accept': '*/*', 'Origin': 'http://localhost:3000', 'Sec-Fetch-Site': 'same-site', 'Sec-Fetch-Mode': 'cors', 'Sec-Fetch-Dest': 'empty', 'Referer': 'http://localhost:3000/', 'Accept-Encoding': 'gzip, deflate, br, zstd', 'Accept-Language': 'ru-RU,ru;q=0.9,en-RU;q=0.8,en;q=0.7,en-US;q=0.6'}
2025-04-02 23:59:03,472 - api.couriers.access.routes - INFO - 📝 Запрос настроек доступа: chat_id=-1004755640016
2025-04-02 23:59:03,473 - __main__ - INFO - Обработка запроса на /api/couriers/shifts без CORS декораторов
2025-04-02 23:59:03,477 - api.couriers.access.routes - INFO - ✅ Настройки загружены: 17 полей
2025-04-02 23:59:03,478 - werkzeug - INFO - 172.19.0.8 - - [02/Apr/2025 23:59:03] "GET /api/couriers/access/settings?chat_id=-1004755640016 HTTP/1.1" 200 -
2025-04-02 23:59:03,484 - data.shifts - INFO - Загрузка смен из файла: /app/data/shifts.json
2025-04-02 23:59:03,486 - werkzeug - INFO - 172.19.0.8 - - [02/Apr/2025 23:59:03] "GET /api/couriers/shifts?chat_id=-1004755640016 HTTP/1.1" 200 -
2025-04-02 23:59:03,977 - __main__ - INFO - Получен запрос: GET /api/couriers/shifts
2025-04-02 23:59:03,977 - __main__ - INFO - Заголовки: {'Host': 'localhost', 'X-Real-Ip': '172.19.0.1', 'X-Forwarded-For': '172.19.0.1', 'X-Forwarded-Proto': 'http', 'X-Forwarded-Host': 'localhost', 'X-Original-Uri': '/api/couriers/shifts?chat_id=-1004755640016', 'Connection': 'close', 'User-Agent': 'Mozilla/5.0 (iPhone; CPU iPhone OS 16_6 like Mac OS X) AppleWebKit/605.1.15 (KHTML, like Gecko) Version/16.6 Mobile/15E148 Safari/604.1', 'Accept': '*/*', 'Origin': 'http://localhost:3000', 'Sec-Fetch-Site': 'same-site', 'Sec-Fetch-Mode': 'cors', 'Sec-Fetch-Dest': 'empty', 'Referer': 'http://localhost:3000/', 'Accept-Encoding': 'gzip, deflate, br, zstd', 'Accept-Language': 'ru-RU,ru;q=0.9,en-RU;q=0.8,en;q=0.7,en-US;q=0.6'}
2025-04-02 23:59:03,978 - __main__ - INFO - Обработка запроса на /api/couriers/shifts без CORS декораторов
2025-04-02 23:59:03,981 - data.shifts - INFO - Загрузка смен из файла: /app/data/shifts.json
2025-04-02 23:59:03,983 - werkzeug - INFO - 172.19.0.8 - - [02/Apr/2025 23:59:03] "GET /api/couriers/shifts?chat_id=-1004755640016 HTTP/1.1" 200 -
2025-04-02 23:59:15,132 - __main__ - INFO - Получен запрос: GET /api/reserves
2025-04-02 23:59:15,132 - __main__ - INFO - Заголовки: {'Host': 'localhost', 'X-Real-Ip': '172.19.0.1', 'X-Forwarded-For': '172.19.0.1', 'X-Forwarded-Proto': 'http', 'X-Forwarded-Host': 'localhost', 'X-Original-Uri': '/api/reserves', 'Connection': 'close', 'User-Agent': 'Mozilla/5.0 (iPhone; CPU iPhone OS 16_6 like Mac OS X) AppleWebKit/605.1.15 (KHTML, like Gecko) Version/16.6 Mobile/15E148 Safari/604.1', 'Accept': '*/*', 'Origin': 'http://localhost:3000', 'Sec-Fetch-Site': 'same-site', 'Sec-Fetch-Mode': 'cors', 'Sec-Fetch-Dest': 'empty', 'Referer': 'http://localhost:3000/', 'Accept-Encoding': 'gzip, deflate, br, zstd', 'Accept-Language': 'ru-RU,ru;q=0.9,en-RU;q=0.8,en;q=0.7,en-US;q=0.6'}
2025-04-02 23:59:15,133 - __main__ - INFO - Обработка запроса на /api/reserves без CORS декораторов
2025-04-02 23:59:15,140 - werkzeug - INFO - 172.19.0.8 - - [02/Apr/2025 23:59:15] "GET /api/reserves HTTP/1.1" 200 -
2025-04-02 23:59:15,254 - __main__ - INFO - Получен запрос: GET /api/reserves
2025-04-02 23:59:15,255 - __main__ - INFO - Заголовки: {'Host': 'localhost', 'X-Real-Ip': '172.19.0.1', 'X-Forwarded-For': '172.19.0.1', 'X-Forwarded-Proto': 'http', 'X-Forwarded-Host': 'localhost', 'X-Original-Uri': '/api/reserves', 'Connection': 'close', 'User-Agent': 'Mozilla/5.0 (iPhone; CPU iPhone OS 16_6 like Mac OS X) AppleWebKit/605.1.15 (KHTML, like Gecko) Version/16.6 Mobile/15E148 Safari/604.1', 'Accept': '*/*', 'Origin': 'http://localhost:3000', 'Sec-Fetch-Site': 'same-site', 'Sec-Fetch-Mode': 'cors', 'Sec-Fetch-Dest': 'empty', 'Referer': 'http://localhost:3000/', 'Accept-Encoding': 'gzip, deflate, br, zstd', 'Accept-Language': 'ru-RU,ru;q=0.9,en-RU;q=0.8,en;q=0.7,en-US;q=0.6'}
2025-04-02 23:59:15,257 - __main__ - INFO - Обработка запроса на /api/reserves без CORS декораторов
2025-04-02 23:59:15,263 - werkzeug - INFO - 172.19.0.8 - - [02/Apr/2025 23:59:15] "GET /api/reserves HTTP/1.1" 200 -
2025-04-02 23:59:15,353 - __main__ - INFO - Получен запрос: GET /api/couriers/access/settings
2025-04-02 23:59:15,354 - __main__ - INFO - Получен запрос: GET /api/couriers/1682142222/status
2025-04-02 23:59:15,354 - __main__ - INFO - Заголовки: {'Host': 'localhost', 'X-Real-Ip': '172.19.0.1', 'X-Forwarded-For': '172.19.0.1', 'X-Forwarded-Proto': 'http', 'X-Forwarded-Host': 'localhost', 'X-Original-Uri': '/api/couriers/access/settings?chat_id=-1004755640016', 'Connection': 'close', 'User-Agent': 'Mozilla/5.0 (iPhone; CPU iPhone OS 16_6 like Mac OS X) AppleWebKit/605.1.15 (KHTML, like Gecko) Version/16.6 Mobile/15E148 Safari/604.1', 'Accept': '*/*', 'Origin': 'http://localhost:3000', 'Sec-Fetch-Site': 'same-site', 'Sec-Fetch-Mode': 'cors', 'Sec-Fetch-Dest': 'empty', 'Referer': 'http://localhost:3000/', 'Accept-Encoding': 'gzip, deflate, br, zstd', 'Accept-Language': 'ru-RU,ru;q=0.9,en-RU;q=0.8,en;q=0.7,en-US;q=0.6'}
2025-04-02 23:59:15,354 - __main__ - INFO - Заголовки: {'Host': 'localhost', 'X-Real-Ip': '172.19.0.1', 'X-Forwarded-For': '172.19.0.1', 'X-Forwarded-Proto': 'http', 'X-Forwarded-Host': 'localhost', 'X-Original-Uri': '/api/couriers/1682142222/status?chat_id=-1004755640016', 'Connection': 'close', 'User-Agent': 'Mozilla/5.0 (iPhone; CPU iPhone OS 16_6 like Mac OS X) AppleWebKit/605.1.15 (KHTML, like Gecko) Version/16.6 Mobile/15E148 Safari/604.1', 'Accept': 'application/json, text/plain, */*', 'Origin': 'http://localhost:3000', 'Sec-Fetch-Site': 'same-site', 'Sec-Fetch-Mode': 'cors', 'Sec-Fetch-Dest': 'empty', 'Referer': 'http://localhost:3000/', 'Accept-Encoding': 'gzip, deflate, br, zstd', 'Accept-Language': 'ru-RU,ru;q=0.9,en-RU;q=0.8,en;q=0.7,en-US;q=0.6'}
2025-04-02 23:59:15,356 - api.couriers.access.routes - INFO - 📝 Запрос настроек доступа: chat_id=-1004755640016
2025-04-02 23:59:15,357 - api.couriers.routes - INFO - === Получение статуса курьера 1682142222 ===
2025-04-02 23:59:15,359 - api.couriers.routes - INFO - Chat ID из запроса: -1004755640016
2025-04-02 23:59:15,361 - api.couriers.access.routes - INFO - ✅ Настройки загружены: 17 полей
2025-04-02 23:59:15,363 - werkzeug - INFO - 172.19.0.8 - - [02/Apr/2025 23:59:15] "GET /api/couriers/access/settings?chat_id=-1004755640016 HTTP/1.1" 200 -
2025-04-02 23:59:15,369 - __main__ - INFO - Получен запрос: GET /api/couriers/access/settings
2025-04-02 23:59:15,369 - __main__ - INFO - Заголовки: {'Host': 'localhost', 'X-Real-Ip': '172.19.0.1', 'X-Forwarded-For': '172.19.0.1', 'X-Forwarded-Proto': 'http', 'X-Forwarded-Host': 'localhost', 'X-Original-Uri': '/api/couriers/access/settings?chat_id=-1004755640016', 'Connection': 'close', 'User-Agent': 'Mozilla/5.0 (iPhone; CPU iPhone OS 16_6 like Mac OS X) AppleWebKit/605.1.15 (KHTML, like Gecko) Version/16.6 Mobile/15E148 Safari/604.1', 'Accept': '*/*', 'Origin': 'http://localhost:3000', 'Sec-Fetch-Site': 'same-site', 'Sec-Fetch-Mode': 'cors', 'Sec-Fetch-Dest': 'empty', 'Referer': 'http://localhost:3000/', 'Accept-Encoding': 'gzip, deflate, br, zstd', 'Accept-Language': 'ru-RU,ru;q=0.9,en-RU;q=0.8,en;q=0.7,en-US;q=0.6'}
2025-04-02 23:59:15,370 - api.couriers.access.routes - INFO - 📝 Запрос настроек доступа: chat_id=-1004755640016
2025-04-02 23:59:15,375 - api.couriers.access.routes - INFO - ✅ Настройки загружены: 17 полей
2025-04-02 23:59:15,375 - werkzeug - INFO - 172.19.0.8 - - [02/Apr/2025 23:59:15] "GET /api/couriers/access/settings?chat_id=-1004755640016 HTTP/1.1" 200 -
2025-04-02 23:59:15,377 - api.couriers.routes - INFO - Возвращаем статус курьера: {'user_id': 1682142222, 'first_name': 'Андрей', 'last_name': 'Николаевич', 'username': 'andrejnikolaevich1999', 'photo_url': 'https://api.telegram.org/file/bot7878489788:AAHupjPYeWpzVwo77F_BCR6fIA1I_P8p_Uc/photos/file_0.jpg', 'chat_id': '-1004755640016', 'is_admin': True, 'is_senior_courier': True, 'active_session': None, 'wallet': {'balance': 0, 'transactions_count': 0}, 'status': 'active'}
2025-04-02 23:59:15,381 - werkzeug - INFO - 172.19.0.8 - - [02/Apr/2025 23:59:15] "GET /api/couriers/1682142222/status?chat_id=-1004755640016 HTTP/1.1" 200 -
2025-04-02 23:59:15,389 - __main__ - INFO - Получен запрос: GET /api/couriers/1682142222/status
2025-04-02 23:59:15,390 - __main__ - INFO - Заголовки: {'Host': 'localhost', 'X-Real-Ip': '172.19.0.1', 'X-Forwarded-For': '172.19.0.1', 'X-Forwarded-Proto': 'http', 'X-Forwarded-Host': 'localhost', 'X-Original-Uri': '/api/couriers/1682142222/status?chat_id=-1004755640016', 'Connection': 'close', 'User-Agent': 'Mozilla/5.0 (iPhone; CPU iPhone OS 16_6 like Mac OS X) AppleWebKit/605.1.15 (KHTML, like Gecko) Version/16.6 Mobile/15E148 Safari/604.1', 'Accept': 'application/json, text/plain, */*', 'Origin': 'http://localhost:3000', 'Sec-Fetch-Site': 'same-site', 'Sec-Fetch-Mode': 'cors', 'Sec-Fetch-Dest': 'empty', 'Referer': 'http://localhost:3000/', 'Accept-Encoding': 'gzip, deflate, br, zstd', 'Accept-Language': 'ru-RU,ru;q=0.9,en-RU;q=0.8,en;q=0.7,en-US;q=0.6'}
2025-04-02 23:59:15,391 - api.couriers.routes - INFO - === Получение статуса курьера 1682142222 ===
2025-04-02 23:59:15,395 - __main__ - INFO - Получен запрос: GET /api/couriers/shifts
2025-04-02 23:59:15,395 - api.couriers.routes - INFO - Chat ID из запроса: -1004755640016
2025-04-02 23:59:15,395 - __main__ - INFO - Заголовки: {'Host': 'localhost', 'X-Real-Ip': '172.19.0.1', 'X-Forwarded-For': '172.19.0.1', 'X-Forwarded-Proto': 'http', 'X-Forwarded-Host': 'localhost', 'X-Original-Uri': '/api/couriers/shifts?chat_id=-1004755640016', 'Connection': 'close', 'User-Agent': 'Mozilla/5.0 (iPhone; CPU iPhone OS 16_6 like Mac OS X) AppleWebKit/605.1.15 (KHTML, like Gecko) Version/16.6 Mobile/15E148 Safari/604.1', 'Accept': '*/*', 'Origin': 'http://localhost:3000', 'Sec-Fetch-Site': 'same-site', 'Sec-Fetch-Mode': 'cors', 'Sec-Fetch-Dest': 'empty', 'Referer': 'http://localhost:3000/', 'Accept-Encoding': 'gzip, deflate, br, zstd', 'Accept-Language': 'ru-RU,ru;q=0.9,en-RU;q=0.8,en;q=0.7,en-US;q=0.6'}
2025-04-02 23:59:15,398 - __main__ - INFO - Обработка запроса на /api/couriers/shifts без CORS декораторов
2025-04-02 23:59:15,402 - data.shifts - INFO - Загрузка смен из файла: /app/data/shifts.json
2025-04-02 23:59:15,405 - werkzeug - INFO - 172.19.0.8 - - [02/Apr/2025 23:59:15] "GET /api/couriers/shifts?chat_id=-1004755640016 HTTP/1.1" 200 -
2025-04-02 23:59:15,416 - api.couriers.routes - INFO - Возвращаем статус курьера: {'user_id': 1682142222, 'first_name': 'Андрей', 'last_name': 'Николаевич', 'username': 'andrejnikolaevich1999', 'photo_url': 'https://api.telegram.org/file/bot7878489788:AAHupjPYeWpzVwo77F_BCR6fIA1I_P8p_Uc/photos/file_0.jpg', 'chat_id': '-1004755640016', 'is_admin': True, 'is_senior_courier': True, 'active_session': None, 'wallet': {'balance': 0, 'transactions_count': 0}, 'status': 'active'}
2025-04-02 23:59:15,417 - werkzeug - INFO - 172.19.0.8 - - [02/Apr/2025 23:59:15] "GET /api/couriers/1682142222/status?chat_id=-1004755640016 HTTP/1.1" 200 -
2025-04-02 23:59:15,427 - __main__ - INFO - Получен запрос: GET /api/couriers/shifts
2025-04-02 23:59:15,428 - __main__ - INFO - Заголовки: {'Host': 'localhost', 'X-Real-Ip': '172.19.0.1', 'X-Forwarded-For': '172.19.0.1', 'X-Forwarded-Proto': 'http', 'X-Forwarded-Host': 'localhost', 'X-Original-Uri': '/api/couriers/shifts?chat_id=-1004755640016', 'Connection': 'close', 'User-Agent': 'Mozilla/5.0 (iPhone; CPU iPhone OS 16_6 like Mac OS X) AppleWebKit/605.1.15 (KHTML, like Gecko) Version/16.6 Mobile/15E148 Safari/604.1', 'Accept': '*/*', 'Origin': 'http://localhost:3000', 'Sec-Fetch-Site': 'same-site', 'Sec-Fetch-Mode': 'cors', 'Sec-Fetch-Dest': 'empty', 'Referer': 'http://localhost:3000/', 'Accept-Encoding': 'gzip, deflate, br, zstd', 'Accept-Language': 'ru-RU,ru;q=0.9,en-RU;q=0.8,en;q=0.7,en-US;q=0.6'}
2025-04-02 23:59:15,429 - __main__ - INFO - Обработка запроса на /api/couriers/shifts без CORS декораторов
2025-04-02 23:59:15,436 - data.shifts - INFO - Загрузка смен из файла: /app/data/shifts.json
2025-04-02 23:59:15,439 - werkzeug - INFO - 172.19.0.8 - - [02/Apr/2025 23:59:15] "GET /api/couriers/shifts?chat_id=-1004755640016 HTTP/1.1" 200 -
2025-04-02 23:59:23,177 - __main__ - INFO - Получен запрос: POST /api/couriers/access/settings
2025-04-02 23:59:23,178 - __main__ - INFO - Заголовки: {'Host': 'localhost', 'X-Real-Ip': '172.19.0.1', 'X-Forwarded-For': '172.19.0.1', 'X-Forwarded-Proto': 'http', 'X-Forwarded-Host': 'localhost', 'X-Original-Uri': '/api/couriers/access/settings', 'Connection': 'close', 'Content-Length': '387', 'User-Agent': 'Mozilla/5.0 (iPhone; CPU iPhone OS 16_6 like Mac OS X) AppleWebKit/605.1.15 (KHTML, like Gecko) Version/16.6 Mobile/15E148 Safari/604.1', 'Content-Type': 'application/json', 'Accept': '*/*', 'Origin': 'http://localhost:3000', 'Sec-Fetch-Site': 'same-site', 'Sec-Fetch-Mode': 'cors', 'Sec-Fetch-Dest': 'empty', 'Referer': 'http://localhost:3000/', 'Accept-Encoding': 'gzip, deflate, br, zstd', 'Accept-Language': 'ru-RU,ru;q=0.9,en-RU;q=0.8,en;q=0.7,en-US;q=0.6'}
2025-04-02 23:59:23,178 - api.couriers.access.routes - INFO - 📝 Получены данные для обновления настроек доступа:
2025-04-02 23:59:23,179 - api.couriers.access.routes - INFO - 🔑 Ключи в запросе: ['chat_id', 'allowMultipleShifts', 'autoApprove', 'allowSameDay', 'registrationStartDay', 'registrationStartHour', 'registrationStartMinute', 'offsetType', 'offsetAmount', 'periodLength', 'isAlwaysActive', 'activeStartDate', 'activeEndDate', 'daysAhead', 'enabledDates', 'restrictedUsers', 'lastUpdated']
2025-04-02 23:59:23,189 - api.couriers.access.routes - INFO - ✅ Настройки успешно обновлены
2025-04-02 23:59:23,189 - api.couriers.access.routes - INFO - 🔑 Ключи в обновленных настройках: ['chat_id', 'allowMultipleShifts', 'autoApprove', 'allowSameDay', 'registrationStartDay', 'registrationStartHour', 'registrationStartMinute', 'offsetType', 'offsetAmount', 'periodLength', 'isAlwaysActive', 'activeStartDate', 'activeEndDate', 'daysAhead', 'enabledDates', 'restrictedUsers', 'lastUpdated']
2025-04-02 23:59:23,189 - api.couriers.access.routes - INFO - 📤 Отправка запроса на применение настроек с chat_id=-1004755640016
2025-04-02 23:59:23,191 - urllib3.connectionpool - DEBUG - Starting new HTTP connection (1): scheduler:8002
2025-04-02 23:59:23,199 - urllib3.connectionpool - DEBUG - http://scheduler:8002 "POST /apply-access-settings HTTP/1.1" 200 297
2025-04-02 23:59:23,200 - api.couriers.access.routes - INFO - ✅ Запрос на применение настроек успешно отправлен
2025-04-02 23:59:23,200 - api.couriers.access.routes - INFO - 📤 Отправка запроса на перезагрузку задач
2025-04-02 23:59:23,202 - urllib3.connectionpool - DEBUG - Starting new HTTP connection (1): scheduler:8002
2025-04-02 23:59:23,217 - urllib3.connectionpool - DEBUG - http://scheduler:8002 "POST /scheduler/reload-tasks HTTP/1.1" 200 192
2025-04-02 23:59:23,217 - api.couriers.access.routes - INFO - ✅ Запрос на перезагрузку задач успешно отправлен
2025-04-02 23:59:23,218 - werkzeug - INFO - 172.19.0.8 - - [02/Apr/2025 23:59:23] "POST /api/couriers/access/settings HTTP/1.1" 200 -
2025-04-02 23:59:29,669 - __main__ - INFO - Получен запрос: GET /api/couriers/shifts
2025-04-02 23:59:29,670 - __main__ - INFO - Заголовки: {'Host': 'localhost', 'X-Real-Ip': '172.19.0.1', 'X-Forwarded-For': '172.19.0.1', 'X-Forwarded-Proto': 'http', 'X-Forwarded-Host': 'localhost', 'X-Original-Uri': '/api/couriers/shifts?chat_id=-1004755640016', 'Connection': 'close', 'User-Agent': 'Mozilla/5.0 (iPhone; CPU iPhone OS 16_6 like Mac OS X) AppleWebKit/605.1.15 (KHTML, like Gecko) Version/16.6 Mobile/15E148 Safari/604.1', 'Accept': '*/*', 'Origin': 'http://localhost:3000', 'Sec-Fetch-Site': 'same-site', 'Sec-Fetch-Mode': 'cors', 'Sec-Fetch-Dest': 'empty', 'Referer': 'http://localhost:3000/', 'Accept-Encoding': 'gzip, deflate, br, zstd', 'Accept-Language': 'ru-RU,ru;q=0.9,en-RU;q=0.8,en;q=0.7,en-US;q=0.6'}
2025-04-02 23:59:29,670 - __main__ - INFO - Обработка запроса на /api/couriers/shifts без CORS декораторов
2025-04-02 23:59:29,671 - __main__ - INFO - Получен запрос: GET /api/couriers/access/settings
2025-04-02 23:59:29,672 - __main__ - INFO - Заголовки: {'Host': 'localhost', 'X-Real-Ip': '172.19.0.1', 'X-Forwarded-For': '172.19.0.1', 'X-Forwarded-Proto': 'http', 'X-Forwarded-Host': 'localhost', 'X-Original-Uri': '/api/couriers/access/settings?chat_id=-1004755640016', 'Connection': 'close', 'User-Agent': 'Mozilla/5.0 (iPhone; CPU iPhone OS 16_6 like Mac OS X) AppleWebKit/605.1.15 (KHTML, like Gecko) Version/16.6 Mobile/15E148 Safari/604.1', 'Accept': '*/*', 'Origin': 'http://localhost:3000', 'Sec-Fetch-Site': 'same-site', 'Sec-Fetch-Mode': 'cors', 'Sec-Fetch-Dest': 'empty', 'Referer': 'http://localhost:3000/', 'Accept-Encoding': 'gzip, deflate, br, zstd', 'Accept-Language': 'ru-RU,ru;q=0.9,en-RU;q=0.8,en;q=0.7,en-US;q=0.6'}
2025-04-02 23:59:29,673 - api.couriers.access.routes - INFO - 📝 Запрос настроек доступа: chat_id=-1004755640016
2025-04-02 23:59:29,677 - data.shifts - INFO - Загрузка смен из файла: /app/data/shifts.json
2025-04-02 23:59:29,677 - api.couriers.access.routes - INFO - ✅ Настройки загружены: 17 полей
2025-04-02 23:59:29,677 - werkzeug - INFO - 172.19.0.8 - - [02/Apr/2025 23:59:29] "GET /api/couriers/access/settings?chat_id=-1004755640016 HTTP/1.1" 200 -
2025-04-02 23:59:29,681 - werkzeug - INFO - 172.19.0.8 - - [02/Apr/2025 23:59:29] "GET /api/couriers/shifts?chat_id=-1004755640016 HTTP/1.1" 200 -
2025-04-02 23:59:29,687 - __main__ - INFO - Получен запрос: GET /api/couriers/shifts
2025-04-02 23:59:29,688 - __main__ - INFO - Заголовки: {'Host': 'localhost', 'X-Real-Ip': '172.19.0.1', 'X-Forwarded-For': '172.19.0.1', 'X-Forwarded-Proto': 'http', 'X-Forwarded-Host': 'localhost', 'X-Original-Uri': '/api/couriers/shifts?chat_id=-1004755640016', 'Connection': 'close', 'User-Agent': 'Mozilla/5.0 (iPhone; CPU iPhone OS 16_6 like Mac OS X) AppleWebKit/605.1.15 (KHTML, like Gecko) Version/16.6 Mobile/15E148 Safari/604.1', 'Accept': '*/*', 'Origin': 'http://localhost:3000', 'Sec-Fetch-Site': 'same-site', 'Sec-Fetch-Mode': 'cors', 'Sec-Fetch-Dest': 'empty', 'Referer': 'http://localhost:3000/', 'Accept-Encoding': 'gzip, deflate, br, zstd', 'Accept-Language': 'ru-RU,ru;q=0.9,en-RU;q=0.8,en;q=0.7,en-US;q=0.6'}
2025-04-02 23:59:29,688 - __main__ - INFO - Обработка запроса на /api/couriers/shifts без CORS декораторов
2025-04-02 23:59:29,690 - __main__ - INFO - Получен запрос: GET /api/couriers/access/settings
2025-04-02 23:59:29,691 - __main__ - INFO - Заголовки: {'Host': 'localhost', 'X-Real-Ip': '172.19.0.1', 'X-Forwarded-For': '172.19.0.1', 'X-Forwarded-Proto': 'http', 'X-Forwarded-Host': 'localhost', 'X-Original-Uri': '/api/couriers/access/settings?chat_id=-1004755640016', 'Connection': 'close', 'User-Agent': 'Mozilla/5.0 (iPhone; CPU iPhone OS 16_6 like Mac OS X) AppleWebKit/605.1.15 (KHTML, like Gecko) Version/16.6 Mobile/15E148 Safari/604.1', 'Accept': '*/*', 'Origin': 'http://localhost:3000', 'Sec-Fetch-Site': 'same-site', 'Sec-Fetch-Mode': 'cors', 'Sec-Fetch-Dest': 'empty', 'Referer': 'http://localhost:3000/', 'Accept-Encoding': 'gzip, deflate, br, zstd', 'Accept-Language': 'ru-RU,ru;q=0.9,en-RU;q=0.8,en;q=0.7,en-US;q=0.6'}
2025-04-02 23:59:29,692 - api.couriers.access.routes - INFO - 📝 Запрос настроек доступа: chat_id=-1004755640016
2025-04-02 23:59:29,697 - api.couriers.access.routes - INFO - ✅ Настройки загружены: 17 полей
2025-04-02 23:59:29,697 - werkzeug - INFO - 172.19.0.8 - - [02/Apr/2025 23:59:29] "GET /api/couriers/access/settings?chat_id=-1004755640016 HTTP/1.1" 200 -
2025-04-02 23:59:29,699 - data.shifts - INFO - Загрузка смен из файла: /app/data/shifts.json
2025-04-02 23:59:29,703 - werkzeug - INFO - 172.19.0.8 - - [02/Apr/2025 23:59:29] "GET /api/couriers/shifts?chat_id=-1004755640016 HTTP/1.1" 200 -
2025-04-02 23:59:30,209 - __main__ - INFO - Получен запрос: GET /api/couriers/shifts
2025-04-02 23:59:30,210 - __main__ - INFO - Заголовки: {'Host': 'localhost', 'X-Real-Ip': '172.19.0.1', 'X-Forwarded-For': '172.19.0.1', 'X-Forwarded-Proto': 'http', 'X-Forwarded-Host': 'localhost', 'X-Original-Uri': '/api/couriers/shifts?chat_id=-1004755640016', 'Connection': 'close', 'User-Agent': 'Mozilla/5.0 (iPhone; CPU iPhone OS 16_6 like Mac OS X) AppleWebKit/605.1.15 (KHTML, like Gecko) Version/16.6 Mobile/15E148 Safari/604.1', 'Accept': '*/*', 'Origin': 'http://localhost:3000', 'Sec-Fetch-Site': 'same-site', 'Sec-Fetch-Mode': 'cors', 'Sec-Fetch-Dest': 'empty', 'Referer': 'http://localhost:3000/', 'Accept-Encoding': 'gzip, deflate, br, zstd', 'Accept-Language': 'ru-RU,ru;q=0.9,en-RU;q=0.8,en;q=0.7,en-US;q=0.6'}
2025-04-02 23:59:30,211 - __main__ - INFO - Обработка запроса на /api/couriers/shifts без CORS декораторов
2025-04-02 23:59:30,216 - data.shifts - INFO - Загрузка смен из файла: /app/data/shifts.json
2025-04-02 23:59:30,220 - werkzeug - INFO - 172.19.0.8 - - [02/Apr/2025 23:59:30] "GET /api/couriers/shifts?chat_id=-1004755640016 HTTP/1.1" 200 -
2025-04-03 00:00:35,813 - __main__ - INFO - Получен запрос: GET /api/reserves
2025-04-03 00:00:35,814 - __main__ - INFO - Заголовки: {'Host': 'localhost', 'X-Real-Ip': '172.19.0.1', 'X-Forwarded-For': '172.19.0.1', 'X-Forwarded-Proto': 'http', 'X-Forwarded-Host': 'localhost', 'X-Original-Uri': '/api/reserves', 'Connection': 'close', 'User-Agent': 'Mozilla/5.0 (iPhone; CPU iPhone OS 16_6 like Mac OS X) AppleWebKit/605.1.15 (KHTML, like Gecko) Version/16.6 Mobile/15E148 Safari/604.1', 'Accept': '*/*', 'Origin': 'http://localhost:3000', 'Sec-Fetch-Site': 'same-site', 'Sec-Fetch-Mode': 'cors', 'Sec-Fetch-Dest': 'empty', 'Referer': 'http://localhost:3000/', 'Accept-Encoding': 'gzip, deflate, br, zstd', 'Accept-Language': 'ru-RU,ru;q=0.9,en-RU;q=0.8,en;q=0.7,en-US;q=0.6'}
2025-04-03 00:00:35,814 - __main__ - INFO - Обработка запроса на /api/reserves без CORS декораторов
2025-04-03 00:00:35,820 - werkzeug - INFO - 172.19.0.8 - - [03/Apr/2025 00:00:35] "GET /api/reserves HTTP/1.1" 200 -
2025-04-03 00:00:35,964 - __main__ - INFO - Получен запрос: GET /api/reserves
2025-04-03 00:00:35,967 - __main__ - INFO - Заголовки: {'Host': 'localhost', 'X-Real-Ip': '172.19.0.1', 'X-Forwarded-For': '172.19.0.1', 'X-Forwarded-Proto': 'http', 'X-Forwarded-Host': 'localhost', 'X-Original-Uri': '/api/reserves', 'Connection': 'close', 'User-Agent': 'Mozilla/5.0 (iPhone; CPU iPhone OS 16_6 like Mac OS X) AppleWebKit/605.1.15 (KHTML, like Gecko) Version/16.6 Mobile/15E148 Safari/604.1', 'Accept': '*/*', 'Origin': 'http://localhost:3000', 'Sec-Fetch-Site': 'same-site', 'Sec-Fetch-Mode': 'cors', 'Sec-Fetch-Dest': 'empty', 'Referer': 'http://localhost:3000/', 'Accept-Encoding': 'gzip, deflate, br, zstd', 'Accept-Language': 'ru-RU,ru;q=0.9,en-RU;q=0.8,en;q=0.7,en-US;q=0.6'}
2025-04-03 00:00:35,969 - __main__ - INFO - Обработка запроса на /api/reserves без CORS декораторов
2025-04-03 00:00:36,003 - werkzeug - INFO - 172.19.0.8 - - [03/Apr/2025 00:00:36] "GET /api/reserves HTTP/1.1" 200 -
2025-04-03 00:00:36,111 - __main__ - INFO - Получен запрос: GET /api/couriers/access/settings
2025-04-03 00:00:36,117 - __main__ - INFO - Заголовки: {'Host': 'localhost', 'X-Real-Ip': '172.19.0.1', 'X-Forwarded-For': '172.19.0.1', 'X-Forwarded-Proto': 'http', 'X-Forwarded-Host': 'localhost', 'X-Original-Uri': '/api/couriers/access/settings?chat_id=-1004755640016', 'Connection': 'close', 'User-Agent': 'Mozilla/5.0 (iPhone; CPU iPhone OS 16_6 like Mac OS X) AppleWebKit/605.1.15 (KHTML, like Gecko) Version/16.6 Mobile/15E148 Safari/604.1', 'Accept': '*/*', 'Origin': 'http://localhost:3000', 'Sec-Fetch-Site': 'same-site', 'Sec-Fetch-Mode': 'cors', 'Sec-Fetch-Dest': 'empty', 'Referer': 'http://localhost:3000/', 'Accept-Encoding': 'gzip, deflate, br, zstd', 'Accept-Language': 'ru-RU,ru;q=0.9,en-RU;q=0.8,en;q=0.7,en-US;q=0.6'}
2025-04-03 00:00:36,122 - __main__ - INFO - Получен запрос: GET /api/couriers/1682142222/status
2025-04-03 00:00:36,122 - api.couriers.access.routes - INFO - 📝 Запрос настроек доступа: chat_id=-1004755640016
2025-04-03 00:00:36,127 - __main__ - INFO - Заголовки: {'Host': 'localhost', 'X-Real-Ip': '172.19.0.1', 'X-Forwarded-For': '172.19.0.1', 'X-Forwarded-Proto': 'http', 'X-Forwarded-Host': 'localhost', 'X-Original-Uri': '/api/couriers/1682142222/status?chat_id=-1004755640016', 'Connection': 'close', 'User-Agent': 'Mozilla/5.0 (iPhone; CPU iPhone OS 16_6 like Mac OS X) AppleWebKit/605.1.15 (KHTML, like Gecko) Version/16.6 Mobile/15E148 Safari/604.1', 'Accept': 'application/json, text/plain, */*', 'Origin': 'http://localhost:3000', 'Sec-Fetch-Site': 'same-site', 'Sec-Fetch-Mode': 'cors', 'Sec-Fetch-Dest': 'empty', 'Referer': 'http://localhost:3000/', 'Accept-Encoding': 'gzip, deflate, br, zstd', 'Accept-Language': 'ru-RU,ru;q=0.9,en-RU;q=0.8,en;q=0.7,en-US;q=0.6'}
2025-04-03 00:00:36,137 - api.couriers.routes - INFO - === Получение статуса курьера 1682142222 ===
2025-04-03 00:00:36,138 - api.couriers.access.routes - INFO - ✅ Настройки загружены: 17 полей
2025-04-03 00:00:36,159 - api.couriers.routes - INFO - Chat ID из запроса: -1004755640016
2025-04-03 00:00:36,169 - werkzeug - INFO - 172.19.0.8 - - [03/Apr/2025 00:00:36] "GET /api/couriers/access/settings?chat_id=-1004755640016 HTTP/1.1" 200 -
2025-04-03 00:00:36,224 - __main__ - INFO - Получен запрос: GET /api/couriers/access/settings
2025-04-03 00:00:36,225 - __main__ - INFO - Заголовки: {'Host': 'localhost', 'X-Real-Ip': '172.19.0.1', 'X-Forwarded-For': '172.19.0.1', 'X-Forwarded-Proto': 'http', 'X-Forwarded-Host': 'localhost', 'X-Original-Uri': '/api/couriers/access/settings?chat_id=-1004755640016', 'Connection': 'close', 'User-Agent': 'Mozilla/5.0 (iPhone; CPU iPhone OS 16_6 like Mac OS X) AppleWebKit/605.1.15 (KHTML, like Gecko) Version/16.6 Mobile/15E148 Safari/604.1', 'Accept': '*/*', 'Origin': 'http://localhost:3000', 'Sec-Fetch-Site': 'same-site', 'Sec-Fetch-Mode': 'cors', 'Sec-Fetch-Dest': 'empty', 'Referer': 'http://localhost:3000/', 'Accept-Encoding': 'gzip, deflate, br, zstd', 'Accept-Language': 'ru-RU,ru;q=0.9,en-RU;q=0.8,en;q=0.7,en-US;q=0.6'}
2025-04-03 00:00:36,225 - api.couriers.routes - INFO - Возвращаем статус курьера: {'user_id': 1682142222, 'first_name': 'Андрей', 'last_name': 'Николаевич', 'username': 'andrejnikolaevich1999', 'photo_url': 'https://api.telegram.org/file/bot7878489788:AAHupjPYeWpzVwo77F_BCR6fIA1I_P8p_Uc/photos/file_0.jpg', 'chat_id': '-1004755640016', 'is_admin': True, 'is_senior_courier': True, 'active_session': None, 'wallet': {'balance': 0, 'transactions_count': 0}, 'status': 'active'}
2025-04-03 00:00:36,227 - api.couriers.access.routes - INFO - 📝 Запрос настроек доступа: chat_id=-1004755640016
2025-04-03 00:00:36,232 - werkzeug - INFO - 172.19.0.8 - - [03/Apr/2025 00:00:36] "GET /api/couriers/1682142222/status?chat_id=-1004755640016 HTTP/1.1" 200 -
2025-04-03 00:00:36,236 - api.couriers.access.routes - INFO - ✅ Настройки загружены: 17 полей
2025-04-03 00:00:36,239 - werkzeug - INFO - 172.19.0.8 - - [03/Apr/2025 00:00:36] "GET /api/couriers/access/settings?chat_id=-1004755640016 HTTP/1.1" 200 -
2025-04-03 00:00:36,254 - __main__ - INFO - Получен запрос: GET /api/couriers/1682142222/status
2025-04-03 00:00:36,256 - __main__ - INFO - Заголовки: {'Host': 'localhost', 'X-Real-Ip': '172.19.0.1', 'X-Forwarded-For': '172.19.0.1', 'X-Forwarded-Proto': 'http', 'X-Forwarded-Host': 'localhost', 'X-Original-Uri': '/api/couriers/1682142222/status?chat_id=-1004755640016', 'Connection': 'close', 'User-Agent': 'Mozilla/5.0 (iPhone; CPU iPhone OS 16_6 like Mac OS X) AppleWebKit/605.1.15 (KHTML, like Gecko) Version/16.6 Mobile/15E148 Safari/604.1', 'Accept': 'application/json, text/plain, */*', 'Origin': 'http://localhost:3000', 'Sec-Fetch-Site': 'same-site', 'Sec-Fetch-Mode': 'cors', 'Sec-Fetch-Dest': 'empty', 'Referer': 'http://localhost:3000/', 'Accept-Encoding': 'gzip, deflate, br, zstd', 'Accept-Language': 'ru-RU,ru;q=0.9,en-RU;q=0.8,en;q=0.7,en-US;q=0.6'}
2025-04-03 00:00:36,259 - api.couriers.routes - INFO - === Получение статуса курьера 1682142222 ===
2025-04-03 00:00:36,262 - api.couriers.routes - INFO - Chat ID из запроса: -1004755640016
2025-04-03 00:00:36,275 - __main__ - INFO - Получен запрос: GET /api/couriers/shifts
2025-04-03 00:00:36,281 - api.couriers.routes - INFO - Возвращаем статус курьера: {'user_id': 1682142222, 'first_name': 'Андрей', 'last_name': 'Николаевич', 'username': 'andrejnikolaevich1999', 'photo_url': 'https://api.telegram.org/file/bot7878489788:AAHupjPYeWpzVwo77F_BCR6fIA1I_P8p_Uc/photos/file_0.jpg', 'chat_id': '-1004755640016', 'is_admin': True, 'is_senior_courier': True, 'active_session': None, 'wallet': {'balance': 0, 'transactions_count': 0}, 'status': 'active'}
2025-04-03 00:00:36,295 - __main__ - INFO - Заголовки: {'Host': 'localhost', 'X-Real-Ip': '172.19.0.1', 'X-Forwarded-For': '172.19.0.1', 'X-Forwarded-Proto': 'http', 'X-Forwarded-Host': 'localhost', 'X-Original-Uri': '/api/couriers/shifts?chat_id=-1004755640016', 'Connection': 'close', 'User-Agent': 'Mozilla/5.0 (iPhone; CPU iPhone OS 16_6 like Mac OS X) AppleWebKit/605.1.15 (KHTML, like Gecko) Version/16.6 Mobile/15E148 Safari/604.1', 'Accept': '*/*', 'Origin': 'http://localhost:3000', 'Sec-Fetch-Site': 'same-site', 'Sec-Fetch-Mode': 'cors', 'Sec-Fetch-Dest': 'empty', 'Referer': 'http://localhost:3000/', 'Accept-Encoding': 'gzip, deflate, br, zstd', 'Accept-Language': 'ru-RU,ru;q=0.9,en-RU;q=0.8,en;q=0.7,en-US;q=0.6'}
2025-04-03 00:00:36,299 - werkzeug - INFO - 172.19.0.8 - - [03/Apr/2025 00:00:36] "GET /api/couriers/1682142222/status?chat_id=-1004755640016 HTTP/1.1" 200 -
2025-04-03 00:00:36,306 - __main__ - INFO - Обработка запроса на /api/couriers/shifts без CORS декораторов
2025-04-03 00:00:36,346 - data.shifts - INFO - Загрузка смен из файла: /app/data/shifts.json
2025-04-03 00:00:36,349 - werkzeug - INFO - 172.19.0.8 - - [03/Apr/2025 00:00:36] "GET /api/couriers/shifts?chat_id=-1004755640016 HTTP/1.1" 200 -
2025-04-03 00:00:36,355 - __main__ - INFO - Получен запрос: GET /api/couriers/shifts
2025-04-03 00:00:36,356 - __main__ - INFO - Заголовки: {'Host': 'localhost', 'X-Real-Ip': '172.19.0.1', 'X-Forwarded-For': '172.19.0.1', 'X-Forwarded-Proto': 'http', 'X-Forwarded-Host': 'localhost', 'X-Original-Uri': '/api/couriers/shifts?chat_id=-1004755640016', 'Connection': 'close', 'User-Agent': 'Mozilla/5.0 (iPhone; CPU iPhone OS 16_6 like Mac OS X) AppleWebKit/605.1.15 (KHTML, like Gecko) Version/16.6 Mobile/15E148 Safari/604.1', 'Accept': '*/*', 'Origin': 'http://localhost:3000', 'Sec-Fetch-Site': 'same-site', 'Sec-Fetch-Mode': 'cors', 'Sec-Fetch-Dest': 'empty', 'Referer': 'http://localhost:3000/', 'Accept-Encoding': 'gzip, deflate, br, zstd', 'Accept-Language': 'ru-RU,ru;q=0.9,en-RU;q=0.8,en;q=0.7,en-US;q=0.6'}
2025-04-03 00:00:36,356 - __main__ - INFO - Обработка запроса на /api/couriers/shifts без CORS декораторов
2025-04-03 00:00:36,363 - data.shifts - INFO - Загрузка смен из файла: /app/data/shifts.json
2025-04-03 00:00:36,368 - werkzeug - INFO - 172.19.0.8 - - [03/Apr/2025 00:00:36] "GET /api/couriers/shifts?chat_id=-1004755640016 HTTP/1.1" 200 -
2025-04-03 00:00:38,030 - __main__ - INFO - Получен запрос: GET /api/couriers/shifts
2025-04-03 00:00:38,030 - __main__ - INFO - Заголовки: {'Host': 'localhost', 'X-Real-Ip': '172.19.0.1', 'X-Forwarded-For': '172.19.0.1', 'X-Forwarded-Proto': 'http', 'X-Forwarded-Host': 'localhost', 'X-Original-Uri': '/api/couriers/shifts?chat_id=-1004755640016', 'Connection': 'close', 'User-Agent': 'Mozilla/5.0 (iPhone; CPU iPhone OS 16_6 like Mac OS X) AppleWebKit/605.1.15 (KHTML, like Gecko) Version/16.6 Mobile/15E148 Safari/604.1', 'Accept': '*/*', 'Origin': 'http://localhost:3000', 'Sec-Fetch-Site': 'same-site', 'Sec-Fetch-Mode': 'cors', 'Sec-Fetch-Dest': 'empty', 'Referer': 'http://localhost:3000/', 'Accept-Encoding': 'gzip, deflate, br, zstd', 'Accept-Language': 'ru-RU,ru;q=0.9,en-RU;q=0.8,en;q=0.7,en-US;q=0.6'}
2025-04-03 00:00:38,031 - __main__ - INFO - Обработка запроса на /api/couriers/shifts без CORS декораторов
2025-04-03 00:00:38,032 - __main__ - INFO - Получен запрос: GET /api/couriers/access/settings
2025-04-03 00:00:38,032 - __main__ - INFO - Заголовки: {'Host': 'localhost', 'X-Real-Ip': '172.19.0.1', 'X-Forwarded-For': '172.19.0.1', 'X-Forwarded-Proto': 'http', 'X-Forwarded-Host': 'localhost', 'X-Original-Uri': '/api/couriers/access/settings?chat_id=-1004755640016', 'Connection': 'close', 'User-Agent': 'Mozilla/5.0 (iPhone; CPU iPhone OS 16_6 like Mac OS X) AppleWebKit/605.1.15 (KHTML, like Gecko) Version/16.6 Mobile/15E148 Safari/604.1', 'Accept': '*/*', 'Origin': 'http://localhost:3000', 'Sec-Fetch-Site': 'same-site', 'Sec-Fetch-Mode': 'cors', 'Sec-Fetch-Dest': 'empty', 'Referer': 'http://localhost:3000/', 'Accept-Encoding': 'gzip, deflate, br, zstd', 'Accept-Language': 'ru-RU,ru;q=0.9,en-RU;q=0.8,en;q=0.7,en-US;q=0.6'}
2025-04-03 00:00:38,034 - api.couriers.access.routes - INFO - 📝 Запрос настроек доступа: chat_id=-1004755640016
2025-04-03 00:00:38,037 - data.shifts - INFO - Загрузка смен из файла: /app/data/shifts.json
2025-04-03 00:00:38,038 - api.couriers.access.routes - INFO - ✅ Настройки загружены: 17 полей
2025-04-03 00:00:38,039 - werkzeug - INFO - 172.19.0.8 - - [03/Apr/2025 00:00:38] "GET /api/couriers/access/settings?chat_id=-1004755640016 HTTP/1.1" 200 -
2025-04-03 00:00:38,041 - werkzeug - INFO - 172.19.0.8 - - [03/Apr/2025 00:00:38] "GET /api/couriers/shifts?chat_id=-1004755640016 HTTP/1.1" 200 -
2025-04-03 00:00:38,049 - __main__ - INFO - Получен запрос: GET /api/couriers/shifts
2025-04-03 00:00:38,049 - __main__ - INFO - Заголовки: {'Host': 'localhost', 'X-Real-Ip': '172.19.0.1', 'X-Forwarded-For': '172.19.0.1', 'X-Forwarded-Proto': 'http', 'X-Forwarded-Host': 'localhost', 'X-Original-Uri': '/api/couriers/shifts?chat_id=-1004755640016', 'Connection': 'close', 'User-Agent': 'Mozilla/5.0 (iPhone; CPU iPhone OS 16_6 like Mac OS X) AppleWebKit/605.1.15 (KHTML, like Gecko) Version/16.6 Mobile/15E148 Safari/604.1', 'Accept': '*/*', 'Origin': 'http://localhost:3000', 'Sec-Fetch-Site': 'same-site', 'Sec-Fetch-Mode': 'cors', 'Sec-Fetch-Dest': 'empty', 'Referer': 'http://localhost:3000/', 'Accept-Encoding': 'gzip, deflate, br, zstd', 'Accept-Language': 'ru-RU,ru;q=0.9,en-RU;q=0.8,en;q=0.7,en-US;q=0.6'}
2025-04-03 00:00:38,050 - __main__ - INFO - Обработка запроса на /api/couriers/shifts без CORS декораторов
2025-04-03 00:00:38,051 - __main__ - INFO - Получен запрос: GET /api/couriers/access/settings
2025-04-03 00:00:38,053 - __main__ - INFO - Заголовки: {'Host': 'localhost', 'X-Real-Ip': '172.19.0.1', 'X-Forwarded-For': '172.19.0.1', 'X-Forwarded-Proto': 'http', 'X-Forwarded-Host': 'localhost', 'X-Original-Uri': '/api/couriers/access/settings?chat_id=-1004755640016', 'Connection': 'close', 'User-Agent': 'Mozilla/5.0 (iPhone; CPU iPhone OS 16_6 like Mac OS X) AppleWebKit/605.1.15 (KHTML, like Gecko) Version/16.6 Mobile/15E148 Safari/604.1', 'Accept': '*/*', 'Origin': 'http://localhost:3000', 'Sec-Fetch-Site': 'same-site', 'Sec-Fetch-Mode': 'cors', 'Sec-Fetch-Dest': 'empty', 'Referer': 'http://localhost:3000/', 'Accept-Encoding': 'gzip, deflate, br, zstd', 'Accept-Language': 'ru-RU,ru;q=0.9,en-RU;q=0.8,en;q=0.7,en-US;q=0.6'}
2025-04-03 00:00:38,055 - api.couriers.access.routes - INFO - 📝 Запрос настроек доступа: chat_id=-1004755640016
2025-04-03 00:00:38,058 - api.couriers.access.routes - INFO - ✅ Настройки загружены: 17 полей
2025-04-03 00:00:38,058 - werkzeug - INFO - 172.19.0.8 - - [03/Apr/2025 00:00:38] "GET /api/couriers/access/settings?chat_id=-1004755640016 HTTP/1.1" 200 -
2025-04-03 00:00:38,059 - data.shifts - INFO - Загрузка смен из файла: /app/data/shifts.json
2025-04-03 00:00:38,062 - werkzeug - INFO - 172.19.0.8 - - [03/Apr/2025 00:00:38] "GET /api/couriers/shifts?chat_id=-1004755640016 HTTP/1.1" 200 -
2025-04-03 00:00:38,630 - __main__ - INFO - Получен запрос: GET /api/couriers/shifts
2025-04-03 00:00:38,630 - __main__ - INFO - Заголовки: {'Host': 'localhost', 'X-Real-Ip': '172.19.0.1', 'X-Forwarded-For': '172.19.0.1', 'X-Forwarded-Proto': 'http', 'X-Forwarded-Host': 'localhost', 'X-Original-Uri': '/api/couriers/shifts?chat_id=-1004755640016', 'Connection': 'close', 'User-Agent': 'Mozilla/5.0 (iPhone; CPU iPhone OS 16_6 like Mac OS X) AppleWebKit/605.1.15 (KHTML, like Gecko) Version/16.6 Mobile/15E148 Safari/604.1', 'Accept': '*/*', 'Origin': 'http://localhost:3000', 'Sec-Fetch-Site': 'same-site', 'Sec-Fetch-Mode': 'cors', 'Sec-Fetch-Dest': 'empty', 'Referer': 'http://localhost:3000/', 'Accept-Encoding': 'gzip, deflate, br, zstd', 'Accept-Language': 'ru-RU,ru;q=0.9,en-RU;q=0.8,en;q=0.7,en-US;q=0.6'}
2025-04-03 00:00:38,630 - __main__ - INFO - Обработка запроса на /api/couriers/shifts без CORS декораторов
2025-04-03 00:00:38,635 - data.shifts - INFO - Загрузка смен из файла: /app/data/shifts.json
2025-04-03 00:00:38,637 - werkzeug - INFO - 172.19.0.8 - - [03/Apr/2025 00:00:38] "GET /api/couriers/shifts?chat_id=-1004755640016 HTTP/1.1" 200 -
2025-04-03 00:00:52,084 - __main__ - INFO - Получен запрос: GET /api/reserves
2025-04-03 00:00:52,085 - __main__ - INFO - Заголовки: {'Host': 'localhost', 'X-Real-Ip': '172.19.0.1', 'X-Forwarded-For': '172.19.0.1', 'X-Forwarded-Proto': 'http', 'X-Forwarded-Host': 'localhost', 'X-Original-Uri': '/api/reserves', 'Connection': 'close', 'User-Agent': 'Mozilla/5.0 (iPhone; CPU iPhone OS 16_6 like Mac OS X) AppleWebKit/605.1.15 (KHTML, like Gecko) Version/16.6 Mobile/15E148 Safari/604.1', 'Accept': '*/*', 'Origin': 'http://localhost:3000', 'Sec-Fetch-Site': 'same-site', 'Sec-Fetch-Mode': 'cors', 'Sec-Fetch-Dest': 'empty', 'Referer': 'http://localhost:3000/', 'Accept-Encoding': 'gzip, deflate, br, zstd', 'Accept-Language': 'ru-RU,ru;q=0.9,en-RU;q=0.8,en;q=0.7,en-US;q=0.6'}
2025-04-03 00:00:52,085 - __main__ - INFO - Обработка запроса на /api/reserves без CORS декораторов
2025-04-03 00:00:52,092 - werkzeug - INFO - 172.19.0.8 - - [03/Apr/2025 00:00:52] "GET /api/reserves HTTP/1.1" 200 -
2025-04-03 00:00:52,169 - __main__ - INFO - Получен запрос: GET /api/reserves
2025-04-03 00:00:52,170 - __main__ - INFO - Заголовки: {'Host': 'localhost', 'X-Real-Ip': '172.19.0.1', 'X-Forwarded-For': '172.19.0.1', 'X-Forwarded-Proto': 'http', 'X-Forwarded-Host': 'localhost', 'X-Original-Uri': '/api/reserves', 'Connection': 'close', 'User-Agent': 'Mozilla/5.0 (iPhone; CPU iPhone OS 16_6 like Mac OS X) AppleWebKit/605.1.15 (KHTML, like Gecko) Version/16.6 Mobile/15E148 Safari/604.1', 'Accept': '*/*', 'Origin': 'http://localhost:3000', 'Sec-Fetch-Site': 'same-site', 'Sec-Fetch-Mode': 'cors', 'Sec-Fetch-Dest': 'empty', 'Referer': 'http://localhost:3000/', 'Accept-Encoding': 'gzip, deflate, br, zstd', 'Accept-Language': 'ru-RU,ru;q=0.9,en-RU;q=0.8,en;q=0.7,en-US;q=0.6'}
2025-04-03 00:00:52,171 - __main__ - INFO - Обработка запроса на /api/reserves без CORS декораторов
2025-04-03 00:00:52,178 - werkzeug - INFO - 172.19.0.8 - - [03/Apr/2025 00:00:52] "GET /api/reserves HTTP/1.1" 200 -
2025-04-03 00:00:52,250 - __main__ - INFO - Получен запрос: GET /api/couriers/access/settings
2025-04-03 00:00:52,251 - __main__ - INFO - Получен запрос: GET /api/couriers/1682142222/status
2025-04-03 00:00:52,251 - __main__ - INFO - Заголовки: {'Host': 'localhost', 'X-Real-Ip': '172.19.0.1', 'X-Forwarded-For': '172.19.0.1', 'X-Forwarded-Proto': 'http', 'X-Forwarded-Host': 'localhost', 'X-Original-Uri': '/api/couriers/access/settings?chat_id=-1004755640016', 'Connection': 'close', 'User-Agent': 'Mozilla/5.0 (iPhone; CPU iPhone OS 16_6 like Mac OS X) AppleWebKit/605.1.15 (KHTML, like Gecko) Version/16.6 Mobile/15E148 Safari/604.1', 'Accept': '*/*', 'Origin': 'http://localhost:3000', 'Sec-Fetch-Site': 'same-site', 'Sec-Fetch-Mode': 'cors', 'Sec-Fetch-Dest': 'empty', 'Referer': 'http://localhost:3000/', 'Accept-Encoding': 'gzip, deflate, br, zstd', 'Accept-Language': 'ru-RU,ru;q=0.9,en-RU;q=0.8,en;q=0.7,en-US;q=0.6'}
2025-04-03 00:00:52,252 - __main__ - INFO - Заголовки: {'Host': 'localhost', 'X-Real-Ip': '172.19.0.1', 'X-Forwarded-For': '172.19.0.1', 'X-Forwarded-Proto': 'http', 'X-Forwarded-Host': 'localhost', 'X-Original-Uri': '/api/couriers/1682142222/status?chat_id=-1004755640016', 'Connection': 'close', 'User-Agent': 'Mozilla/5.0 (iPhone; CPU iPhone OS 16_6 like Mac OS X) AppleWebKit/605.1.15 (KHTML, like Gecko) Version/16.6 Mobile/15E148 Safari/604.1', 'Accept': 'application/json, text/plain, */*', 'Origin': 'http://localhost:3000', 'Sec-Fetch-Site': 'same-site', 'Sec-Fetch-Mode': 'cors', 'Sec-Fetch-Dest': 'empty', 'Referer': 'http://localhost:3000/', 'Accept-Encoding': 'gzip, deflate, br, zstd', 'Accept-Language': 'ru-RU,ru;q=0.9,en-RU;q=0.8,en;q=0.7,en-US;q=0.6'}
2025-04-03 00:00:52,253 - api.couriers.access.routes - INFO - 📝 Запрос настроек доступа: chat_id=-1004755640016
2025-04-03 00:00:52,254 - api.couriers.routes - INFO - === Получение статуса курьера 1682142222 ===
2025-04-03 00:00:52,257 - api.couriers.routes - INFO - Chat ID из запроса: -1004755640016
2025-04-03 00:00:52,258 - api.couriers.access.routes - INFO - ✅ Настройки загружены: 17 полей
2025-04-03 00:00:52,261 - werkzeug - INFO - 172.19.0.8 - - [03/Apr/2025 00:00:52] "GET /api/couriers/access/settings?chat_id=-1004755640016 HTTP/1.1" 200 -
2025-04-03 00:00:52,267 - __main__ - INFO - Получен запрос: GET /api/couriers/access/settings
2025-04-03 00:00:52,268 - __main__ - INFO - Заголовки: {'Host': 'localhost', 'X-Real-Ip': '172.19.0.1', 'X-Forwarded-For': '172.19.0.1', 'X-Forwarded-Proto': 'http', 'X-Forwarded-Host': 'localhost', 'X-Original-Uri': '/api/couriers/access/settings?chat_id=-1004755640016', 'Connection': 'close', 'User-Agent': 'Mozilla/5.0 (iPhone; CPU iPhone OS 16_6 like Mac OS X) AppleWebKit/605.1.15 (KHTML, like Gecko) Version/16.6 Mobile/15E148 Safari/604.1', 'Accept': '*/*', 'Origin': 'http://localhost:3000', 'Sec-Fetch-Site': 'same-site', 'Sec-Fetch-Mode': 'cors', 'Sec-Fetch-Dest': 'empty', 'Referer': 'http://localhost:3000/', 'Accept-Encoding': 'gzip, deflate, br, zstd', 'Accept-Language': 'ru-RU,ru;q=0.9,en-RU;q=0.8,en;q=0.7,en-US;q=0.6'}
2025-04-03 00:00:52,269 - api.couriers.access.routes - INFO - 📝 Запрос настроек доступа: chat_id=-1004755640016
2025-04-03 00:00:52,272 - api.couriers.routes - INFO - Возвращаем статус курьера: {'user_id': 1682142222, 'first_name': 'Андрей', 'last_name': 'Николаевич', 'username': 'andrejnikolaevich1999', 'photo_url': 'https://api.telegram.org/file/bot7878489788:AAHupjPYeWpzVwo77F_BCR6fIA1I_P8p_Uc/photos/file_0.jpg', 'chat_id': '-1004755640016', 'is_admin': True, 'is_senior_courier': True, 'active_session': None, 'wallet': {'balance': 0, 'transactions_count': 0}, 'status': 'active'}
2025-04-03 00:00:52,273 - api.couriers.access.routes - INFO - ✅ Настройки загружены: 17 полей
2025-04-03 00:00:52,273 - werkzeug - INFO - 172.19.0.8 - - [03/Apr/2025 00:00:52] "GET /api/couriers/access/settings?chat_id=-1004755640016 HTTP/1.1" 200 -
2025-04-03 00:00:52,274 - werkzeug - INFO - 172.19.0.8 - - [03/Apr/2025 00:00:52] "GET /api/couriers/1682142222/status?chat_id=-1004755640016 HTTP/1.1" 200 -
2025-04-03 00:00:52,281 - __main__ - INFO - Получен запрос: GET /api/couriers/1682142222/status
2025-04-03 00:00:52,281 - __main__ - INFO - Заголовки: {'Host': 'localhost', 'X-Real-Ip': '172.19.0.1', 'X-Forwarded-For': '172.19.0.1', 'X-Forwarded-Proto': 'http', 'X-Forwarded-Host': 'localhost', 'X-Original-Uri': '/api/couriers/1682142222/status?chat_id=-1004755640016', 'Connection': 'close', 'User-Agent': 'Mozilla/5.0 (iPhone; CPU iPhone OS 16_6 like Mac OS X) AppleWebKit/605.1.15 (KHTML, like Gecko) Version/16.6 Mobile/15E148 Safari/604.1', 'Accept': 'application/json, text/plain, */*', 'Origin': 'http://localhost:3000', 'Sec-Fetch-Site': 'same-site', 'Sec-Fetch-Mode': 'cors', 'Sec-Fetch-Dest': 'empty', 'Referer': 'http://localhost:3000/', 'Accept-Encoding': 'gzip, deflate, br, zstd', 'Accept-Language': 'ru-RU,ru;q=0.9,en-RU;q=0.8,en;q=0.7,en-US;q=0.6'}
2025-04-03 00:00:52,284 - api.couriers.routes - INFO - === Получение статуса курьера 1682142222 ===
2025-04-03 00:00:52,285 - api.couriers.routes - INFO - Chat ID из запроса: -1004755640016
2025-04-03 00:00:52,290 - __main__ - INFO - Получен запрос: GET /api/couriers/shifts
2025-04-03 00:00:52,291 - __main__ - INFO - Заголовки: {'Host': 'localhost', 'X-Real-Ip': '172.19.0.1', 'X-Forwarded-For': '172.19.0.1', 'X-Forwarded-Proto': 'http', 'X-Forwarded-Host': 'localhost', 'X-Original-Uri': '/api/couriers/shifts?chat_id=-1004755640016', 'Connection': 'close', 'User-Agent': 'Mozilla/5.0 (iPhone; CPU iPhone OS 16_6 like Mac OS X) AppleWebKit/605.1.15 (KHTML, like Gecko) Version/16.6 Mobile/15E148 Safari/604.1', 'Accept': '*/*', 'Origin': 'http://localhost:3000', 'Sec-Fetch-Site': 'same-site', 'Sec-Fetch-Mode': 'cors', 'Sec-Fetch-Dest': 'empty', 'Referer': 'http://localhost:3000/', 'Accept-Encoding': 'gzip, deflate, br, zstd', 'Accept-Language': 'ru-RU,ru;q=0.9,en-RU;q=0.8,en;q=0.7,en-US;q=0.6'}
2025-04-03 00:00:52,291 - __main__ - INFO - Обработка запроса на /api/couriers/shifts без CORS декораторов
2025-04-03 00:00:52,297 - data.shifts - INFO - Загрузка смен из файла: /app/data/shifts.json
2025-04-03 00:00:52,299 - werkzeug - INFO - 172.19.0.8 - - [03/Apr/2025 00:00:52] "GET /api/couriers/shifts?chat_id=-1004755640016 HTTP/1.1" 200 -
2025-04-03 00:00:52,303 - api.couriers.routes - INFO - Возвращаем статус курьера: {'user_id': 1682142222, 'first_name': 'Андрей', 'last_name': 'Николаевич', 'username': 'andrejnikolaevich1999', 'photo_url': 'https://api.telegram.org/file/bot7878489788:AAHupjPYeWpzVwo77F_BCR6fIA1I_P8p_Uc/photos/file_0.jpg', 'chat_id': '-1004755640016', 'is_admin': True, 'is_senior_courier': True, 'active_session': None, 'wallet': {'balance': 0, 'transactions_count': 0}, 'status': 'active'}
2025-04-03 00:00:52,304 - werkzeug - INFO - 172.19.0.8 - - [03/Apr/2025 00:00:52] "GET /api/couriers/1682142222/status?chat_id=-1004755640016 HTTP/1.1" 200 -
2025-04-03 00:00:52,310 - __main__ - INFO - Получен запрос: GET /api/couriers/shifts
2025-04-03 00:00:52,311 - __main__ - INFO - Заголовки: {'Host': 'localhost', 'X-Real-Ip': '172.19.0.1', 'X-Forwarded-For': '172.19.0.1', 'X-Forwarded-Proto': 'http', 'X-Forwarded-Host': 'localhost', 'X-Original-Uri': '/api/couriers/shifts?chat_id=-1004755640016', 'Connection': 'close', 'User-Agent': 'Mozilla/5.0 (iPhone; CPU iPhone OS 16_6 like Mac OS X) AppleWebKit/605.1.15 (KHTML, like Gecko) Version/16.6 Mobile/15E148 Safari/604.1', 'Accept': '*/*', 'Origin': 'http://localhost:3000', 'Sec-Fetch-Site': 'same-site', 'Sec-Fetch-Mode': 'cors', 'Sec-Fetch-Dest': 'empty', 'Referer': 'http://localhost:3000/', 'Accept-Encoding': 'gzip, deflate, br, zstd', 'Accept-Language': 'ru-RU,ru;q=0.9,en-RU;q=0.8,en;q=0.7,en-US;q=0.6'}
2025-04-03 00:00:52,311 - __main__ - INFO - Обработка запроса на /api/couriers/shifts без CORS декораторов
2025-04-03 00:00:52,318 - data.shifts - INFO - Загрузка смен из файла: /app/data/shifts.json
2025-04-03 00:00:52,323 - werkzeug - INFO - 172.19.0.8 - - [03/Apr/2025 00:00:52] "GET /api/couriers/shifts?chat_id=-1004755640016 HTTP/1.1" 200 -
2025-04-03 00:01:07,473 - __main__ - INFO - Получен запрос: POST /api/couriers/access/settings
2025-04-03 00:01:07,473 - __main__ - INFO - Заголовки: {'Host': 'localhost', 'X-Real-Ip': '172.19.0.1', 'X-Forwarded-For': '172.19.0.1', 'X-Forwarded-Proto': 'http', 'X-Forwarded-Host': 'localhost', 'X-Original-Uri': '/api/couriers/access/settings', 'Connection': 'close', 'Content-Length': '387', 'User-Agent': 'Mozilla/5.0 (iPhone; CPU iPhone OS 16_6 like Mac OS X) AppleWebKit/605.1.15 (KHTML, like Gecko) Version/16.6 Mobile/15E148 Safari/604.1', 'Content-Type': 'application/json', 'Accept': '*/*', 'Origin': 'http://localhost:3000', 'Sec-Fetch-Site': 'same-site', 'Sec-Fetch-Mode': 'cors', 'Sec-Fetch-Dest': 'empty', 'Referer': 'http://localhost:3000/', 'Accept-Encoding': 'gzip, deflate, br, zstd', 'Accept-Language': 'ru-RU,ru;q=0.9,en-RU;q=0.8,en;q=0.7,en-US;q=0.6'}
2025-04-03 00:01:07,474 - api.couriers.access.routes - INFO - 📝 Получены данные для обновления настроек доступа:
2025-04-03 00:01:07,475 - api.couriers.access.routes - INFO - 🔑 Ключи в запросе: ['chat_id', 'allowMultipleShifts', 'autoApprove', 'allowSameDay', 'registrationStartDay', 'registrationStartHour', 'registrationStartMinute', 'offsetType', 'offsetAmount', 'periodLength', 'isAlwaysActive', 'activeStartDate', 'activeEndDate', 'daysAhead', 'enabledDates', 'restrictedUsers', 'lastUpdated']
2025-04-03 00:01:07,487 - api.couriers.access.routes - INFO - ✅ Настройки успешно обновлены
2025-04-03 00:01:07,487 - api.couriers.access.routes - INFO - 🔑 Ключи в обновленных настройках: ['chat_id', 'allowMultipleShifts', 'autoApprove', 'allowSameDay', 'registrationStartDay', 'registrationStartHour', 'registrationStartMinute', 'offsetType', 'offsetAmount', 'periodLength', 'isAlwaysActive', 'activeStartDate', 'activeEndDate', 'daysAhead', 'enabledDates', 'restrictedUsers', 'lastUpdated']
2025-04-03 00:01:07,487 - api.couriers.access.routes - INFO - 📤 Отправка запроса на применение настроек с chat_id=-1004755640016
2025-04-03 00:01:07,489 - urllib3.connectionpool - DEBUG - Starting new HTTP connection (1): scheduler:8002
2025-04-03 00:01:07,504 - urllib3.connectionpool - DEBUG - http://scheduler:8002 "POST /apply-access-settings HTTP/1.1" 200 297
2025-04-03 00:01:07,505 - api.couriers.access.routes - INFO - ✅ Запрос на применение настроек успешно отправлен
2025-04-03 00:01:07,506 - api.couriers.access.routes - INFO - 📤 Отправка запроса на перезагрузку задач
2025-04-03 00:01:07,507 - urllib3.connectionpool - DEBUG - Starting new HTTP connection (1): scheduler:8002
2025-04-03 00:01:07,521 - urllib3.connectionpool - DEBUG - http://scheduler:8002 "POST /scheduler/reload-tasks HTTP/1.1" 200 192
2025-04-03 00:01:07,521 - api.couriers.access.routes - INFO - ✅ Запрос на перезагрузку задач успешно отправлен
2025-04-03 00:01:07,522 - werkzeug - INFO - 172.19.0.8 - - [03/Apr/2025 00:01:07] "POST /api/couriers/access/settings HTTP/1.1" 200 -
2025-04-03 00:01:09,554 - __main__ - INFO - Получен запрос: GET /api/couriers/shifts
2025-04-03 00:01:09,555 - __main__ - INFO - Получен запрос: GET /api/couriers/access/settings
2025-04-03 00:01:09,556 - __main__ - INFO - Заголовки: {'Host': 'localhost', 'X-Real-Ip': '172.19.0.1', 'X-Forwarded-For': '172.19.0.1', 'X-Forwarded-Proto': 'http', 'X-Forwarded-Host': 'localhost', 'X-Original-Uri': '/api/couriers/shifts?chat_id=-1004755640016', 'Connection': 'close', 'User-Agent': 'Mozilla/5.0 (iPhone; CPU iPhone OS 16_6 like Mac OS X) AppleWebKit/605.1.15 (KHTML, like Gecko) Version/16.6 Mobile/15E148 Safari/604.1', 'Accept': '*/*', 'Origin': 'http://localhost:3000', 'Sec-Fetch-Site': 'same-site', 'Sec-Fetch-Mode': 'cors', 'Sec-Fetch-Dest': 'empty', 'Referer': 'http://localhost:3000/', 'Accept-Encoding': 'gzip, deflate, br, zstd', 'Accept-Language': 'ru-RU,ru;q=0.9,en-RU;q=0.8,en;q=0.7,en-US;q=0.6'}
2025-04-03 00:01:09,558 - __main__ - INFO - Заголовки: {'Host': 'localhost', 'X-Real-Ip': '172.19.0.1', 'X-Forwarded-For': '172.19.0.1', 'X-Forwarded-Proto': 'http', 'X-Forwarded-Host': 'localhost', 'X-Original-Uri': '/api/couriers/access/settings?chat_id=-1004755640016', 'Connection': 'close', 'User-Agent': 'Mozilla/5.0 (iPhone; CPU iPhone OS 16_6 like Mac OS X) AppleWebKit/605.1.15 (KHTML, like Gecko) Version/16.6 Mobile/15E148 Safari/604.1', 'Accept': '*/*', 'Origin': 'http://localhost:3000', 'Sec-Fetch-Site': 'same-site', 'Sec-Fetch-Mode': 'cors', 'Sec-Fetch-Dest': 'empty', 'Referer': 'http://localhost:3000/', 'Accept-Encoding': 'gzip, deflate, br, zstd', 'Accept-Language': 'ru-RU,ru;q=0.9,en-RU;q=0.8,en;q=0.7,en-US;q=0.6'}
2025-04-03 00:01:09,560 - __main__ - INFO - Обработка запроса на /api/couriers/shifts без CORS декораторов
2025-04-03 00:01:09,563 - api.couriers.access.routes - INFO - 📝 Запрос настроек доступа: chat_id=-1004755640016
2025-04-03 00:01:09,568 - api.couriers.access.routes - INFO - ✅ Настройки загружены: 17 полей
2025-04-03 00:01:09,569 - werkzeug - INFO - 172.19.0.8 - - [03/Apr/2025 00:01:09] "GET /api/couriers/access/settings?chat_id=-1004755640016 HTTP/1.1" 200 -
2025-04-03 00:01:09,571 - data.shifts - INFO - Загрузка смен из файла: /app/data/shifts.json
2025-04-03 00:01:09,575 - werkzeug - INFO - 172.19.0.8 - - [03/Apr/2025 00:01:09] "GET /api/couriers/shifts?chat_id=-1004755640016 HTTP/1.1" 200 -
2025-04-03 00:01:09,578 - __main__ - INFO - Получен запрос: GET /api/couriers/access/settings
2025-04-03 00:01:09,578 - __main__ - INFO - Заголовки: {'Host': 'localhost', 'X-Real-Ip': '172.19.0.1', 'X-Forwarded-For': '172.19.0.1', 'X-Forwarded-Proto': 'http', 'X-Forwarded-Host': 'localhost', 'X-Original-Uri': '/api/couriers/access/settings?chat_id=-1004755640016', 'Connection': 'close', 'User-Agent': 'Mozilla/5.0 (iPhone; CPU iPhone OS 16_6 like Mac OS X) AppleWebKit/605.1.15 (KHTML, like Gecko) Version/16.6 Mobile/15E148 Safari/604.1', 'Accept': '*/*', 'Origin': 'http://localhost:3000', 'Sec-Fetch-Site': 'same-site', 'Sec-Fetch-Mode': 'cors', 'Sec-Fetch-Dest': 'empty', 'Referer': 'http://localhost:3000/', 'Accept-Encoding': 'gzip, deflate, br, zstd', 'Accept-Language': 'ru-RU,ru;q=0.9,en-RU;q=0.8,en;q=0.7,en-US;q=0.6'}
2025-04-03 00:01:09,580 - api.couriers.access.routes - INFO - 📝 Запрос настроек доступа: chat_id=-1004755640016
2025-04-03 00:01:09,581 - __main__ - INFO - Получен запрос: GET /api/couriers/shifts
2025-04-03 00:01:09,582 - __main__ - INFO - Заголовки: {'Host': 'localhost', 'X-Real-Ip': '172.19.0.1', 'X-Forwarded-For': '172.19.0.1', 'X-Forwarded-Proto': 'http', 'X-Forwarded-Host': 'localhost', 'X-Original-Uri': '/api/couriers/shifts?chat_id=-1004755640016', 'Connection': 'close', 'User-Agent': 'Mozilla/5.0 (iPhone; CPU iPhone OS 16_6 like Mac OS X) AppleWebKit/605.1.15 (KHTML, like Gecko) Version/16.6 Mobile/15E148 Safari/604.1', 'Accept': '*/*', 'Origin': 'http://localhost:3000', 'Sec-Fetch-Site': 'same-site', 'Sec-Fetch-Mode': 'cors', 'Sec-Fetch-Dest': 'empty', 'Referer': 'http://localhost:3000/', 'Accept-Encoding': 'gzip, deflate, br, zstd', 'Accept-Language': 'ru-RU,ru;q=0.9,en-RU;q=0.8,en;q=0.7,en-US;q=0.6'}
2025-04-03 00:01:09,584 - __main__ - INFO - Обработка запроса на /api/couriers/shifts без CORS декораторов
2025-04-03 00:01:09,584 - api.couriers.access.routes - INFO - ✅ Настройки загружены: 17 полей
2025-04-03 00:01:09,586 - werkzeug - INFO - 172.19.0.8 - - [03/Apr/2025 00:01:09] "GET /api/couriers/access/settings?chat_id=-1004755640016 HTTP/1.1" 200 -
2025-04-03 00:01:09,592 - data.shifts - INFO - Загрузка смен из файла: /app/data/shifts.json
2025-04-03 00:01:09,594 - werkzeug - INFO - 172.19.0.8 - - [03/Apr/2025 00:01:09] "GET /api/couriers/shifts?chat_id=-1004755640016 HTTP/1.1" 200 -
2025-04-03 00:01:10,115 - __main__ - INFO - Получен запрос: GET /api/couriers/shifts
2025-04-03 00:01:10,115 - __main__ - INFO - Заголовки: {'Host': 'localhost', 'X-Real-Ip': '172.19.0.1', 'X-Forwarded-For': '172.19.0.1', 'X-Forwarded-Proto': 'http', 'X-Forwarded-Host': 'localhost', 'X-Original-Uri': '/api/couriers/shifts?chat_id=-1004755640016', 'Connection': 'close', 'User-Agent': 'Mozilla/5.0 (iPhone; CPU iPhone OS 16_6 like Mac OS X) AppleWebKit/605.1.15 (KHTML, like Gecko) Version/16.6 Mobile/15E148 Safari/604.1', 'Accept': '*/*', 'Origin': 'http://localhost:3000', 'Sec-Fetch-Site': 'same-site', 'Sec-Fetch-Mode': 'cors', 'Sec-Fetch-Dest': 'empty', 'Referer': 'http://localhost:3000/', 'Accept-Encoding': 'gzip, deflate, br, zstd', 'Accept-Language': 'ru-RU,ru;q=0.9,en-RU;q=0.8,en;q=0.7,en-US;q=0.6'}
2025-04-03 00:01:10,116 - __main__ - INFO - Обработка запроса на /api/couriers/shifts без CORS декораторов
2025-04-03 00:01:10,120 - data.shifts - INFO - Загрузка смен из файла: /app/data/shifts.json
2025-04-03 00:01:10,124 - werkzeug - INFO - 172.19.0.8 - - [03/Apr/2025 00:01:10] "GET /api/couriers/shifts?chat_id=-1004755640016 HTTP/1.1" 200 -
2025-04-03 00:09:06,734 - __main__ - INFO - Получен запрос: GET /api/reserves
2025-04-03 00:09:06,736 - __main__ - INFO - Заголовки: {'Host': 'localhost', 'X-Real-Ip': '172.19.0.1', 'X-Forwarded-For': '172.19.0.1', 'X-Forwarded-Proto': 'http', 'X-Forwarded-Host': 'localhost', 'X-Original-Uri': '/api/reserves', 'Connection': 'close', 'User-Agent': 'Mozilla/5.0 (iPhone; CPU iPhone OS 16_6 like Mac OS X) AppleWebKit/605.1.15 (KHTML, like Gecko) Version/16.6 Mobile/15E148 Safari/604.1', 'Accept': '*/*', 'Origin': 'http://localhost:3000', 'Sec-Fetch-Site': 'same-site', 'Sec-Fetch-Mode': 'cors', 'Sec-Fetch-Dest': 'empty', 'Referer': 'http://localhost:3000/', 'Accept-Encoding': 'gzip, deflate, br, zstd', 'Accept-Language': 'ru-RU,ru;q=0.9,en-RU;q=0.8,en;q=0.7,en-US;q=0.6'}
2025-04-03 00:09:06,737 - __main__ - INFO - Обработка запроса на /api/reserves без CORS декораторов
2025-04-03 00:09:06,743 - werkzeug - INFO - 172.19.0.8 - - [03/Apr/2025 00:09:06] "GET /api/reserves HTTP/1.1" 200 -
2025-04-03 00:09:06,880 - __main__ - INFO - Получен запрос: GET /api/reserves
2025-04-03 00:09:06,880 - __main__ - INFO - Заголовки: {'Host': 'localhost', 'X-Real-Ip': '172.19.0.1', 'X-Forwarded-For': '172.19.0.1', 'X-Forwarded-Proto': 'http', 'X-Forwarded-Host': 'localhost', 'X-Original-Uri': '/api/reserves', 'Connection': 'close', 'User-Agent': 'Mozilla/5.0 (iPhone; CPU iPhone OS 16_6 like Mac OS X) AppleWebKit/605.1.15 (KHTML, like Gecko) Version/16.6 Mobile/15E148 Safari/604.1', 'Accept': '*/*', 'Origin': 'http://localhost:3000', 'Sec-Fetch-Site': 'same-site', 'Sec-Fetch-Mode': 'cors', 'Sec-Fetch-Dest': 'empty', 'Referer': 'http://localhost:3000/', 'Accept-Encoding': 'gzip, deflate, br, zstd', 'Accept-Language': 'ru-RU,ru;q=0.9,en-RU;q=0.8,en;q=0.7,en-US;q=0.6'}
2025-04-03 00:09:06,881 - __main__ - INFO - Обработка запроса на /api/reserves без CORS декораторов
2025-04-03 00:09:06,892 - werkzeug - INFO - 172.19.0.8 - - [03/Apr/2025 00:09:06] "GET /api/reserves HTTP/1.1" 200 -
2025-04-03 00:09:07,009 - __main__ - INFO - Получен запрос: GET /api/couriers/access/settings
2025-04-03 00:09:07,009 - __main__ - INFO - Заголовки: {'Host': 'localhost', 'X-Real-Ip': '172.19.0.1', 'X-Forwarded-For': '172.19.0.1', 'X-Forwarded-Proto': 'http', 'X-Forwarded-Host': 'localhost', 'X-Original-Uri': '/api/couriers/access/settings?chat_id=-1004755640016', 'Connection': 'close', 'User-Agent': 'Mozilla/5.0 (iPhone; CPU iPhone OS 16_6 like Mac OS X) AppleWebKit/605.1.15 (KHTML, like Gecko) Version/16.6 Mobile/15E148 Safari/604.1', 'Accept': '*/*', 'Origin': 'http://localhost:3000', 'Sec-Fetch-Site': 'same-site', 'Sec-Fetch-Mode': 'cors', 'Sec-Fetch-Dest': 'empty', 'Referer': 'http://localhost:3000/', 'Accept-Encoding': 'gzip, deflate, br, zstd', 'Accept-Language': 'ru-RU,ru;q=0.9,en-RU;q=0.8,en;q=0.7,en-US;q=0.6'}
2025-04-03 00:09:07,010 - api.couriers.access.routes - INFO - 📝 Запрос настроек доступа: chat_id=-1004755640016
2025-04-03 00:09:07,021 - api.couriers.access.routes - INFO - ✅ Настройки загружены: 17 полей
2025-04-03 00:09:07,024 - werkzeug - INFO - 172.19.0.8 - - [03/Apr/2025 00:09:07] "GET /api/couriers/access/settings?chat_id=-1004755640016 HTTP/1.1" 200 -
2025-04-03 00:09:07,025 - __main__ - INFO - Получен запрос: GET /api/couriers/1682142222/status
2025-04-03 00:09:07,029 - __main__ - INFO - Заголовки: {'Host': 'localhost', 'X-Real-Ip': '172.19.0.1', 'X-Forwarded-For': '172.19.0.1', 'X-Forwarded-Proto': 'http', 'X-Forwarded-Host': 'localhost', 'X-Original-Uri': '/api/couriers/1682142222/status?chat_id=-1004755640016', 'Connection': 'close', 'User-Agent': 'Mozilla/5.0 (iPhone; CPU iPhone OS 16_6 like Mac OS X) AppleWebKit/605.1.15 (KHTML, like Gecko) Version/16.6 Mobile/15E148 Safari/604.1', 'Accept': 'application/json, text/plain, */*', 'Origin': 'http://localhost:3000', 'Sec-Fetch-Site': 'same-site', 'Sec-Fetch-Mode': 'cors', 'Sec-Fetch-Dest': 'empty', 'Referer': 'http://localhost:3000/', 'Accept-Encoding': 'gzip, deflate, br, zstd', 'Accept-Language': 'ru-RU,ru;q=0.9,en-RU;q=0.8,en;q=0.7,en-US;q=0.6'}
2025-04-03 00:09:07,031 - __main__ - INFO - Получен запрос: GET /api/couriers/access/settings
2025-04-03 00:09:07,031 - api.couriers.routes - INFO - === Получение статуса курьера 1682142222 ===
2025-04-03 00:09:07,034 - __main__ - INFO - Заголовки: {'Host': 'localhost', 'X-Real-Ip': '172.19.0.1', 'X-Forwarded-For': '172.19.0.1', 'X-Forwarded-Proto': 'http', 'X-Forwarded-Host': 'localhost', 'X-Original-Uri': '/api/couriers/access/settings?chat_id=-1004755640016', 'Connection': 'close', 'User-Agent': 'Mozilla/5.0 (iPhone; CPU iPhone OS 16_6 like Mac OS X) AppleWebKit/605.1.15 (KHTML, like Gecko) Version/16.6 Mobile/15E148 Safari/604.1', 'Accept': '*/*', 'Origin': 'http://localhost:3000', 'Sec-Fetch-Site': 'same-site', 'Sec-Fetch-Mode': 'cors', 'Sec-Fetch-Dest': 'empty', 'Referer': 'http://localhost:3000/', 'Accept-Encoding': 'gzip, deflate, br, zstd', 'Accept-Language': 'ru-RU,ru;q=0.9,en-RU;q=0.8,en;q=0.7,en-US;q=0.6'}
2025-04-03 00:09:07,042 - api.couriers.routes - INFO - Chat ID из запроса: -1004755640016
2025-04-03 00:09:07,043 - api.couriers.access.routes - INFO - 📝 Запрос настроек доступа: chat_id=-1004755640016
2025-04-03 00:09:07,053 - api.couriers.access.routes - INFO - ✅ Настройки загружены: 17 полей
2025-04-03 00:09:07,055 - werkzeug - INFO - 172.19.0.8 - - [03/Apr/2025 00:09:07] "GET /api/couriers/access/settings?chat_id=-1004755640016 HTTP/1.1" 200 -
2025-04-03 00:09:07,071 - api.couriers.routes - INFO - Возвращаем статус курьера: {'user_id': 1682142222, 'first_name': 'Андрей', 'last_name': 'Николаевич', 'username': 'andrejnikolaevich1999', 'photo_url': 'https://api.telegram.org/file/bot7878489788:AAHupjPYeWpzVwo77F_BCR6fIA1I_P8p_Uc/photos/file_0.jpg', 'chat_id': '-1004755640016', 'is_admin': True, 'is_senior_courier': True, 'active_session': None, 'wallet': {'balance': 0, 'transactions_count': 0}, 'status': 'active'}
2025-04-03 00:09:07,072 - werkzeug - INFO - 172.19.0.8 - - [03/Apr/2025 00:09:07] "GET /api/couriers/1682142222/status?chat_id=-1004755640016 HTTP/1.1" 200 -
2025-04-03 00:09:07,077 - __main__ - INFO - Получен запрос: GET /api/couriers/1682142222/status
2025-04-03 00:09:07,078 - __main__ - INFO - Заголовки: {'Host': 'localhost', 'X-Real-Ip': '172.19.0.1', 'X-Forwarded-For': '172.19.0.1', 'X-Forwarded-Proto': 'http', 'X-Forwarded-Host': 'localhost', 'X-Original-Uri': '/api/couriers/1682142222/status?chat_id=-1004755640016', 'Connection': 'close', 'User-Agent': 'Mozilla/5.0 (iPhone; CPU iPhone OS 16_6 like Mac OS X) AppleWebKit/605.1.15 (KHTML, like Gecko) Version/16.6 Mobile/15E148 Safari/604.1', 'Accept': 'application/json, text/plain, */*', 'Origin': 'http://localhost:3000', 'Sec-Fetch-Site': 'same-site', 'Sec-Fetch-Mode': 'cors', 'Sec-Fetch-Dest': 'empty', 'Referer': 'http://localhost:3000/', 'Accept-Encoding': 'gzip, deflate, br, zstd', 'Accept-Language': 'ru-RU,ru;q=0.9,en-RU;q=0.8,en;q=0.7,en-US;q=0.6'}
2025-04-03 00:09:07,078 - api.couriers.routes - INFO - === Получение статуса курьера 1682142222 ===
2025-04-03 00:09:07,080 - api.couriers.routes - INFO - Chat ID из запроса: -1004755640016
2025-04-03 00:09:07,081 - __main__ - INFO - Получен запрос: GET /api/couriers/shifts
2025-04-03 00:09:07,087 - __main__ - INFO - Заголовки: {'Host': 'localhost', 'X-Real-Ip': '172.19.0.1', 'X-Forwarded-For': '172.19.0.1', 'X-Forwarded-Proto': 'http', 'X-Forwarded-Host': 'localhost', 'X-Original-Uri': '/api/couriers/shifts?chat_id=-1004755640016', 'Connection': 'close', 'User-Agent': 'Mozilla/5.0 (iPhone; CPU iPhone OS 16_6 like Mac OS X) AppleWebKit/605.1.15 (KHTML, like Gecko) Version/16.6 Mobile/15E148 Safari/604.1', 'Accept': '*/*', 'Origin': 'http://localhost:3000', 'Sec-Fetch-Site': 'same-site', 'Sec-Fetch-Mode': 'cors', 'Sec-Fetch-Dest': 'empty', 'Referer': 'http://localhost:3000/', 'Accept-Encoding': 'gzip, deflate, br, zstd', 'Accept-Language': 'ru-RU,ru;q=0.9,en-RU;q=0.8,en;q=0.7,en-US;q=0.6'}
2025-04-03 00:09:07,088 - __main__ - INFO - Обработка запроса на /api/couriers/shifts без CORS декораторов
2025-04-03 00:09:07,093 - data.shifts - INFO - Загрузка смен из файла: /app/data/shifts.json
2025-04-03 00:09:07,095 - werkzeug - INFO - 172.19.0.8 - - [03/Apr/2025 00:09:07] "GET /api/couriers/shifts?chat_id=-1004755640016 HTTP/1.1" 200 -
2025-04-03 00:09:07,100 - api.couriers.routes - INFO - Возвращаем статус курьера: {'user_id': 1682142222, 'first_name': 'Андрей', 'last_name': 'Николаевич', 'username': 'andrejnikolaevich1999', 'photo_url': 'https://api.telegram.org/file/bot7878489788:AAHupjPYeWpzVwo77F_BCR6fIA1I_P8p_Uc/photos/file_0.jpg', 'chat_id': '-1004755640016', 'is_admin': True, 'is_senior_courier': True, 'active_session': None, 'wallet': {'balance': 0, 'transactions_count': 0}, 'status': 'active'}
2025-04-03 00:09:07,101 - werkzeug - INFO - 172.19.0.8 - - [03/Apr/2025 00:09:07] "GET /api/couriers/1682142222/status?chat_id=-1004755640016 HTTP/1.1" 200 -
2025-04-03 00:09:07,115 - __main__ - INFO - Получен запрос: GET /api/couriers/shifts
2025-04-03 00:09:07,115 - __main__ - INFO - Заголовки: {'Host': 'localhost', 'X-Real-Ip': '172.19.0.1', 'X-Forwarded-For': '172.19.0.1', 'X-Forwarded-Proto': 'http', 'X-Forwarded-Host': 'localhost', 'X-Original-Uri': '/api/couriers/shifts?chat_id=-1004755640016', 'Connection': 'close', 'User-Agent': 'Mozilla/5.0 (iPhone; CPU iPhone OS 16_6 like Mac OS X) AppleWebKit/605.1.15 (KHTML, like Gecko) Version/16.6 Mobile/15E148 Safari/604.1', 'Accept': '*/*', 'Origin': 'http://localhost:3000', 'Sec-Fetch-Site': 'same-site', 'Sec-Fetch-Mode': 'cors', 'Sec-Fetch-Dest': 'empty', 'Referer': 'http://localhost:3000/', 'Accept-Encoding': 'gzip, deflate, br, zstd', 'Accept-Language': 'ru-RU,ru;q=0.9,en-RU;q=0.8,en;q=0.7,en-US;q=0.6'}
2025-04-03 00:09:07,116 - __main__ - INFO - Обработка запроса на /api/couriers/shifts без CORS декораторов
2025-04-03 00:09:07,125 - data.shifts - INFO - Загрузка смен из файла: /app/data/shifts.json
2025-04-03 00:09:07,128 - werkzeug - INFO - 172.19.0.8 - - [03/Apr/2025 00:09:07] "GET /api/couriers/shifts?chat_id=-1004755640016 HTTP/1.1" 200 -
2025-04-03 00:09:07,983 - __main__ - INFO - Получен запрос: GET /api/couriers/shifts
2025-04-03 00:09:07,983 - __main__ - INFO - Заголовки: {'Host': 'localhost', 'X-Real-Ip': '172.19.0.1', 'X-Forwarded-For': '172.19.0.1', 'X-Forwarded-Proto': 'http', 'X-Forwarded-Host': 'localhost', 'X-Original-Uri': '/api/couriers/shifts?chat_id=-1004755640016', 'Connection': 'close', 'User-Agent': 'Mozilla/5.0 (iPhone; CPU iPhone OS 16_6 like Mac OS X) AppleWebKit/605.1.15 (KHTML, like Gecko) Version/16.6 Mobile/15E148 Safari/604.1', 'Accept': '*/*', 'Origin': 'http://localhost:3000', 'Sec-Fetch-Site': 'same-site', 'Sec-Fetch-Mode': 'cors', 'Sec-Fetch-Dest': 'empty', 'Referer': 'http://localhost:3000/', 'Accept-Encoding': 'gzip, deflate, br, zstd', 'Accept-Language': 'ru-RU,ru;q=0.9,en-RU;q=0.8,en;q=0.7,en-US;q=0.6'}
2025-04-03 00:09:07,987 - __main__ - INFO - Обработка запроса на /api/couriers/shifts без CORS декораторов
2025-04-03 00:09:07,988 - __main__ - INFO - Получен запрос: GET /api/couriers/access/settings
2025-04-03 00:09:07,989 - __main__ - INFO - Заголовки: {'Host': 'localhost', 'X-Real-Ip': '172.19.0.1', 'X-Forwarded-For': '172.19.0.1', 'X-Forwarded-Proto': 'http', 'X-Forwarded-Host': 'localhost', 'X-Original-Uri': '/api/couriers/access/settings?chat_id=-1004755640016', 'Connection': 'close', 'User-Agent': 'Mozilla/5.0 (iPhone; CPU iPhone OS 16_6 like Mac OS X) AppleWebKit/605.1.15 (KHTML, like Gecko) Version/16.6 Mobile/15E148 Safari/604.1', 'Accept': '*/*', 'Origin': 'http://localhost:3000', 'Sec-Fetch-Site': 'same-site', 'Sec-Fetch-Mode': 'cors', 'Sec-Fetch-Dest': 'empty', 'Referer': 'http://localhost:3000/', 'Accept-Encoding': 'gzip, deflate, br, zstd', 'Accept-Language': 'ru-RU,ru;q=0.9,en-RU;q=0.8,en;q=0.7,en-US;q=0.6'}
2025-04-03 00:09:07,991 - api.couriers.access.routes - INFO - 📝 Запрос настроек доступа: chat_id=-1004755640016
2025-04-03 00:09:07,996 - data.shifts - INFO - Загрузка смен из файла: /app/data/shifts.json
2025-04-03 00:09:07,997 - api.couriers.access.routes - INFO - ✅ Настройки загружены: 17 полей
2025-04-03 00:09:07,998 - werkzeug - INFO - 172.19.0.8 - - [03/Apr/2025 00:09:07] "GET /api/couriers/access/settings?chat_id=-1004755640016 HTTP/1.1" 200 -
2025-04-03 00:09:08,005 - werkzeug - INFO - 172.19.0.8 - - [03/Apr/2025 00:09:08] "GET /api/couriers/shifts?chat_id=-1004755640016 HTTP/1.1" 200 -
2025-04-03 00:09:08,006 - __main__ - INFO - Получен запрос: GET /api/couriers/access/settings
2025-04-03 00:09:08,008 - __main__ - INFO - Заголовки: {'Host': 'localhost', 'X-Real-Ip': '172.19.0.1', 'X-Forwarded-For': '172.19.0.1', 'X-Forwarded-Proto': 'http', 'X-Forwarded-Host': 'localhost', 'X-Original-Uri': '/api/couriers/access/settings?chat_id=-1004755640016', 'Connection': 'close', 'User-Agent': 'Mozilla/5.0 (iPhone; CPU iPhone OS 16_6 like Mac OS X) AppleWebKit/605.1.15 (KHTML, like Gecko) Version/16.6 Mobile/15E148 Safari/604.1', 'Accept': '*/*', 'Origin': 'http://localhost:3000', 'Sec-Fetch-Site': 'same-site', 'Sec-Fetch-Mode': 'cors', 'Sec-Fetch-Dest': 'empty', 'Referer': 'http://localhost:3000/', 'Accept-Encoding': 'gzip, deflate, br, zstd', 'Accept-Language': 'ru-RU,ru;q=0.9,en-RU;q=0.8,en;q=0.7,en-US;q=0.6'}
2025-04-03 00:09:08,009 - api.couriers.access.routes - INFO - 📝 Запрос настроек доступа: chat_id=-1004755640016
2025-04-03 00:09:08,017 - __main__ - INFO - Получен запрос: GET /api/couriers/shifts
2025-04-03 00:09:08,018 - api.couriers.access.routes - INFO - ✅ Настройки загружены: 17 полей
2025-04-03 00:09:08,019 - __main__ - INFO - Заголовки: {'Host': 'localhost', 'X-Real-Ip': '172.19.0.1', 'X-Forwarded-For': '172.19.0.1', 'X-Forwarded-Proto': 'http', 'X-Forwarded-Host': 'localhost', 'X-Original-Uri': '/api/couriers/shifts?chat_id=-1004755640016', 'Connection': 'close', 'User-Agent': 'Mozilla/5.0 (iPhone; CPU iPhone OS 16_6 like Mac OS X) AppleWebKit/605.1.15 (KHTML, like Gecko) Version/16.6 Mobile/15E148 Safari/604.1', 'Accept': '*/*', 'Origin': 'http://localhost:3000', 'Sec-Fetch-Site': 'same-site', 'Sec-Fetch-Mode': 'cors', 'Sec-Fetch-Dest': 'empty', 'Referer': 'http://localhost:3000/', 'Accept-Encoding': 'gzip, deflate, br, zstd', 'Accept-Language': 'ru-RU,ru;q=0.9,en-RU;q=0.8,en;q=0.7,en-US;q=0.6'}
2025-04-03 00:09:08,022 - __main__ - INFO - Обработка запроса на /api/couriers/shifts без CORS декораторов
2025-04-03 00:09:08,021 - werkzeug - INFO - 172.19.0.8 - - [03/Apr/2025 00:09:08] "GET /api/couriers/access/settings?chat_id=-1004755640016 HTTP/1.1" 200 -
2025-04-03 00:09:08,039 - data.shifts - INFO - Загрузка смен из файла: /app/data/shifts.json
2025-04-03 00:09:08,043 - werkzeug - INFO - 172.19.0.8 - - [03/Apr/2025 00:09:08] "GET /api/couriers/shifts?chat_id=-1004755640016 HTTP/1.1" 200 -
2025-04-03 00:09:08,475 - __main__ - INFO - Получен запрос: GET /api/couriers/shifts
2025-04-03 00:09:08,475 - __main__ - INFO - Заголовки: {'Host': 'localhost', 'X-Real-Ip': '172.19.0.1', 'X-Forwarded-For': '172.19.0.1', 'X-Forwarded-Proto': 'http', 'X-Forwarded-Host': 'localhost', 'X-Original-Uri': '/api/couriers/shifts?chat_id=-1004755640016', 'Connection': 'close', 'User-Agent': 'Mozilla/5.0 (iPhone; CPU iPhone OS 16_6 like Mac OS X) AppleWebKit/605.1.15 (KHTML, like Gecko) Version/16.6 Mobile/15E148 Safari/604.1', 'Accept': '*/*', 'Origin': 'http://localhost:3000', 'Sec-Fetch-Site': 'same-site', 'Sec-Fetch-Mode': 'cors', 'Sec-Fetch-Dest': 'empty', 'Referer': 'http://localhost:3000/', 'Accept-Encoding': 'gzip, deflate, br, zstd', 'Accept-Language': 'ru-RU,ru;q=0.9,en-RU;q=0.8,en;q=0.7,en-US;q=0.6'}
2025-04-03 00:09:08,477 - __main__ - INFO - Обработка запроса на /api/couriers/shifts без CORS декораторов
2025-04-03 00:09:08,482 - data.shifts - INFO - Загрузка смен из файла: /app/data/shifts.json
2025-04-03 00:09:08,485 - werkzeug - INFO - 172.19.0.8 - - [03/Apr/2025 00:09:08] "GET /api/couriers/shifts?chat_id=-1004755640016 HTTP/1.1" 200 -
2025-04-03 07:21:12,092 - models.database - INFO - ✅ Соединение с базой данных установлено
2025-04-03 07:21:12,094 - models.database - INFO - ✅ Таблицы успешно созданы/проверены
2025-04-03 07:21:12,094 - models.database - INFO - ✅ DatabaseService инициализирован. Подключение к базе: postgres:5432/appninjabot
2025-04-03 07:21:12,104 - data.shifts - INFO - Основной путь к файлу смен: /app/data/shifts.json
2025-04-03 07:21:12,104 - data.shifts - INFO - Альтернативный путь: /app/data/shifts.json
2025-04-03 07:21:12,104 - data.shifts - INFO - Альтернативный путь: /app/backend/data/shifts.json
2025-04-03 07:21:12,104 - data.shifts - INFO - Альтернативный путь: /app/data/shifts.json
2025-04-03 07:21:12,105 - data.shifts - INFO - Альтернативный путь: shifts.json
2025-04-03 07:21:13,525 - telegramNinjaBot.bot - INFO - Бот запущен в окружении: development
2025-04-03 07:21:13,623 - tzlocal - DEBUG - /etc/timezone found, contents:
 Asia/Krasnoyarsk

2025-04-03 07:21:13,624 - tzlocal - DEBUG - /etc/localtime found
2025-04-03 07:21:13,626 - tzlocal - DEBUG - 2 found:
 {'/etc/timezone': 'Asia/Krasnoyarsk', '/etc/localtime is a symlink to': 'Asia/Krasnoyarsk'}
2025-04-03 07:21:13,643 - models.scheduler_task - INFO - ✅ Таблица scheduler_tasks успешно создана или уже существует
2025-04-03 07:21:13,675 - models.scheduler_task - INFO - ✅ Таблица scheduler_tasks успешно создана или уже существует
2025-04-03 07:21:13,681 - models.scheduler_task - INFO - ✅ Таблица scheduler_tasks успешно создана или уже существует
2025-04-03 07:21:13,702 - werkzeug - INFO - [31m[1mWARNING: This is a development server. Do not use it in a production deployment. Use a production WSGI server instead.[0m
 * Running on all addresses (0.0.0.0)
 * Running on http://127.0.0.1:8000
 * Running on http://172.19.0.5:8000
2025-04-03 07:21:13,703 - werkzeug - INFO - [33mPress CTRL+C to quit[0m
2025-04-03 07:22:26,479 - __main__ - INFO - Получен запрос: GET /api/reserves
2025-04-03 07:22:26,479 - __main__ - INFO - Заголовки: {'Host': 'localhost', 'X-Real-Ip': '172.19.0.1', 'X-Forwarded-For': '172.19.0.1', 'X-Forwarded-Proto': 'http', 'X-Forwarded-Host': 'localhost', 'X-Original-Uri': '/api/reserves', 'Connection': 'close', 'User-Agent': 'Mozilla/5.0 (iPhone; CPU iPhone OS 16_6 like Mac OS X) AppleWebKit/605.1.15 (KHTML, like Gecko) Version/16.6 Mobile/15E148 Safari/604.1', 'Accept': '*/*', 'Origin': 'http://localhost:3000', 'Sec-Fetch-Site': 'same-site', 'Sec-Fetch-Mode': 'cors', 'Sec-Fetch-Dest': 'empty', 'Referer': 'http://localhost:3000/', 'Accept-Encoding': 'gzip, deflate, br, zstd', 'Accept-Language': 'ru-RU,ru;q=0.9,en-RU;q=0.8,en;q=0.7,en-US;q=0.6'}
2025-04-03 07:22:26,480 - __main__ - INFO - Обработка запроса на /api/reserves без CORS декораторов
2025-04-03 07:22:26,486 - werkzeug - INFO - 172.19.0.8 - - [03/Apr/2025 07:22:26] "GET /api/reserves HTTP/1.1" 200 -
2025-04-03 07:22:26,583 - __main__ - INFO - Получен запрос: GET /api/reserves
2025-04-03 07:22:26,584 - __main__ - INFO - Заголовки: {'Host': 'localhost', 'X-Real-Ip': '172.19.0.1', 'X-Forwarded-For': '172.19.0.1', 'X-Forwarded-Proto': 'http', 'X-Forwarded-Host': 'localhost', 'X-Original-Uri': '/api/reserves', 'Connection': 'close', 'User-Agent': 'Mozilla/5.0 (iPhone; CPU iPhone OS 16_6 like Mac OS X) AppleWebKit/605.1.15 (KHTML, like Gecko) Version/16.6 Mobile/15E148 Safari/604.1', 'Accept': '*/*', 'Origin': 'http://localhost:3000', 'Sec-Fetch-Site': 'same-site', 'Sec-Fetch-Mode': 'cors', 'Sec-Fetch-Dest': 'empty', 'Referer': 'http://localhost:3000/', 'Accept-Encoding': 'gzip, deflate, br, zstd', 'Accept-Language': 'ru-RU,ru;q=0.9,en-RU;q=0.8,en;q=0.7,en-US;q=0.6'}
2025-04-03 07:22:26,585 - __main__ - INFO - Обработка запроса на /api/reserves без CORS декораторов
2025-04-03 07:22:26,589 - werkzeug - INFO - 172.19.0.8 - - [03/Apr/2025 07:22:26] "GET /api/reserves HTTP/1.1" 200 -
2025-04-03 07:22:26,696 - __main__ - INFO - Получен запрос: GET /api/couriers/access/settings
2025-04-03 07:22:26,696 - __main__ - INFO - Заголовки: {'Host': 'localhost', 'X-Real-Ip': '172.19.0.1', 'X-Forwarded-For': '172.19.0.1', 'X-Forwarded-Proto': 'http', 'X-Forwarded-Host': 'localhost', 'X-Original-Uri': '/api/couriers/access/settings?chat_id=-1004755640016', 'Connection': 'close', 'User-Agent': 'Mozilla/5.0 (iPhone; CPU iPhone OS 16_6 like Mac OS X) AppleWebKit/605.1.15 (KHTML, like Gecko) Version/16.6 Mobile/15E148 Safari/604.1', 'Accept': '*/*', 'Origin': 'http://localhost:3000', 'Sec-Fetch-Site': 'same-site', 'Sec-Fetch-Mode': 'cors', 'Sec-Fetch-Dest': 'empty', 'Referer': 'http://localhost:3000/', 'Accept-Encoding': 'gzip, deflate, br, zstd', 'Accept-Language': 'ru-RU,ru;q=0.9,en-RU;q=0.8,en;q=0.7,en-US;q=0.6'}
2025-04-03 07:22:26,697 - api.couriers.access.routes - INFO - 📝 Запрос настроек доступа: chat_id=-1004755640016
2025-04-03 07:22:26,700 - __main__ - INFO - Получен запрос: GET /api/couriers/1682142222/status
2025-04-03 07:22:26,701 - __main__ - INFO - Заголовки: {'Host': 'localhost', 'X-Real-Ip': '172.19.0.1', 'X-Forwarded-For': '172.19.0.1', 'X-Forwarded-Proto': 'http', 'X-Forwarded-Host': 'localhost', 'X-Original-Uri': '/api/couriers/1682142222/status?chat_id=-1004755640016', 'Connection': 'close', 'User-Agent': 'Mozilla/5.0 (iPhone; CPU iPhone OS 16_6 like Mac OS X) AppleWebKit/605.1.15 (KHTML, like Gecko) Version/16.6 Mobile/15E148 Safari/604.1', 'Accept': 'application/json, text/plain, */*', 'Origin': 'http://localhost:3000', 'Sec-Fetch-Site': 'same-site', 'Sec-Fetch-Mode': 'cors', 'Sec-Fetch-Dest': 'empty', 'Referer': 'http://localhost:3000/', 'Accept-Encoding': 'gzip, deflate, br, zstd', 'Accept-Language': 'ru-RU,ru;q=0.9,en-RU;q=0.8,en;q=0.7,en-US;q=0.6'}
2025-04-03 07:22:26,702 - api.couriers.routes - INFO - === Получение статуса курьера 1682142222 ===
2025-04-03 07:22:26,703 - api.couriers.routes - INFO - Chat ID из запроса: -1004755640016
2025-04-03 07:22:26,716 - api.couriers.access.routes - INFO - ✅ Настройки загружены: 17 полей
2025-04-03 07:22:26,717 - werkzeug - INFO - 172.19.0.8 - - [03/Apr/2025 07:22:26] "GET /api/couriers/access/settings?chat_id=-1004755640016 HTTP/1.1" 200 -
2025-04-03 07:22:26,721 - api.couriers.routes - INFO - Возвращаем статус курьера: {'user_id': 1682142222, 'first_name': 'Андрей', 'last_name': 'Николаевич', 'username': 'andrejnikolaevich1999', 'photo_url': 'https://api.telegram.org/file/bot7878489788:AAHupjPYeWpzVwo77F_BCR6fIA1I_P8p_Uc/photos/file_0.jpg', 'chat_id': '-1004755640016', 'is_admin': True, 'is_senior_courier': True, 'active_session': None, 'wallet': {'balance': 0, 'transactions_count': 0}, 'status': 'active'}
2025-04-03 07:22:26,725 - werkzeug - INFO - 172.19.0.8 - - [03/Apr/2025 07:22:26] "GET /api/couriers/1682142222/status?chat_id=-1004755640016 HTTP/1.1" 200 -
2025-04-03 07:22:26,726 - __main__ - INFO - Получен запрос: GET /api/couriers/access/settings
2025-04-03 07:22:26,728 - __main__ - INFO - Заголовки: {'Host': 'localhost', 'X-Real-Ip': '172.19.0.1', 'X-Forwarded-For': '172.19.0.1', 'X-Forwarded-Proto': 'http', 'X-Forwarded-Host': 'localhost', 'X-Original-Uri': '/api/couriers/access/settings?chat_id=-1004755640016', 'Connection': 'close', 'User-Agent': 'Mozilla/5.0 (iPhone; CPU iPhone OS 16_6 like Mac OS X) AppleWebKit/605.1.15 (KHTML, like Gecko) Version/16.6 Mobile/15E148 Safari/604.1', 'Accept': '*/*', 'Origin': 'http://localhost:3000', 'Sec-Fetch-Site': 'same-site', 'Sec-Fetch-Mode': 'cors', 'Sec-Fetch-Dest': 'empty', 'Referer': 'http://localhost:3000/', 'Accept-Encoding': 'gzip, deflate, br, zstd', 'Accept-Language': 'ru-RU,ru;q=0.9,en-RU;q=0.8,en;q=0.7,en-US;q=0.6'}
2025-04-03 07:22:26,729 - api.couriers.access.routes - INFO - 📝 Запрос настроек доступа: chat_id=-1004755640016
2025-04-03 07:22:26,733 - api.couriers.access.routes - INFO - ✅ Настройки загружены: 17 полей
2025-04-03 07:22:26,736 - __main__ - INFO - Получен запрос: GET /api/couriers/1682142222/status
2025-04-03 07:22:26,736 - werkzeug - INFO - 172.19.0.8 - - [03/Apr/2025 07:22:26] "GET /api/couriers/access/settings?chat_id=-1004755640016 HTTP/1.1" 200 -
2025-04-03 07:22:26,737 - __main__ - INFO - Заголовки: {'Host': 'localhost', 'X-Real-Ip': '172.19.0.1', 'X-Forwarded-For': '172.19.0.1', 'X-Forwarded-Proto': 'http', 'X-Forwarded-Host': 'localhost', 'X-Original-Uri': '/api/couriers/1682142222/status?chat_id=-1004755640016', 'Connection': 'close', 'User-Agent': 'Mozilla/5.0 (iPhone; CPU iPhone OS 16_6 like Mac OS X) AppleWebKit/605.1.15 (KHTML, like Gecko) Version/16.6 Mobile/15E148 Safari/604.1', 'Accept': 'application/json, text/plain, */*', 'Origin': 'http://localhost:3000', 'Sec-Fetch-Site': 'same-site', 'Sec-Fetch-Mode': 'cors', 'Sec-Fetch-Dest': 'empty', 'Referer': 'http://localhost:3000/', 'Accept-Encoding': 'gzip, deflate, br, zstd', 'Accept-Language': 'ru-RU,ru;q=0.9,en-RU;q=0.8,en;q=0.7,en-US;q=0.6'}
2025-04-03 07:22:26,738 - api.couriers.routes - INFO - === Получение статуса курьера 1682142222 ===
2025-04-03 07:22:26,739 - __main__ - INFO - Получен запрос: GET /api/couriers/shifts
2025-04-03 07:22:26,739 - api.couriers.routes - INFO - Chat ID из запроса: -1004755640016
2025-04-03 07:22:26,740 - __main__ - INFO - Заголовки: {'Host': 'localhost', 'X-Real-Ip': '172.19.0.1', 'X-Forwarded-For': '172.19.0.1', 'X-Forwarded-Proto': 'http', 'X-Forwarded-Host': 'localhost', 'X-Original-Uri': '/api/couriers/shifts?chat_id=-1004755640016', 'Connection': 'close', 'User-Agent': 'Mozilla/5.0 (iPhone; CPU iPhone OS 16_6 like Mac OS X) AppleWebKit/605.1.15 (KHTML, like Gecko) Version/16.6 Mobile/15E148 Safari/604.1', 'Accept': '*/*', 'Origin': 'http://localhost:3000', 'Sec-Fetch-Site': 'same-site', 'Sec-Fetch-Mode': 'cors', 'Sec-Fetch-Dest': 'empty', 'Referer': 'http://localhost:3000/', 'Accept-Encoding': 'gzip, deflate, br, zstd', 'Accept-Language': 'ru-RU,ru;q=0.9,en-RU;q=0.8,en;q=0.7,en-US;q=0.6'}
2025-04-03 07:22:26,741 - __main__ - INFO - Обработка запроса на /api/couriers/shifts без CORS декораторов
2025-04-03 07:22:26,749 - data.shifts - INFO - Загрузка смен из файла: /app/data/shifts.json
2025-04-03 07:22:26,752 - werkzeug - INFO - 172.19.0.8 - - [03/Apr/2025 07:22:26] "GET /api/couriers/shifts?chat_id=-1004755640016 HTTP/1.1" 200 -
2025-04-03 07:22:26,754 - api.couriers.routes - INFO - Возвращаем статус курьера: {'user_id': 1682142222, 'first_name': 'Андрей', 'last_name': 'Николаевич', 'username': 'andrejnikolaevich1999', 'photo_url': 'https://api.telegram.org/file/bot7878489788:AAHupjPYeWpzVwo77F_BCR6fIA1I_P8p_Uc/photos/file_0.jpg', 'chat_id': '-1004755640016', 'is_admin': True, 'is_senior_courier': True, 'active_session': None, 'wallet': {'balance': 0, 'transactions_count': 0}, 'status': 'active'}
2025-04-03 07:22:26,755 - werkzeug - INFO - 172.19.0.8 - - [03/Apr/2025 07:22:26] "GET /api/couriers/1682142222/status?chat_id=-1004755640016 HTTP/1.1" 200 -
2025-04-03 07:22:26,761 - __main__ - INFO - Получен запрос: GET /api/couriers/shifts
2025-04-03 07:22:26,761 - __main__ - INFO - Заголовки: {'Host': 'localhost', 'X-Real-Ip': '172.19.0.1', 'X-Forwarded-For': '172.19.0.1', 'X-Forwarded-Proto': 'http', 'X-Forwarded-Host': 'localhost', 'X-Original-Uri': '/api/couriers/shifts?chat_id=-1004755640016', 'Connection': 'close', 'User-Agent': 'Mozilla/5.0 (iPhone; CPU iPhone OS 16_6 like Mac OS X) AppleWebKit/605.1.15 (KHTML, like Gecko) Version/16.6 Mobile/15E148 Safari/604.1', 'Accept': '*/*', 'Origin': 'http://localhost:3000', 'Sec-Fetch-Site': 'same-site', 'Sec-Fetch-Mode': 'cors', 'Sec-Fetch-Dest': 'empty', 'Referer': 'http://localhost:3000/', 'Accept-Encoding': 'gzip, deflate, br, zstd', 'Accept-Language': 'ru-RU,ru;q=0.9,en-RU;q=0.8,en;q=0.7,en-US;q=0.6'}
2025-04-03 07:22:26,761 - __main__ - INFO - Обработка запроса на /api/couriers/shifts без CORS декораторов
2025-04-03 07:22:26,765 - data.shifts - INFO - Загрузка смен из файла: /app/data/shifts.json
2025-04-03 07:22:26,767 - werkzeug - INFO - 172.19.0.8 - - [03/Apr/2025 07:22:26] "GET /api/couriers/shifts?chat_id=-1004755640016 HTTP/1.1" 200 -
2025-04-03 07:22:44,625 - __main__ - INFO - Получен запрос: GET /api/couriers/shifts
2025-04-03 07:22:44,626 - __main__ - INFO - Заголовки: {'Host': 'localhost', 'X-Real-Ip': '172.19.0.1', 'X-Forwarded-For': '172.19.0.1', 'X-Forwarded-Proto': 'http', 'X-Forwarded-Host': 'localhost', 'X-Original-Uri': '/api/couriers/shifts?chat_id=-1004755640016', 'Connection': 'close', 'User-Agent': 'Mozilla/5.0 (iPhone; CPU iPhone OS 16_6 like Mac OS X) AppleWebKit/605.1.15 (KHTML, like Gecko) Version/16.6 Mobile/15E148 Safari/604.1', 'Accept': '*/*', 'Origin': 'http://localhost:3000', 'Sec-Fetch-Site': 'same-site', 'Sec-Fetch-Mode': 'cors', 'Sec-Fetch-Dest': 'empty', 'Referer': 'http://localhost:3000/', 'Accept-Encoding': 'gzip, deflate, br, zstd', 'Accept-Language': 'ru-RU,ru;q=0.9,en-RU;q=0.8,en;q=0.7,en-US;q=0.6'}
2025-04-03 07:22:44,627 - __main__ - INFO - Получен запрос: GET /api/couriers/access/settings
2025-04-03 07:22:44,628 - __main__ - INFO - Обработка запроса на /api/couriers/shifts без CORS декораторов
2025-04-03 07:22:44,630 - __main__ - INFO - Заголовки: {'Host': 'localhost', 'X-Real-Ip': '172.19.0.1', 'X-Forwarded-For': '172.19.0.1', 'X-Forwarded-Proto': 'http', 'X-Forwarded-Host': 'localhost', 'X-Original-Uri': '/api/couriers/access/settings?chat_id=-1004755640016', 'Connection': 'close', 'User-Agent': 'Mozilla/5.0 (iPhone; CPU iPhone OS 16_6 like Mac OS X) AppleWebKit/605.1.15 (KHTML, like Gecko) Version/16.6 Mobile/15E148 Safari/604.1', 'Accept': '*/*', 'Origin': 'http://localhost:3000', 'Sec-Fetch-Site': 'same-site', 'Sec-Fetch-Mode': 'cors', 'Sec-Fetch-Dest': 'empty', 'Referer': 'http://localhost:3000/', 'Accept-Encoding': 'gzip, deflate, br, zstd', 'Accept-Language': 'ru-RU,ru;q=0.9,en-RU;q=0.8,en;q=0.7,en-US;q=0.6'}
2025-04-03 07:22:44,632 - api.couriers.access.routes - INFO - 📝 Запрос настроек доступа: chat_id=-1004755640016
2025-04-03 07:22:44,636 - api.couriers.access.routes - INFO - ✅ Настройки загружены: 17 полей
2025-04-03 07:22:44,637 - werkzeug - INFO - 172.19.0.8 - - [03/Apr/2025 07:22:44] "GET /api/couriers/access/settings?chat_id=-1004755640016 HTTP/1.1" 200 -
2025-04-03 07:22:44,637 - data.shifts - INFO - Загрузка смен из файла: /app/data/shifts.json
2025-04-03 07:22:44,641 - werkzeug - INFO - 172.19.0.8 - - [03/Apr/2025 07:22:44] "GET /api/couriers/shifts?chat_id=-1004755640016 HTTP/1.1" 200 -
2025-04-03 07:22:44,648 - __main__ - INFO - Получен запрос: GET /api/couriers/shifts
2025-04-03 07:22:44,649 - __main__ - INFO - Заголовки: {'Host': 'localhost', 'X-Real-Ip': '172.19.0.1', 'X-Forwarded-For': '172.19.0.1', 'X-Forwarded-Proto': 'http', 'X-Forwarded-Host': 'localhost', 'X-Original-Uri': '/api/couriers/shifts?chat_id=-1004755640016', 'Connection': 'close', 'User-Agent': 'Mozilla/5.0 (iPhone; CPU iPhone OS 16_6 like Mac OS X) AppleWebKit/605.1.15 (KHTML, like Gecko) Version/16.6 Mobile/15E148 Safari/604.1', 'Accept': '*/*', 'Origin': 'http://localhost:3000', 'Sec-Fetch-Site': 'same-site', 'Sec-Fetch-Mode': 'cors', 'Sec-Fetch-Dest': 'empty', 'Referer': 'http://localhost:3000/', 'Accept-Encoding': 'gzip, deflate, br, zstd', 'Accept-Language': 'ru-RU,ru;q=0.9,en-RU;q=0.8,en;q=0.7,en-US;q=0.6'}
2025-04-03 07:22:44,649 - __main__ - INFO - Получен запрос: GET /api/couriers/access/settings
2025-04-03 07:22:44,649 - __main__ - INFO - Обработка запроса на /api/couriers/shifts без CORS декораторов
2025-04-03 07:22:44,650 - __main__ - INFO - Заголовки: {'Host': 'localhost', 'X-Real-Ip': '172.19.0.1', 'X-Forwarded-For': '172.19.0.1', 'X-Forwarded-Proto': 'http', 'X-Forwarded-Host': 'localhost', 'X-Original-Uri': '/api/couriers/access/settings?chat_id=-1004755640016', 'Connection': 'close', 'User-Agent': 'Mozilla/5.0 (iPhone; CPU iPhone OS 16_6 like Mac OS X) AppleWebKit/605.1.15 (KHTML, like Gecko) Version/16.6 Mobile/15E148 Safari/604.1', 'Accept': '*/*', 'Origin': 'http://localhost:3000', 'Sec-Fetch-Site': 'same-site', 'Sec-Fetch-Mode': 'cors', 'Sec-Fetch-Dest': 'empty', 'Referer': 'http://localhost:3000/', 'Accept-Encoding': 'gzip, deflate, br, zstd', 'Accept-Language': 'ru-RU,ru;q=0.9,en-RU;q=0.8,en;q=0.7,en-US;q=0.6'}
2025-04-03 07:22:44,651 - api.couriers.access.routes - INFO - 📝 Запрос настроек доступа: chat_id=-1004755640016
2025-04-03 07:22:44,654 - api.couriers.access.routes - INFO - ✅ Настройки загружены: 17 полей
2025-04-03 07:22:44,655 - werkzeug - INFO - 172.19.0.8 - - [03/Apr/2025 07:22:44] "GET /api/couriers/access/settings?chat_id=-1004755640016 HTTP/1.1" 200 -
2025-04-03 07:22:44,657 - data.shifts - INFO - Загрузка смен из файла: /app/data/shifts.json
2025-04-03 07:22:44,659 - werkzeug - INFO - 172.19.0.8 - - [03/Apr/2025 07:22:44] "GET /api/couriers/shifts?chat_id=-1004755640016 HTTP/1.1" 200 -
2025-04-03 07:22:45,201 - __main__ - INFO - Получен запрос: GET /api/couriers/shifts
2025-04-03 07:22:45,201 - __main__ - INFO - Заголовки: {'Host': 'localhost', 'X-Real-Ip': '172.19.0.1', 'X-Forwarded-For': '172.19.0.1', 'X-Forwarded-Proto': 'http', 'X-Forwarded-Host': 'localhost', 'X-Original-Uri': '/api/couriers/shifts?chat_id=-1004755640016', 'Connection': 'close', 'User-Agent': 'Mozilla/5.0 (iPhone; CPU iPhone OS 16_6 like Mac OS X) AppleWebKit/605.1.15 (KHTML, like Gecko) Version/16.6 Mobile/15E148 Safari/604.1', 'Accept': '*/*', 'Origin': 'http://localhost:3000', 'Sec-Fetch-Site': 'same-site', 'Sec-Fetch-Mode': 'cors', 'Sec-Fetch-Dest': 'empty', 'Referer': 'http://localhost:3000/', 'Accept-Encoding': 'gzip, deflate, br, zstd', 'Accept-Language': 'ru-RU,ru;q=0.9,en-RU;q=0.8,en;q=0.7,en-US;q=0.6'}
2025-04-03 07:22:45,202 - __main__ - INFO - Обработка запроса на /api/couriers/shifts без CORS декораторов
2025-04-03 07:22:45,205 - data.shifts - INFO - Загрузка смен из файла: /app/data/shifts.json
2025-04-03 07:22:45,207 - werkzeug - INFO - 172.19.0.8 - - [03/Apr/2025 07:22:45] "GET /api/couriers/shifts?chat_id=-1004755640016 HTTP/1.1" 200 -
2025-04-03 07:25:39,224 - __main__ - INFO - Получен запрос: GET /api/reserves
2025-04-03 07:25:39,224 - __main__ - INFO - Заголовки: {'Host': 'localhost', 'X-Real-Ip': '172.19.0.1', 'X-Forwarded-For': '172.19.0.1', 'X-Forwarded-Proto': 'http', 'X-Forwarded-Host': 'localhost', 'X-Original-Uri': '/api/reserves', 'Connection': 'close', 'User-Agent': 'Mozilla/5.0 (iPhone; CPU iPhone OS 16_6 like Mac OS X) AppleWebKit/605.1.15 (KHTML, like Gecko) Version/16.6 Mobile/15E148 Safari/604.1', 'Accept': '*/*', 'Origin': 'http://localhost:3000', 'Sec-Fetch-Site': 'same-site', 'Sec-Fetch-Mode': 'cors', 'Sec-Fetch-Dest': 'empty', 'Referer': 'http://localhost:3000/', 'Accept-Encoding': 'gzip, deflate, br, zstd', 'Accept-Language': 'ru-RU,ru;q=0.9,en-RU;q=0.8,en;q=0.7,en-US;q=0.6'}
2025-04-03 07:25:39,225 - __main__ - INFO - Обработка запроса на /api/reserves без CORS декораторов
2025-04-03 07:25:39,229 - werkzeug - INFO - 172.19.0.8 - - [03/Apr/2025 07:25:39] "GET /api/reserves HTTP/1.1" 200 -
2025-04-03 07:25:39,324 - __main__ - INFO - Получен запрос: GET /api/reserves
2025-04-03 07:25:39,324 - __main__ - INFO - Заголовки: {'Host': 'localhost', 'X-Real-Ip': '172.19.0.1', 'X-Forwarded-For': '172.19.0.1', 'X-Forwarded-Proto': 'http', 'X-Forwarded-Host': 'localhost', 'X-Original-Uri': '/api/reserves', 'Connection': 'close', 'User-Agent': 'Mozilla/5.0 (iPhone; CPU iPhone OS 16_6 like Mac OS X) AppleWebKit/605.1.15 (KHTML, like Gecko) Version/16.6 Mobile/15E148 Safari/604.1', 'Accept': '*/*', 'Origin': 'http://localhost:3000', 'Sec-Fetch-Site': 'same-site', 'Sec-Fetch-Mode': 'cors', 'Sec-Fetch-Dest': 'empty', 'Referer': 'http://localhost:3000/', 'Accept-Encoding': 'gzip, deflate, br, zstd', 'Accept-Language': 'ru-RU,ru;q=0.9,en-RU;q=0.8,en;q=0.7,en-US;q=0.6'}
2025-04-03 07:25:39,325 - __main__ - INFO - Обработка запроса на /api/reserves без CORS декораторов
2025-04-03 07:25:39,332 - werkzeug - INFO - 172.19.0.8 - - [03/Apr/2025 07:25:39] "GET /api/reserves HTTP/1.1" 200 -
2025-04-03 07:25:39,453 - __main__ - INFO - Получен запрос: GET /api/couriers/access/settings
2025-04-03 07:25:39,454 - __main__ - INFO - Заголовки: {'Host': 'localhost', 'X-Real-Ip': '172.19.0.1', 'X-Forwarded-For': '172.19.0.1', 'X-Forwarded-Proto': 'http', 'X-Forwarded-Host': 'localhost', 'X-Original-Uri': '/api/couriers/access/settings?chat_id=-1004755640016', 'Connection': 'close', 'User-Agent': 'Mozilla/5.0 (iPhone; CPU iPhone OS 16_6 like Mac OS X) AppleWebKit/605.1.15 (KHTML, like Gecko) Version/16.6 Mobile/15E148 Safari/604.1', 'Accept': '*/*', 'Origin': 'http://localhost:3000', 'Sec-Fetch-Site': 'same-site', 'Sec-Fetch-Mode': 'cors', 'Sec-Fetch-Dest': 'empty', 'Referer': 'http://localhost:3000/', 'Accept-Encoding': 'gzip, deflate, br, zstd', 'Accept-Language': 'ru-RU,ru;q=0.9,en-RU;q=0.8,en;q=0.7,en-US;q=0.6'}
2025-04-03 07:25:39,454 - api.couriers.access.routes - INFO - 📝 Запрос настроек доступа: chat_id=-1004755640016
2025-04-03 07:25:39,455 - __main__ - INFO - Получен запрос: GET /api/couriers/1682142222/status
2025-04-03 07:25:39,456 - __main__ - INFO - Заголовки: {'Host': 'localhost', 'X-Real-Ip': '172.19.0.1', 'X-Forwarded-For': '172.19.0.1', 'X-Forwarded-Proto': 'http', 'X-Forwarded-Host': 'localhost', 'X-Original-Uri': '/api/couriers/1682142222/status?chat_id=-1004755640016', 'Connection': 'close', 'User-Agent': 'Mozilla/5.0 (iPhone; CPU iPhone OS 16_6 like Mac OS X) AppleWebKit/605.1.15 (KHTML, like Gecko) Version/16.6 Mobile/15E148 Safari/604.1', 'Accept': 'application/json, text/plain, */*', 'Origin': 'http://localhost:3000', 'Sec-Fetch-Site': 'same-site', 'Sec-Fetch-Mode': 'cors', 'Sec-Fetch-Dest': 'empty', 'Referer': 'http://localhost:3000/', 'Accept-Encoding': 'gzip, deflate, br, zstd', 'Accept-Language': 'ru-RU,ru;q=0.9,en-RU;q=0.8,en;q=0.7,en-US;q=0.6'}
2025-04-03 07:25:39,457 - api.couriers.routes - INFO - === Получение статуса курьера 1682142222 ===
2025-04-03 07:25:39,458 - api.couriers.routes - INFO - Chat ID из запроса: -1004755640016
2025-04-03 07:25:39,461 - api.couriers.access.routes - INFO - ✅ Настройки загружены: 17 полей
2025-04-03 07:25:39,462 - werkzeug - INFO - 172.19.0.8 - - [03/Apr/2025 07:25:39] "GET /api/couriers/access/settings?chat_id=-1004755640016 HTTP/1.1" 200 -
2025-04-03 07:25:39,467 - __main__ - INFO - Получен запрос: GET /api/couriers/access/settings
2025-04-03 07:25:39,468 - __main__ - INFO - Заголовки: {'Host': 'localhost', 'X-Real-Ip': '172.19.0.1', 'X-Forwarded-For': '172.19.0.1', 'X-Forwarded-Proto': 'http', 'X-Forwarded-Host': 'localhost', 'X-Original-Uri': '/api/couriers/access/settings?chat_id=-1004755640016', 'Connection': 'close', 'User-Agent': 'Mozilla/5.0 (iPhone; CPU iPhone OS 16_6 like Mac OS X) AppleWebKit/605.1.15 (KHTML, like Gecko) Version/16.6 Mobile/15E148 Safari/604.1', 'Accept': '*/*', 'Origin': 'http://localhost:3000', 'Sec-Fetch-Site': 'same-site', 'Sec-Fetch-Mode': 'cors', 'Sec-Fetch-Dest': 'empty', 'Referer': 'http://localhost:3000/', 'Accept-Encoding': 'gzip, deflate, br, zstd', 'Accept-Language': 'ru-RU,ru;q=0.9,en-RU;q=0.8,en;q=0.7,en-US;q=0.6'}
2025-04-03 07:25:39,469 - api.couriers.access.routes - INFO - 📝 Запрос настроек доступа: chat_id=-1004755640016
2025-04-03 07:25:39,474 - api.couriers.access.routes - INFO - ✅ Настройки загружены: 17 полей
2025-04-03 07:25:39,475 - werkzeug - INFO - 172.19.0.8 - - [03/Apr/2025 07:25:39] "GET /api/couriers/access/settings?chat_id=-1004755640016 HTTP/1.1" 200 -
2025-04-03 07:25:39,482 - api.couriers.routes - INFO - Возвращаем статус курьера: {'user_id': 1682142222, 'first_name': 'Андрей', 'last_name': 'Николаевич', 'username': 'andrejnikolaevich1999', 'photo_url': 'https://api.telegram.org/file/bot7878489788:AAHupjPYeWpzVwo77F_BCR6fIA1I_P8p_Uc/photos/file_0.jpg', 'chat_id': '-1004755640016', 'is_admin': True, 'is_senior_courier': True, 'active_session': None, 'wallet': {'balance': 0, 'transactions_count': 0}, 'status': 'active'}
2025-04-03 07:25:39,486 - werkzeug - INFO - 172.19.0.8 - - [03/Apr/2025 07:25:39] "GET /api/couriers/1682142222/status?chat_id=-1004755640016 HTTP/1.1" 200 -
2025-04-03 07:25:39,501 - __main__ - INFO - Получен запрос: GET /api/couriers/1682142222/status
2025-04-03 07:25:39,503 - __main__ - INFO - Заголовки: {'Host': 'localhost', 'X-Real-Ip': '172.19.0.1', 'X-Forwarded-For': '172.19.0.1', 'X-Forwarded-Proto': 'http', 'X-Forwarded-Host': 'localhost', 'X-Original-Uri': '/api/couriers/1682142222/status?chat_id=-1004755640016', 'Connection': 'close', 'User-Agent': 'Mozilla/5.0 (iPhone; CPU iPhone OS 16_6 like Mac OS X) AppleWebKit/605.1.15 (KHTML, like Gecko) Version/16.6 Mobile/15E148 Safari/604.1', 'Accept': 'application/json, text/plain, */*', 'Origin': 'http://localhost:3000', 'Sec-Fetch-Site': 'same-site', 'Sec-Fetch-Mode': 'cors', 'Sec-Fetch-Dest': 'empty', 'Referer': 'http://localhost:3000/', 'Accept-Encoding': 'gzip, deflate, br, zstd', 'Accept-Language': 'ru-RU,ru;q=0.9,en-RU;q=0.8,en;q=0.7,en-US;q=0.6'}
2025-04-03 07:25:39,504 - __main__ - INFO - Получен запрос: GET /api/couriers/shifts
2025-04-03 07:25:39,505 - api.couriers.routes - INFO - === Получение статуса курьера 1682142222 ===
2025-04-03 07:25:39,506 - __main__ - INFO - Заголовки: {'Host': 'localhost', 'X-Real-Ip': '172.19.0.1', 'X-Forwarded-For': '172.19.0.1', 'X-Forwarded-Proto': 'http', 'X-Forwarded-Host': 'localhost', 'X-Original-Uri': '/api/couriers/shifts?chat_id=-1004755640016', 'Connection': 'close', 'User-Agent': 'Mozilla/5.0 (iPhone; CPU iPhone OS 16_6 like Mac OS X) AppleWebKit/605.1.15 (KHTML, like Gecko) Version/16.6 Mobile/15E148 Safari/604.1', 'Accept': '*/*', 'Origin': 'http://localhost:3000', 'Sec-Fetch-Site': 'same-site', 'Sec-Fetch-Mode': 'cors', 'Sec-Fetch-Dest': 'empty', 'Referer': 'http://localhost:3000/', 'Accept-Encoding': 'gzip, deflate, br, zstd', 'Accept-Language': 'ru-RU,ru;q=0.9,en-RU;q=0.8,en;q=0.7,en-US;q=0.6'}
2025-04-03 07:25:39,507 - api.couriers.routes - INFO - Chat ID из запроса: -1004755640016
2025-04-03 07:25:39,508 - __main__ - INFO - Обработка запроса на /api/couriers/shifts без CORS декораторов
2025-04-03 07:25:39,517 - data.shifts - INFO - Загрузка смен из файла: /app/data/shifts.json
2025-04-03 07:25:39,519 - werkzeug - INFO - 172.19.0.8 - - [03/Apr/2025 07:25:39] "GET /api/couriers/shifts?chat_id=-1004755640016 HTTP/1.1" 200 -
2025-04-03 07:25:39,522 - api.couriers.routes - INFO - Возвращаем статус курьера: {'user_id': 1682142222, 'first_name': 'Андрей', 'last_name': 'Николаевич', 'username': 'andrejnikolaevich1999', 'photo_url': 'https://api.telegram.org/file/bot7878489788:AAHupjPYeWpzVwo77F_BCR6fIA1I_P8p_Uc/photos/file_0.jpg', 'chat_id': '-1004755640016', 'is_admin': True, 'is_senior_courier': True, 'active_session': None, 'wallet': {'balance': 0, 'transactions_count': 0}, 'status': 'active'}
2025-04-03 07:25:39,523 - werkzeug - INFO - 172.19.0.8 - - [03/Apr/2025 07:25:39] "GET /api/couriers/1682142222/status?chat_id=-1004755640016 HTTP/1.1" 200 -
2025-04-03 07:25:39,528 - __main__ - INFO - Получен запрос: GET /api/couriers/shifts
2025-04-03 07:25:39,529 - __main__ - INFO - Заголовки: {'Host': 'localhost', 'X-Real-Ip': '172.19.0.1', 'X-Forwarded-For': '172.19.0.1', 'X-Forwarded-Proto': 'http', 'X-Forwarded-Host': 'localhost', 'X-Original-Uri': '/api/couriers/shifts?chat_id=-1004755640016', 'Connection': 'close', 'User-Agent': 'Mozilla/5.0 (iPhone; CPU iPhone OS 16_6 like Mac OS X) AppleWebKit/605.1.15 (KHTML, like Gecko) Version/16.6 Mobile/15E148 Safari/604.1', 'Accept': '*/*', 'Origin': 'http://localhost:3000', 'Sec-Fetch-Site': 'same-site', 'Sec-Fetch-Mode': 'cors', 'Sec-Fetch-Dest': 'empty', 'Referer': 'http://localhost:3000/', 'Accept-Encoding': 'gzip, deflate, br, zstd', 'Accept-Language': 'ru-RU,ru;q=0.9,en-RU;q=0.8,en;q=0.7,en-US;q=0.6'}
2025-04-03 07:25:39,529 - __main__ - INFO - Обработка запроса на /api/couriers/shifts без CORS декораторов
2025-04-03 07:25:39,534 - data.shifts - INFO - Загрузка смен из файла: /app/data/shifts.json
2025-04-03 07:25:39,536 - werkzeug - INFO - 172.19.0.8 - - [03/Apr/2025 07:25:39] "GET /api/couriers/shifts?chat_id=-1004755640016 HTTP/1.1" 200 -
2025-04-03 07:25:56,794 - __main__ - INFO - Получен запрос: POST /api/couriers/access/settings
2025-04-03 07:25:56,794 - __main__ - INFO - Заголовки: {'Host': 'localhost', 'X-Real-Ip': '172.19.0.1', 'X-Forwarded-For': '172.19.0.1', 'X-Forwarded-Proto': 'http', 'X-Forwarded-Host': 'localhost', 'X-Original-Uri': '/api/couriers/access/settings', 'Connection': 'close', 'Content-Length': '388', 'User-Agent': 'Mozilla/5.0 (iPhone; CPU iPhone OS 16_6 like Mac OS X) AppleWebKit/605.1.15 (KHTML, like Gecko) Version/16.6 Mobile/15E148 Safari/604.1', 'Content-Type': 'application/json', 'Accept': '*/*', 'Origin': 'http://localhost:3000', 'Sec-Fetch-Site': 'same-site', 'Sec-Fetch-Mode': 'cors', 'Sec-Fetch-Dest': 'empty', 'Referer': 'http://localhost:3000/', 'Accept-Encoding': 'gzip, deflate, br, zstd', 'Accept-Language': 'ru-RU,ru;q=0.9,en-RU;q=0.8,en;q=0.7,en-US;q=0.6'}
2025-04-03 07:25:56,795 - api.couriers.access.routes - INFO - 📝 Получены данные для обновления настроек доступа:
2025-04-03 07:25:56,796 - api.couriers.access.routes - INFO - 🔑 Ключи в запросе: ['chat_id', 'allowMultipleShifts', 'autoApprove', 'allowSameDay', 'registrationStartDay', 'registrationStartHour', 'registrationStartMinute', 'offsetType', 'offsetAmount', 'periodLength', 'isAlwaysActive', 'activeStartDate', 'activeEndDate', 'daysAhead', 'enabledDates', 'restrictedUsers', 'lastUpdated']
2025-04-03 07:25:56,818 - api.couriers.access.routes - INFO - ✅ Настройки успешно обновлены
2025-04-03 07:25:56,818 - api.couriers.access.routes - INFO - 🔑 Ключи в обновленных настройках: ['chat_id', 'allowMultipleShifts', 'autoApprove', 'allowSameDay', 'registrationStartDay', 'registrationStartHour', 'registrationStartMinute', 'offsetType', 'offsetAmount', 'periodLength', 'isAlwaysActive', 'activeStartDate', 'activeEndDate', 'daysAhead', 'enabledDates', 'restrictedUsers', 'lastUpdated']
2025-04-03 07:25:56,819 - api.couriers.access.routes - INFO - 📤 Отправка запроса на применение настроек с chat_id=-1004755640016
2025-04-03 07:25:56,822 - urllib3.connectionpool - DEBUG - Starting new HTTP connection (1): scheduler:8002
2025-04-03 07:25:56,824 - api.couriers.access.routes - WARNING - ⚠️ Не удалось отправить запрос к шедулеру: HTTPConnectionPool(host='scheduler', port=8002): Max retries exceeded with url: /apply-access-settings (Caused by NewConnectionError('<urllib3.connection.HTTPConnection object at 0x7f0821d0db10>: Failed to establish a new connection: [Errno 111] Connection refused'))
2025-04-03 07:25:56,824 - werkzeug - INFO - 172.19.0.8 - - [03/Apr/2025 07:25:56] "POST /api/couriers/access/settings HTTP/1.1" 200 -
2025-04-03 07:31:59,628 - __main__ - INFO - Получен запрос: POST /api/couriers/access/settings
2025-04-03 07:31:59,628 - __main__ - INFO - Заголовки: {'Host': 'localhost', 'X-Real-Ip': '172.19.0.1', 'X-Forwarded-For': '172.19.0.1', 'X-Forwarded-Proto': 'http', 'X-Forwarded-Host': 'localhost', 'X-Original-Uri': '/api/couriers/access/settings', 'Connection': 'close', 'Content-Length': '388', 'User-Agent': 'Mozilla/5.0 (iPhone; CPU iPhone OS 16_6 like Mac OS X) AppleWebKit/605.1.15 (KHTML, like Gecko) Version/16.6 Mobile/15E148 Safari/604.1', 'Content-Type': 'application/json', 'Accept': '*/*', 'Origin': 'http://localhost:3000', 'Sec-Fetch-Site': 'same-site', 'Sec-Fetch-Mode': 'cors', 'Sec-Fetch-Dest': 'empty', 'Referer': 'http://localhost:3000/', 'Accept-Encoding': 'gzip, deflate, br, zstd', 'Accept-Language': 'ru-RU,ru;q=0.9,en-RU;q=0.8,en;q=0.7,en-US;q=0.6'}
2025-04-03 07:31:59,629 - api.couriers.access.routes - INFO - 📝 Получены данные для обновления настроек доступа:
2025-04-03 07:31:59,630 - api.couriers.access.routes - INFO - 🔑 Ключи в запросе: ['chat_id', 'allowMultipleShifts', 'autoApprove', 'allowSameDay', 'registrationStartDay', 'registrationStartHour', 'registrationStartMinute', 'offsetType', 'offsetAmount', 'periodLength', 'isAlwaysActive', 'activeStartDate', 'activeEndDate', 'daysAhead', 'enabledDates', 'restrictedUsers', 'lastUpdated']
2025-04-03 07:31:59,641 - api.couriers.access.routes - INFO - ✅ Настройки успешно обновлены
2025-04-03 07:31:59,645 - api.couriers.access.routes - INFO - 🔑 Ключи в обновленных настройках: ['chat_id', 'allowMultipleShifts', 'autoApprove', 'allowSameDay', 'registrationStartDay', 'registrationStartHour', 'registrationStartMinute', 'offsetType', 'offsetAmount', 'periodLength', 'isAlwaysActive', 'activeStartDate', 'activeEndDate', 'daysAhead', 'enabledDates', 'restrictedUsers', 'lastUpdated']
2025-04-03 07:31:59,647 - api.couriers.access.routes - INFO - 📤 Отправка запроса на применение настроек с chat_id=-1004755640016
2025-04-03 07:31:59,652 - urllib3.connectionpool - DEBUG - Starting new HTTP connection (1): scheduler:8002
2025-04-03 07:31:59,658 - urllib3.connectionpool - DEBUG - http://scheduler:8002 "POST /apply-access-settings HTTP/1.1" 404 207
2025-04-03 07:31:59,663 - api.couriers.access.routes - WARNING - ⚠️ Ошибка при отправке запроса на применение настроек: 404
2025-04-03 07:31:59,663 - api.couriers.access.routes - INFO - 📤 Отправка запроса на перезагрузку задач
2025-04-03 07:31:59,666 - urllib3.connectionpool - DEBUG - Starting new HTTP connection (1): scheduler:8002
2025-04-03 07:31:59,671 - urllib3.connectionpool - DEBUG - http://scheduler:8002 "POST /scheduler/reload-tasks HTTP/1.1" 404 207
2025-04-03 07:31:59,671 - api.couriers.access.routes - WARNING - ⚠️ Ошибка при отправке запроса на перезагрузку задач: 404
2025-04-03 07:31:59,672 - werkzeug - INFO - 172.19.0.8 - - [03/Apr/2025 07:31:59] "POST /api/couriers/access/settings HTTP/1.1" 200 -
2025-04-03 07:42:04,179 - __main__ - INFO - Получен запрос: GET /api/reserves
2025-04-03 07:42:04,179 - __main__ - INFO - Заголовки: {'Host': 'localhost', 'X-Real-Ip': '172.19.0.1', 'X-Forwarded-For': '172.19.0.1', 'X-Forwarded-Proto': 'http', 'X-Forwarded-Host': 'localhost', 'X-Original-Uri': '/api/reserves', 'Connection': 'close', 'User-Agent': 'Mozilla/5.0 (iPhone; CPU iPhone OS 16_6 like Mac OS X) AppleWebKit/605.1.15 (KHTML, like Gecko) Version/16.6 Mobile/15E148 Safari/604.1', 'Accept': '*/*', 'Origin': 'http://localhost:3000', 'Sec-Fetch-Site': 'same-site', 'Sec-Fetch-Mode': 'cors', 'Sec-Fetch-Dest': 'empty', 'Referer': 'http://localhost:3000/', 'Accept-Encoding': 'gzip, deflate, br, zstd', 'Accept-Language': 'ru-RU,ru;q=0.9,en-RU;q=0.8,en;q=0.7,en-US;q=0.6'}
2025-04-03 07:42:04,180 - __main__ - INFO - Обработка запроса на /api/reserves без CORS декораторов
2025-04-03 07:42:04,186 - werkzeug - INFO - 172.19.0.8 - - [03/Apr/2025 07:42:04] "GET /api/reserves HTTP/1.1" 200 -
2025-04-03 07:42:04,298 - __main__ - INFO - Получен запрос: GET /api/reserves
2025-04-03 07:42:04,298 - __main__ - INFO - Заголовки: {'Host': 'localhost', 'X-Real-Ip': '172.19.0.1', 'X-Forwarded-For': '172.19.0.1', 'X-Forwarded-Proto': 'http', 'X-Forwarded-Host': 'localhost', 'X-Original-Uri': '/api/reserves', 'Connection': 'close', 'User-Agent': 'Mozilla/5.0 (iPhone; CPU iPhone OS 16_6 like Mac OS X) AppleWebKit/605.1.15 (KHTML, like Gecko) Version/16.6 Mobile/15E148 Safari/604.1', 'Accept': '*/*', 'Origin': 'http://localhost:3000', 'Sec-Fetch-Site': 'same-site', 'Sec-Fetch-Mode': 'cors', 'Sec-Fetch-Dest': 'empty', 'Referer': 'http://localhost:3000/', 'Accept-Encoding': 'gzip, deflate, br, zstd', 'Accept-Language': 'ru-RU,ru;q=0.9,en-RU;q=0.8,en;q=0.7,en-US;q=0.6'}
2025-04-03 07:42:04,299 - __main__ - INFO - Обработка запроса на /api/reserves без CORS декораторов
2025-04-03 07:42:04,307 - werkzeug - INFO - 172.19.0.8 - - [03/Apr/2025 07:42:04] "GET /api/reserves HTTP/1.1" 200 -
2025-04-03 07:42:04,416 - __main__ - INFO - Получен запрос: GET /api/couriers/access/settings
2025-04-03 07:42:04,417 - __main__ - INFO - Заголовки: {'Host': 'localhost', 'X-Real-Ip': '172.19.0.1', 'X-Forwarded-For': '172.19.0.1', 'X-Forwarded-Proto': 'http', 'X-Forwarded-Host': 'localhost', 'X-Original-Uri': '/api/couriers/access/settings?chat_id=-1004755640016', 'Connection': 'close', 'User-Agent': 'Mozilla/5.0 (iPhone; CPU iPhone OS 16_6 like Mac OS X) AppleWebKit/605.1.15 (KHTML, like Gecko) Version/16.6 Mobile/15E148 Safari/604.1', 'Accept': '*/*', 'Origin': 'http://localhost:3000', 'Sec-Fetch-Site': 'same-site', 'Sec-Fetch-Mode': 'cors', 'Sec-Fetch-Dest': 'empty', 'Referer': 'http://localhost:3000/', 'Accept-Encoding': 'gzip, deflate, br, zstd', 'Accept-Language': 'ru-RU,ru;q=0.9,en-RU;q=0.8,en;q=0.7,en-US;q=0.6'}
2025-04-03 07:42:04,417 - api.couriers.access.routes - INFO - 📝 Запрос настроек доступа: chat_id=-1004755640016
2025-04-03 07:42:04,423 - __main__ - INFO - Получен запрос: GET /api/couriers/1682142222/status
2025-04-03 07:42:04,423 - __main__ - INFO - Заголовки: {'Host': 'localhost', 'X-Real-Ip': '172.19.0.1', 'X-Forwarded-For': '172.19.0.1', 'X-Forwarded-Proto': 'http', 'X-Forwarded-Host': 'localhost', 'X-Original-Uri': '/api/couriers/1682142222/status?chat_id=-1004755640016', 'Connection': 'close', 'User-Agent': 'Mozilla/5.0 (iPhone; CPU iPhone OS 16_6 like Mac OS X) AppleWebKit/605.1.15 (KHTML, like Gecko) Version/16.6 Mobile/15E148 Safari/604.1', 'Accept': 'application/json, text/plain, */*', 'Origin': 'http://localhost:3000', 'Sec-Fetch-Site': 'same-site', 'Sec-Fetch-Mode': 'cors', 'Sec-Fetch-Dest': 'empty', 'Referer': 'http://localhost:3000/', 'Accept-Encoding': 'gzip, deflate, br, zstd', 'Accept-Language': 'ru-RU,ru;q=0.9,en-RU;q=0.8,en;q=0.7,en-US;q=0.6'}
2025-04-03 07:42:04,424 - api.couriers.routes - INFO - === Получение статуса курьера 1682142222 ===
2025-04-03 07:42:04,425 - api.couriers.routes - INFO - Chat ID из запроса: -1004755640016
2025-04-03 07:42:04,425 - api.couriers.access.routes - INFO - ✅ Настройки загружены: 17 полей
2025-04-03 07:42:04,427 - werkzeug - INFO - 172.19.0.8 - - [03/Apr/2025 07:42:04] "GET /api/couriers/access/settings?chat_id=-1004755640016 HTTP/1.1" 200 -
2025-04-03 07:42:04,432 - __main__ - INFO - Получен запрос: GET /api/couriers/access/settings
2025-04-03 07:42:04,432 - __main__ - INFO - Заголовки: {'Host': 'localhost', 'X-Real-Ip': '172.19.0.1', 'X-Forwarded-For': '172.19.0.1', 'X-Forwarded-Proto': 'http', 'X-Forwarded-Host': 'localhost', 'X-Original-Uri': '/api/couriers/access/settings?chat_id=-1004755640016', 'Connection': 'close', 'User-Agent': 'Mozilla/5.0 (iPhone; CPU iPhone OS 16_6 like Mac OS X) AppleWebKit/605.1.15 (KHTML, like Gecko) Version/16.6 Mobile/15E148 Safari/604.1', 'Accept': '*/*', 'Origin': 'http://localhost:3000', 'Sec-Fetch-Site': 'same-site', 'Sec-Fetch-Mode': 'cors', 'Sec-Fetch-Dest': 'empty', 'Referer': 'http://localhost:3000/', 'Accept-Encoding': 'gzip, deflate, br, zstd', 'Accept-Language': 'ru-RU,ru;q=0.9,en-RU;q=0.8,en;q=0.7,en-US;q=0.6'}
2025-04-03 07:42:04,433 - api.couriers.access.routes - INFO - 📝 Запрос настроек доступа: chat_id=-1004755640016
2025-04-03 07:42:04,437 - api.couriers.access.routes - INFO - ✅ Настройки загружены: 17 полей
2025-04-03 07:42:04,441 - werkzeug - INFO - 172.19.0.8 - - [03/Apr/2025 07:42:04] "GET /api/couriers/access/settings?chat_id=-1004755640016 HTTP/1.1" 200 -
2025-04-03 07:42:04,448 - api.couriers.routes - INFO - Возвращаем статус курьера: {'user_id': 1682142222, 'first_name': 'Андрей', 'last_name': 'Николаевич', 'username': 'andrejnikolaevich1999', 'photo_url': 'https://api.telegram.org/file/bot7878489788:AAHupjPYeWpzVwo77F_BCR6fIA1I_P8p_Uc/photos/file_0.jpg', 'chat_id': '-1004755640016', 'is_admin': True, 'is_senior_courier': True, 'active_session': None, 'wallet': {'balance': 0, 'transactions_count': 0}, 'status': 'active'}
2025-04-03 07:42:04,449 - werkzeug - INFO - 172.19.0.8 - - [03/Apr/2025 07:42:04] "GET /api/couriers/1682142222/status?chat_id=-1004755640016 HTTP/1.1" 200 -
2025-04-03 07:42:04,460 - __main__ - INFO - Получен запрос: GET /api/couriers/1682142222/status
2025-04-03 07:42:04,460 - __main__ - INFO - Заголовки: {'Host': 'localhost', 'X-Real-Ip': '172.19.0.1', 'X-Forwarded-For': '172.19.0.1', 'X-Forwarded-Proto': 'http', 'X-Forwarded-Host': 'localhost', 'X-Original-Uri': '/api/couriers/1682142222/status?chat_id=-1004755640016', 'Connection': 'close', 'User-Agent': 'Mozilla/5.0 (iPhone; CPU iPhone OS 16_6 like Mac OS X) AppleWebKit/605.1.15 (KHTML, like Gecko) Version/16.6 Mobile/15E148 Safari/604.1', 'Accept': 'application/json, text/plain, */*', 'Origin': 'http://localhost:3000', 'Sec-Fetch-Site': 'same-site', 'Sec-Fetch-Mode': 'cors', 'Sec-Fetch-Dest': 'empty', 'Referer': 'http://localhost:3000/', 'Accept-Encoding': 'gzip, deflate, br, zstd', 'Accept-Language': 'ru-RU,ru;q=0.9,en-RU;q=0.8,en;q=0.7,en-US;q=0.6'}
2025-04-03 07:42:04,462 - api.couriers.routes - INFO - === Получение статуса курьера 1682142222 ===
2025-04-03 07:42:04,464 - api.couriers.routes - INFO - Chat ID из запроса: -1004755640016
2025-04-03 07:42:04,465 - __main__ - INFO - Получен запрос: GET /api/couriers/shifts
2025-04-03 07:42:04,467 - __main__ - INFO - Заголовки: {'Host': 'localhost', 'X-Real-Ip': '172.19.0.1', 'X-Forwarded-For': '172.19.0.1', 'X-Forwarded-Proto': 'http', 'X-Forwarded-Host': 'localhost', 'X-Original-Uri': '/api/couriers/shifts?chat_id=-1004755640016', 'Connection': 'close', 'User-Agent': 'Mozilla/5.0 (iPhone; CPU iPhone OS 16_6 like Mac OS X) AppleWebKit/605.1.15 (KHTML, like Gecko) Version/16.6 Mobile/15E148 Safari/604.1', 'Accept': '*/*', 'Origin': 'http://localhost:3000', 'Sec-Fetch-Site': 'same-site', 'Sec-Fetch-Mode': 'cors', 'Sec-Fetch-Dest': 'empty', 'Referer': 'http://localhost:3000/', 'Accept-Encoding': 'gzip, deflate, br, zstd', 'Accept-Language': 'ru-RU,ru;q=0.9,en-RU;q=0.8,en;q=0.7,en-US;q=0.6'}
2025-04-03 07:42:04,467 - __main__ - INFO - Обработка запроса на /api/couriers/shifts без CORS декораторов
2025-04-03 07:42:04,474 - data.shifts - INFO - Загрузка смен из файла: /app/data/shifts.json
2025-04-03 07:42:04,477 - werkzeug - INFO - 172.19.0.8 - - [03/Apr/2025 07:42:04] "GET /api/couriers/shifts?chat_id=-1004755640016 HTTP/1.1" 200 -
2025-04-03 07:42:04,481 - api.couriers.routes - INFO - Возвращаем статус курьера: {'user_id': 1682142222, 'first_name': 'Андрей', 'last_name': 'Николаевич', 'username': 'andrejnikolaevich1999', 'photo_url': 'https://api.telegram.org/file/bot7878489788:AAHupjPYeWpzVwo77F_BCR6fIA1I_P8p_Uc/photos/file_0.jpg', 'chat_id': '-1004755640016', 'is_admin': True, 'is_senior_courier': True, 'active_session': None, 'wallet': {'balance': 0, 'transactions_count': 0}, 'status': 'active'}
2025-04-03 07:42:04,482 - werkzeug - INFO - 172.19.0.8 - - [03/Apr/2025 07:42:04] "GET /api/couriers/1682142222/status?chat_id=-1004755640016 HTTP/1.1" 200 -
2025-04-03 07:42:04,491 - __main__ - INFO - Получен запрос: GET /api/couriers/shifts
2025-04-03 07:42:04,491 - __main__ - INFO - Заголовки: {'Host': 'localhost', 'X-Real-Ip': '172.19.0.1', 'X-Forwarded-For': '172.19.0.1', 'X-Forwarded-Proto': 'http', 'X-Forwarded-Host': 'localhost', 'X-Original-Uri': '/api/couriers/shifts?chat_id=-1004755640016', 'Connection': 'close', 'User-Agent': 'Mozilla/5.0 (iPhone; CPU iPhone OS 16_6 like Mac OS X) AppleWebKit/605.1.15 (KHTML, like Gecko) Version/16.6 Mobile/15E148 Safari/604.1', 'Accept': '*/*', 'Origin': 'http://localhost:3000', 'Sec-Fetch-Site': 'same-site', 'Sec-Fetch-Mode': 'cors', 'Sec-Fetch-Dest': 'empty', 'Referer': 'http://localhost:3000/', 'Accept-Encoding': 'gzip, deflate, br, zstd', 'Accept-Language': 'ru-RU,ru;q=0.9,en-RU;q=0.8,en;q=0.7,en-US;q=0.6'}
2025-04-03 07:42:04,492 - __main__ - INFO - Обработка запроса на /api/couriers/shifts без CORS декораторов
2025-04-03 07:42:04,496 - data.shifts - INFO - Загрузка смен из файла: /app/data/shifts.json
2025-04-03 07:42:04,498 - werkzeug - INFO - 172.19.0.8 - - [03/Apr/2025 07:42:04] "GET /api/couriers/shifts?chat_id=-1004755640016 HTTP/1.1" 200 -
2025-04-03 07:42:19,633 - __main__ - INFO - Получен запрос: POST /api/couriers/access/settings
2025-04-03 07:42:19,633 - __main__ - INFO - Заголовки: {'Host': 'localhost', 'X-Real-Ip': '172.19.0.1', 'X-Forwarded-For': '172.19.0.1', 'X-Forwarded-Proto': 'http', 'X-Forwarded-Host': 'localhost', 'X-Original-Uri': '/api/couriers/access/settings', 'Connection': 'close', 'Content-Length': '388', 'User-Agent': 'Mozilla/5.0 (iPhone; CPU iPhone OS 16_6 like Mac OS X) AppleWebKit/605.1.15 (KHTML, like Gecko) Version/16.6 Mobile/15E148 Safari/604.1', 'Content-Type': 'application/json', 'Accept': '*/*', 'Origin': 'http://localhost:3000', 'Sec-Fetch-Site': 'same-site', 'Sec-Fetch-Mode': 'cors', 'Sec-Fetch-Dest': 'empty', 'Referer': 'http://localhost:3000/', 'Accept-Encoding': 'gzip, deflate, br, zstd', 'Accept-Language': 'ru-RU,ru;q=0.9,en-RU;q=0.8,en;q=0.7,en-US;q=0.6'}
2025-04-03 07:42:19,634 - api.couriers.access.routes - INFO - 📝 Получены данные для обновления настроек доступа:
2025-04-03 07:42:19,634 - api.couriers.access.routes - INFO - 🔑 Ключи в запросе: ['chat_id', 'allowMultipleShifts', 'autoApprove', 'allowSameDay', 'registrationStartDay', 'registrationStartHour', 'registrationStartMinute', 'offsetType', 'offsetAmount', 'periodLength', 'isAlwaysActive', 'activeStartDate', 'activeEndDate', 'daysAhead', 'enabledDates', 'restrictedUsers', 'lastUpdated']
2025-04-03 07:42:19,646 - api.couriers.access.routes - INFO - ✅ Настройки успешно обновлены
2025-04-03 07:42:19,646 - api.couriers.access.routes - INFO - 🔑 Ключи в обновленных настройках: ['chat_id', 'allowMultipleShifts', 'autoApprove', 'allowSameDay', 'registrationStartDay', 'registrationStartHour', 'registrationStartMinute', 'offsetType', 'offsetAmount', 'periodLength', 'isAlwaysActive', 'activeStartDate', 'activeEndDate', 'daysAhead', 'enabledDates', 'restrictedUsers', 'lastUpdated']
2025-04-03 07:42:19,647 - api.couriers.access.routes - INFO - 📤 Отправка запроса на применение настроек с chat_id=-1004755640016
2025-04-03 07:42:19,650 - urllib3.connectionpool - DEBUG - Starting new HTTP connection (1): scheduler:8002
2025-04-03 07:42:19,656 - urllib3.connectionpool - DEBUG - http://scheduler:8002 "POST /apply-access-settings HTTP/1.1" 404 207
2025-04-03 07:42:19,657 - api.couriers.access.routes - WARNING - ⚠️ Ошибка при отправке запроса на применение настроек: 404
2025-04-03 07:42:19,658 - api.couriers.access.routes - INFO - 📤 Отправка запроса на перезагрузку задач
2025-04-03 07:42:19,659 - urllib3.connectionpool - DEBUG - Starting new HTTP connection (1): scheduler:8002
2025-04-03 07:42:19,671 - urllib3.connectionpool - DEBUG - http://scheduler:8002 "POST /scheduler/reload-tasks HTTP/1.1" 200 233
2025-04-03 07:42:19,673 - api.couriers.access.routes - INFO - ✅ Запрос на перезагрузку задач успешно отправлен
2025-04-03 07:42:19,674 - werkzeug - INFO - 172.19.0.8 - - [03/Apr/2025 07:42:19] "POST /api/couriers/access/settings HTTP/1.1" 200 -
2025-04-03 07:44:06,197 - __main__ - INFO - Получен запрос: GET /api/reserves
2025-04-03 07:44:06,197 - __main__ - INFO - Заголовки: {'Host': 'localhost', 'X-Real-Ip': '172.19.0.1', 'X-Forwarded-For': '172.19.0.1', 'X-Forwarded-Proto': 'http', 'X-Forwarded-Host': 'localhost', 'X-Original-Uri': '/api/reserves', 'Connection': 'close', 'User-Agent': 'Mozilla/5.0 (iPhone; CPU iPhone OS 16_6 like Mac OS X) AppleWebKit/605.1.15 (KHTML, like Gecko) Version/16.6 Mobile/15E148 Safari/604.1', 'Accept': '*/*', 'Origin': 'http://localhost:3000', 'Sec-Fetch-Site': 'same-site', 'Sec-Fetch-Mode': 'cors', 'Sec-Fetch-Dest': 'empty', 'Referer': 'http://localhost:3000/', 'Accept-Encoding': 'gzip, deflate, br, zstd', 'Accept-Language': 'ru-RU,ru;q=0.9,en-RU;q=0.8,en;q=0.7,en-US;q=0.6'}
2025-04-03 07:44:06,198 - __main__ - INFO - Обработка запроса на /api/reserves без CORS декораторов
2025-04-03 07:44:06,203 - werkzeug - INFO - 172.19.0.8 - - [03/Apr/2025 07:44:06] "GET /api/reserves HTTP/1.1" 200 -
2025-04-03 07:44:06,306 - __main__ - INFO - Получен запрос: GET /api/reserves
2025-04-03 07:44:06,307 - __main__ - INFO - Заголовки: {'Host': 'localhost', 'X-Real-Ip': '172.19.0.1', 'X-Forwarded-For': '172.19.0.1', 'X-Forwarded-Proto': 'http', 'X-Forwarded-Host': 'localhost', 'X-Original-Uri': '/api/reserves', 'Connection': 'close', 'User-Agent': 'Mozilla/5.0 (iPhone; CPU iPhone OS 16_6 like Mac OS X) AppleWebKit/605.1.15 (KHTML, like Gecko) Version/16.6 Mobile/15E148 Safari/604.1', 'Accept': '*/*', 'Origin': 'http://localhost:3000', 'Sec-Fetch-Site': 'same-site', 'Sec-Fetch-Mode': 'cors', 'Sec-Fetch-Dest': 'empty', 'Referer': 'http://localhost:3000/', 'Accept-Encoding': 'gzip, deflate, br, zstd', 'Accept-Language': 'ru-RU,ru;q=0.9,en-RU;q=0.8,en;q=0.7,en-US;q=0.6'}
2025-04-03 07:44:06,307 - __main__ - INFO - Обработка запроса на /api/reserves без CORS декораторов
2025-04-03 07:44:06,312 - werkzeug - INFO - 172.19.0.8 - - [03/Apr/2025 07:44:06] "GET /api/reserves HTTP/1.1" 200 -
2025-04-03 07:44:06,466 - __main__ - INFO - Получен запрос: GET /api/couriers/access/settings
2025-04-03 07:44:06,466 - __main__ - INFO - Заголовки: {'Host': 'localhost', 'X-Real-Ip': '172.19.0.1', 'X-Forwarded-For': '172.19.0.1', 'X-Forwarded-Proto': 'http', 'X-Forwarded-Host': 'localhost', 'X-Original-Uri': '/api/couriers/access/settings?chat_id=-1004755640016', 'Connection': 'close', 'User-Agent': 'Mozilla/5.0 (iPhone; CPU iPhone OS 16_6 like Mac OS X) AppleWebKit/605.1.15 (KHTML, like Gecko) Version/16.6 Mobile/15E148 Safari/604.1', 'Accept': '*/*', 'Origin': 'http://localhost:3000', 'Sec-Fetch-Site': 'same-site', 'Sec-Fetch-Mode': 'cors', 'Sec-Fetch-Dest': 'empty', 'Referer': 'http://localhost:3000/', 'Accept-Encoding': 'gzip, deflate, br, zstd', 'Accept-Language': 'ru-RU,ru;q=0.9,en-RU;q=0.8,en;q=0.7,en-US;q=0.6'}
2025-04-03 07:44:06,468 - api.couriers.access.routes - INFO - 📝 Запрос настроек доступа: chat_id=-1004755640016
2025-04-03 07:44:06,469 - __main__ - INFO - Получен запрос: GET /api/couriers/1682142222/status
2025-04-03 07:44:06,470 - __main__ - INFO - Заголовки: {'Host': 'localhost', 'X-Real-Ip': '172.19.0.1', 'X-Forwarded-For': '172.19.0.1', 'X-Forwarded-Proto': 'http', 'X-Forwarded-Host': 'localhost', 'X-Original-Uri': '/api/couriers/1682142222/status?chat_id=-1004755640016', 'Connection': 'close', 'User-Agent': 'Mozilla/5.0 (iPhone; CPU iPhone OS 16_6 like Mac OS X) AppleWebKit/605.1.15 (KHTML, like Gecko) Version/16.6 Mobile/15E148 Safari/604.1', 'Accept': 'application/json, text/plain, */*', 'Origin': 'http://localhost:3000', 'Sec-Fetch-Site': 'same-site', 'Sec-Fetch-Mode': 'cors', 'Sec-Fetch-Dest': 'empty', 'Referer': 'http://localhost:3000/', 'Accept-Encoding': 'gzip, deflate, br, zstd', 'Accept-Language': 'ru-RU,ru;q=0.9,en-RU;q=0.8,en;q=0.7,en-US;q=0.6'}
2025-04-03 07:44:06,471 - api.couriers.routes - INFO - === Получение статуса курьера 1682142222 ===
2025-04-03 07:44:06,472 - api.couriers.routes - INFO - Chat ID из запроса: -1004755640016
2025-04-03 07:44:06,478 - api.couriers.access.routes - INFO - ✅ Настройки загружены: 17 полей
2025-04-03 07:44:06,479 - werkzeug - INFO - 172.19.0.8 - - [03/Apr/2025 07:44:06] "GET /api/couriers/access/settings?chat_id=-1004755640016 HTTP/1.1" 200 -
2025-04-03 07:44:06,484 - __main__ - INFO - Получен запрос: GET /api/couriers/access/settings
2025-04-03 07:44:06,485 - __main__ - INFO - Заголовки: {'Host': 'localhost', 'X-Real-Ip': '172.19.0.1', 'X-Forwarded-For': '172.19.0.1', 'X-Forwarded-Proto': 'http', 'X-Forwarded-Host': 'localhost', 'X-Original-Uri': '/api/couriers/access/settings?chat_id=-1004755640016', 'Connection': 'close', 'User-Agent': 'Mozilla/5.0 (iPhone; CPU iPhone OS 16_6 like Mac OS X) AppleWebKit/605.1.15 (KHTML, like Gecko) Version/16.6 Mobile/15E148 Safari/604.1', 'Accept': '*/*', 'Origin': 'http://localhost:3000', 'Sec-Fetch-Site': 'same-site', 'Sec-Fetch-Mode': 'cors', 'Sec-Fetch-Dest': 'empty', 'Referer': 'http://localhost:3000/', 'Accept-Encoding': 'gzip, deflate, br, zstd', 'Accept-Language': 'ru-RU,ru;q=0.9,en-RU;q=0.8,en;q=0.7,en-US;q=0.6'}
2025-04-03 07:44:06,486 - api.couriers.access.routes - INFO - 📝 Запрос настроек доступа: chat_id=-1004755640016
2025-04-03 07:44:06,490 - api.couriers.access.routes - INFO - ✅ Настройки загружены: 17 полей
2025-04-03 07:44:06,491 - werkzeug - INFO - 172.19.0.8 - - [03/Apr/2025 07:44:06] "GET /api/couriers/access/settings?chat_id=-1004755640016 HTTP/1.1" 200 -
2025-04-03 07:44:06,493 - api.couriers.routes - INFO - Возвращаем статус курьера: {'user_id': 1682142222, 'first_name': 'Андрей', 'last_name': 'Николаевич', 'username': 'andrejnikolaevich1999', 'photo_url': 'https://api.telegram.org/file/bot7878489788:AAHupjPYeWpzVwo77F_BCR6fIA1I_P8p_Uc/photos/file_0.jpg', 'chat_id': '-1004755640016', 'is_admin': True, 'is_senior_courier': True, 'active_session': None, 'wallet': {'balance': 0, 'transactions_count': 0}, 'status': 'active'}
2025-04-03 07:44:06,500 - werkzeug - INFO - 172.19.0.8 - - [03/Apr/2025 07:44:06] "GET /api/couriers/1682142222/status?chat_id=-1004755640016 HTTP/1.1" 200 -
2025-04-03 07:44:06,505 - __main__ - INFO - Получен запрос: GET /api/couriers/1682142222/status
2025-04-03 07:44:06,505 - __main__ - INFO - Заголовки: {'Host': 'localhost', 'X-Real-Ip': '172.19.0.1', 'X-Forwarded-For': '172.19.0.1', 'X-Forwarded-Proto': 'http', 'X-Forwarded-Host': 'localhost', 'X-Original-Uri': '/api/couriers/1682142222/status?chat_id=-1004755640016', 'Connection': 'close', 'User-Agent': 'Mozilla/5.0 (iPhone; CPU iPhone OS 16_6 like Mac OS X) AppleWebKit/605.1.15 (KHTML, like Gecko) Version/16.6 Mobile/15E148 Safari/604.1', 'Accept': 'application/json, text/plain, */*', 'Origin': 'http://localhost:3000', 'Sec-Fetch-Site': 'same-site', 'Sec-Fetch-Mode': 'cors', 'Sec-Fetch-Dest': 'empty', 'Referer': 'http://localhost:3000/', 'Accept-Encoding': 'gzip, deflate, br, zstd', 'Accept-Language': 'ru-RU,ru;q=0.9,en-RU;q=0.8,en;q=0.7,en-US;q=0.6'}
2025-04-03 07:44:06,506 - api.couriers.routes - INFO - === Получение статуса курьера 1682142222 ===
2025-04-03 07:44:06,506 - api.couriers.routes - INFO - Chat ID из запроса: -1004755640016
2025-04-03 07:44:06,512 - __main__ - INFO - Получен запрос: GET /api/couriers/shifts
2025-04-03 07:44:06,513 - __main__ - INFO - Заголовки: {'Host': 'localhost', 'X-Real-Ip': '172.19.0.1', 'X-Forwarded-For': '172.19.0.1', 'X-Forwarded-Proto': 'http', 'X-Forwarded-Host': 'localhost', 'X-Original-Uri': '/api/couriers/shifts?chat_id=-1004755640016', 'Connection': 'close', 'User-Agent': 'Mozilla/5.0 (iPhone; CPU iPhone OS 16_6 like Mac OS X) AppleWebKit/605.1.15 (KHTML, like Gecko) Version/16.6 Mobile/15E148 Safari/604.1', 'Accept': '*/*', 'Origin': 'http://localhost:3000', 'Sec-Fetch-Site': 'same-site', 'Sec-Fetch-Mode': 'cors', 'Sec-Fetch-Dest': 'empty', 'Referer': 'http://localhost:3000/', 'Accept-Encoding': 'gzip, deflate, br, zstd', 'Accept-Language': 'ru-RU,ru;q=0.9,en-RU;q=0.8,en;q=0.7,en-US;q=0.6'}
2025-04-03 07:44:06,513 - __main__ - INFO - Обработка запроса на /api/couriers/shifts без CORS декораторов
2025-04-03 07:44:06,518 - data.shifts - INFO - Загрузка смен из файла: /app/data/shifts.json
2025-04-03 07:44:06,520 - werkzeug - INFO - 172.19.0.8 - - [03/Apr/2025 07:44:06] "GET /api/couriers/shifts?chat_id=-1004755640016 HTTP/1.1" 200 -
2025-04-03 07:44:06,524 - api.couriers.routes - INFO - Возвращаем статус курьера: {'user_id': 1682142222, 'first_name': 'Андрей', 'last_name': 'Николаевич', 'username': 'andrejnikolaevich1999', 'photo_url': 'https://api.telegram.org/file/bot7878489788:AAHupjPYeWpzVwo77F_BCR6fIA1I_P8p_Uc/photos/file_0.jpg', 'chat_id': '-1004755640016', 'is_admin': True, 'is_senior_courier': True, 'active_session': None, 'wallet': {'balance': 0, 'transactions_count': 0}, 'status': 'active'}
2025-04-03 07:44:06,525 - werkzeug - INFO - 172.19.0.8 - - [03/Apr/2025 07:44:06] "GET /api/couriers/1682142222/status?chat_id=-1004755640016 HTTP/1.1" 200 -
2025-04-03 07:44:06,532 - __main__ - INFO - Получен запрос: GET /api/couriers/shifts
2025-04-03 07:44:06,532 - __main__ - INFO - Заголовки: {'Host': 'localhost', 'X-Real-Ip': '172.19.0.1', 'X-Forwarded-For': '172.19.0.1', 'X-Forwarded-Proto': 'http', 'X-Forwarded-Host': 'localhost', 'X-Original-Uri': '/api/couriers/shifts?chat_id=-1004755640016', 'Connection': 'close', 'User-Agent': 'Mozilla/5.0 (iPhone; CPU iPhone OS 16_6 like Mac OS X) AppleWebKit/605.1.15 (KHTML, like Gecko) Version/16.6 Mobile/15E148 Safari/604.1', 'Accept': '*/*', 'Origin': 'http://localhost:3000', 'Sec-Fetch-Site': 'same-site', 'Sec-Fetch-Mode': 'cors', 'Sec-Fetch-Dest': 'empty', 'Referer': 'http://localhost:3000/', 'Accept-Encoding': 'gzip, deflate, br, zstd', 'Accept-Language': 'ru-RU,ru;q=0.9,en-RU;q=0.8,en;q=0.7,en-US;q=0.6'}
2025-04-03 07:44:06,533 - __main__ - INFO - Обработка запроса на /api/couriers/shifts без CORS декораторов
2025-04-03 07:44:06,537 - data.shifts - INFO - Загрузка смен из файла: /app/data/shifts.json
2025-04-03 07:44:06,539 - werkzeug - INFO - 172.19.0.8 - - [03/Apr/2025 07:44:06] "GET /api/couriers/shifts?chat_id=-1004755640016 HTTP/1.1" 200 -
2025-04-03 07:44:20,033 - __main__ - INFO - Получен запрос: POST /api/couriers/access/settings
2025-04-03 07:44:20,034 - __main__ - INFO - Заголовки: {'Host': 'localhost', 'X-Real-Ip': '172.19.0.1', 'X-Forwarded-For': '172.19.0.1', 'X-Forwarded-Proto': 'http', 'X-Forwarded-Host': 'localhost', 'X-Original-Uri': '/api/couriers/access/settings', 'Connection': 'close', 'Content-Length': '388', 'User-Agent': 'Mozilla/5.0 (iPhone; CPU iPhone OS 16_6 like Mac OS X) AppleWebKit/605.1.15 (KHTML, like Gecko) Version/16.6 Mobile/15E148 Safari/604.1', 'Content-Type': 'application/json', 'Accept': '*/*', 'Origin': 'http://localhost:3000', 'Sec-Fetch-Site': 'same-site', 'Sec-Fetch-Mode': 'cors', 'Sec-Fetch-Dest': 'empty', 'Referer': 'http://localhost:3000/', 'Accept-Encoding': 'gzip, deflate, br, zstd', 'Accept-Language': 'ru-RU,ru;q=0.9,en-RU;q=0.8,en;q=0.7,en-US;q=0.6'}
2025-04-03 07:44:20,034 - api.couriers.access.routes - INFO - 📝 Получены данные для обновления настроек доступа:
2025-04-03 07:44:20,035 - api.couriers.access.routes - INFO - 🔑 Ключи в запросе: ['chat_id', 'allowMultipleShifts', 'autoApprove', 'allowSameDay', 'registrationStartDay', 'registrationStartHour', 'registrationStartMinute', 'offsetType', 'offsetAmount', 'periodLength', 'isAlwaysActive', 'activeStartDate', 'activeEndDate', 'daysAhead', 'enabledDates', 'restrictedUsers', 'lastUpdated']
2025-04-03 07:44:20,045 - api.couriers.access.routes - INFO - ✅ Настройки успешно обновлены
2025-04-03 07:44:20,045 - api.couriers.access.routes - INFO - 🔑 Ключи в обновленных настройках: ['chat_id', 'allowMultipleShifts', 'autoApprove', 'allowSameDay', 'registrationStartDay', 'registrationStartHour', 'registrationStartMinute', 'offsetType', 'offsetAmount', 'periodLength', 'isAlwaysActive', 'activeStartDate', 'activeEndDate', 'daysAhead', 'enabledDates', 'restrictedUsers', 'lastUpdated']
2025-04-03 07:44:20,045 - api.couriers.access.routes - INFO - 📤 Отправка запроса на применение настроек с chat_id=-1004755640016
2025-04-03 07:44:20,047 - urllib3.connectionpool - DEBUG - Starting new HTTP connection (1): scheduler:8002
2025-04-03 07:44:20,072 - urllib3.connectionpool - DEBUG - http://scheduler:8002 "POST /apply-access-settings HTTP/1.1" 200 297
2025-04-03 07:44:20,073 - api.couriers.access.routes - INFO - ✅ Запрос на применение настроек успешно отправлен
2025-04-03 07:44:20,074 - api.couriers.access.routes - INFO - 📤 Отправка запроса на перезагрузку задач
2025-04-03 07:44:20,076 - urllib3.connectionpool - DEBUG - Starting new HTTP connection (1): scheduler:8002
2025-04-03 07:44:20,086 - urllib3.connectionpool - DEBUG - http://scheduler:8002 "POST /scheduler/reload-tasks HTTP/1.1" 200 233
2025-04-03 07:44:20,087 - api.couriers.access.routes - INFO - ✅ Запрос на перезагрузку задач успешно отправлен
2025-04-03 07:44:20,088 - werkzeug - INFO - 172.19.0.8 - - [03/Apr/2025 07:44:20] "POST /api/couriers/access/settings HTTP/1.1" 200 -
2025-04-03 07:50:00,011 - __main__ - INFO - Получен запрос: POST /api/telegram/send_message
2025-04-03 07:50:00,012 - __main__ - INFO - Заголовки: {'Host': 'server:8000', 'User-Agent': 'python-requests/2.31.0', 'Accept-Encoding': 'gzip, deflate', 'Accept': '*/*', 'Connection': 'keep-alive', 'Content-Length': '1197', 'Content-Type': 'application/json'}
2025-04-03 07:50:00,015 - werkzeug - INFO - 172.19.0.7 - - [03/Apr/2025 07:50:00] "[33mPOST /api/telegram/send_message HTTP/1.1[0m" 404 -
2025-04-03 07:54:00,525 - __main__ - INFO - Получен запрос: GET /api/reserves
2025-04-03 07:54:00,525 - __main__ - INFO - Заголовки: {'Host': 'localhost', 'X-Real-Ip': '172.19.0.1', 'X-Forwarded-For': '172.19.0.1', 'X-Forwarded-Proto': 'http', 'X-Forwarded-Host': 'localhost', 'X-Original-Uri': '/api/reserves', 'Connection': 'close', 'User-Agent': 'Mozilla/5.0 (iPhone; CPU iPhone OS 16_6 like Mac OS X) AppleWebKit/605.1.15 (KHTML, like Gecko) Version/16.6 Mobile/15E148 Safari/604.1', 'Accept': '*/*', 'Origin': 'http://localhost:3000', 'Sec-Fetch-Site': 'same-site', 'Sec-Fetch-Mode': 'cors', 'Sec-Fetch-Dest': 'empty', 'Referer': 'http://localhost:3000/', 'Accept-Encoding': 'gzip, deflate, br, zstd', 'Accept-Language': 'ru-RU,ru;q=0.9,en-RU;q=0.8,en;q=0.7,en-US;q=0.6'}
2025-04-03 07:54:00,527 - __main__ - INFO - Обработка запроса на /api/reserves без CORS декораторов
2025-04-03 07:54:00,548 - werkzeug - INFO - 172.19.0.8 - - [03/Apr/2025 07:54:00] "GET /api/reserves HTTP/1.1" 200 -
2025-04-03 07:54:00,672 - __main__ - INFO - Получен запрос: GET /api/reserves
2025-04-03 07:54:00,673 - __main__ - INFO - Заголовки: {'Host': 'localhost', 'X-Real-Ip': '172.19.0.1', 'X-Forwarded-For': '172.19.0.1', 'X-Forwarded-Proto': 'http', 'X-Forwarded-Host': 'localhost', 'X-Original-Uri': '/api/reserves', 'Connection': 'close', 'User-Agent': 'Mozilla/5.0 (iPhone; CPU iPhone OS 16_6 like Mac OS X) AppleWebKit/605.1.15 (KHTML, like Gecko) Version/16.6 Mobile/15E148 Safari/604.1', 'Accept': '*/*', 'Origin': 'http://localhost:3000', 'Sec-Fetch-Site': 'same-site', 'Sec-Fetch-Mode': 'cors', 'Sec-Fetch-Dest': 'empty', 'Referer': 'http://localhost:3000/', 'Accept-Encoding': 'gzip, deflate, br, zstd', 'Accept-Language': 'ru-RU,ru;q=0.9,en-RU;q=0.8,en;q=0.7,en-US;q=0.6'}
2025-04-03 07:54:00,673 - __main__ - INFO - Обработка запроса на /api/reserves без CORS декораторов
2025-04-03 07:54:00,680 - werkzeug - INFO - 172.19.0.8 - - [03/Apr/2025 07:54:00] "GET /api/reserves HTTP/1.1" 200 -
2025-04-03 07:54:00,830 - __main__ - INFO - Получен запрос: GET /api/couriers/access/settings
2025-04-03 07:54:00,835 - __main__ - INFO - Заголовки: {'Host': 'localhost', 'X-Real-Ip': '172.19.0.1', 'X-Forwarded-For': '172.19.0.1', 'X-Forwarded-Proto': 'http', 'X-Forwarded-Host': 'localhost', 'X-Original-Uri': '/api/couriers/access/settings?chat_id=-1004755640016', 'Connection': 'close', 'User-Agent': 'Mozilla/5.0 (iPhone; CPU iPhone OS 16_6 like Mac OS X) AppleWebKit/605.1.15 (KHTML, like Gecko) Version/16.6 Mobile/15E148 Safari/604.1', 'Accept': '*/*', 'Origin': 'http://localhost:3000', 'Sec-Fetch-Site': 'same-site', 'Sec-Fetch-Mode': 'cors', 'Sec-Fetch-Dest': 'empty', 'Referer': 'http://localhost:3000/', 'Accept-Encoding': 'gzip, deflate, br, zstd', 'Accept-Language': 'ru-RU,ru;q=0.9,en-RU;q=0.8,en;q=0.7,en-US;q=0.6'}
2025-04-03 07:54:00,837 - __main__ - INFO - Получен запрос: GET /api/couriers/1682142222/status
2025-04-03 07:54:00,838 - api.couriers.access.routes - INFO - 📝 Запрос настроек доступа: chat_id=-1004755640016
2025-04-03 07:54:00,839 - __main__ - INFO - Заголовки: {'Host': 'localhost', 'X-Real-Ip': '172.19.0.1', 'X-Forwarded-For': '172.19.0.1', 'X-Forwarded-Proto': 'http', 'X-Forwarded-Host': 'localhost', 'X-Original-Uri': '/api/couriers/1682142222/status?chat_id=-1004755640016', 'Connection': 'close', 'User-Agent': 'Mozilla/5.0 (iPhone; CPU iPhone OS 16_6 like Mac OS X) AppleWebKit/605.1.15 (KHTML, like Gecko) Version/16.6 Mobile/15E148 Safari/604.1', 'Accept': 'application/json, text/plain, */*', 'Origin': 'http://localhost:3000', 'Sec-Fetch-Site': 'same-site', 'Sec-Fetch-Mode': 'cors', 'Sec-Fetch-Dest': 'empty', 'Referer': 'http://localhost:3000/', 'Accept-Encoding': 'gzip, deflate, br, zstd', 'Accept-Language': 'ru-RU,ru;q=0.9,en-RU;q=0.8,en;q=0.7,en-US;q=0.6'}
2025-04-03 07:54:00,840 - api.couriers.routes - INFO - === Получение статуса курьера 1682142222 ===
2025-04-03 07:54:00,841 - api.couriers.routes - INFO - Chat ID из запроса: -1004755640016
2025-04-03 07:54:00,855 - api.couriers.access.routes - INFO - ✅ Настройки загружены: 17 полей
2025-04-03 07:54:00,856 - werkzeug - INFO - 172.19.0.8 - - [03/Apr/2025 07:54:00] "GET /api/couriers/access/settings?chat_id=-1004755640016 HTTP/1.1" 200 -
2025-04-03 07:54:00,861 - api.couriers.routes - INFO - Возвращаем статус курьера: {'user_id': 1682142222, 'first_name': 'Андрей', 'last_name': 'Николаевич', 'username': 'andrejnikolaevich1999', 'photo_url': 'https://api.telegram.org/file/bot7878489788:AAHupjPYeWpzVwo77F_BCR6fIA1I_P8p_Uc/photos/file_0.jpg', 'chat_id': '-1004755640016', 'is_admin': True, 'is_senior_courier': True, 'active_session': None, 'wallet': {'balance': 0, 'transactions_count': 0}, 'status': 'active'}
2025-04-03 07:54:00,863 - __main__ - INFO - Получен запрос: GET /api/couriers/access/settings
2025-04-03 07:54:00,865 - __main__ - INFO - Заголовки: {'Host': 'localhost', 'X-Real-Ip': '172.19.0.1', 'X-Forwarded-For': '172.19.0.1', 'X-Forwarded-Proto': 'http', 'X-Forwarded-Host': 'localhost', 'X-Original-Uri': '/api/couriers/access/settings?chat_id=-1004755640016', 'Connection': 'close', 'User-Agent': 'Mozilla/5.0 (iPhone; CPU iPhone OS 16_6 like Mac OS X) AppleWebKit/605.1.15 (KHTML, like Gecko) Version/16.6 Mobile/15E148 Safari/604.1', 'Accept': '*/*', 'Origin': 'http://localhost:3000', 'Sec-Fetch-Site': 'same-site', 'Sec-Fetch-Mode': 'cors', 'Sec-Fetch-Dest': 'empty', 'Referer': 'http://localhost:3000/', 'Accept-Encoding': 'gzip, deflate, br, zstd', 'Accept-Language': 'ru-RU,ru;q=0.9,en-RU;q=0.8,en;q=0.7,en-US;q=0.6'}
2025-04-03 07:54:00,866 - werkzeug - INFO - 172.19.0.8 - - [03/Apr/2025 07:54:00] "GET /api/couriers/1682142222/status?chat_id=-1004755640016 HTTP/1.1" 200 -
2025-04-03 07:54:00,866 - api.couriers.access.routes - INFO - 📝 Запрос настроек доступа: chat_id=-1004755640016
2025-04-03 07:54:00,871 - __main__ - INFO - Получен запрос: GET /api/couriers/1682142222/status
2025-04-03 07:54:00,872 - __main__ - INFO - Заголовки: {'Host': 'localhost', 'X-Real-Ip': '172.19.0.1', 'X-Forwarded-For': '172.19.0.1', 'X-Forwarded-Proto': 'http', 'X-Forwarded-Host': 'localhost', 'X-Original-Uri': '/api/couriers/1682142222/status?chat_id=-1004755640016', 'Connection': 'close', 'User-Agent': 'Mozilla/5.0 (iPhone; CPU iPhone OS 16_6 like Mac OS X) AppleWebKit/605.1.15 (KHTML, like Gecko) Version/16.6 Mobile/15E148 Safari/604.1', 'Accept': 'application/json, text/plain, */*', 'Origin': 'http://localhost:3000', 'Sec-Fetch-Site': 'same-site', 'Sec-Fetch-Mode': 'cors', 'Sec-Fetch-Dest': 'empty', 'Referer': 'http://localhost:3000/', 'Accept-Encoding': 'gzip, deflate, br, zstd', 'Accept-Language': 'ru-RU,ru;q=0.9,en-RU;q=0.8,en;q=0.7,en-US;q=0.6'}
2025-04-03 07:54:00,872 - api.couriers.access.routes - INFO - ✅ Настройки загружены: 17 полей
2025-04-03 07:54:00,873 - api.couriers.routes - INFO - === Получение статуса курьера 1682142222 ===
2025-04-03 07:54:00,875 - werkzeug - INFO - 172.19.0.8 - - [03/Apr/2025 07:54:00] "GET /api/couriers/access/settings?chat_id=-1004755640016 HTTP/1.1" 200 -
2025-04-03 07:54:00,876 - api.couriers.routes - INFO - Chat ID из запроса: -1004755640016
2025-04-03 07:54:00,883 - __main__ - INFO - Получен запрос: GET /api/couriers/shifts
2025-04-03 07:54:00,884 - __main__ - INFO - Заголовки: {'Host': 'localhost', 'X-Real-Ip': '172.19.0.1', 'X-Forwarded-For': '172.19.0.1', 'X-Forwarded-Proto': 'http', 'X-Forwarded-Host': 'localhost', 'X-Original-Uri': '/api/couriers/shifts?chat_id=-1004755640016', 'Connection': 'close', 'User-Agent': 'Mozilla/5.0 (iPhone; CPU iPhone OS 16_6 like Mac OS X) AppleWebKit/605.1.15 (KHTML, like Gecko) Version/16.6 Mobile/15E148 Safari/604.1', 'Accept': '*/*', 'Origin': 'http://localhost:3000', 'Sec-Fetch-Site': 'same-site', 'Sec-Fetch-Mode': 'cors', 'Sec-Fetch-Dest': 'empty', 'Referer': 'http://localhost:3000/', 'Accept-Encoding': 'gzip, deflate, br, zstd', 'Accept-Language': 'ru-RU,ru;q=0.9,en-RU;q=0.8,en;q=0.7,en-US;q=0.6'}
2025-04-03 07:54:00,885 - __main__ - INFO - Обработка запроса на /api/couriers/shifts без CORS декораторов
2025-04-03 07:54:00,888 - data.shifts - INFO - Загрузка смен из файла: /app/data/shifts.json
2025-04-03 07:54:00,890 - werkzeug - INFO - 172.19.0.8 - - [03/Apr/2025 07:54:00] "GET /api/couriers/shifts?chat_id=-1004755640016 HTTP/1.1" 200 -
2025-04-03 07:54:00,894 - api.couriers.routes - INFO - Возвращаем статус курьера: {'user_id': 1682142222, 'first_name': 'Андрей', 'last_name': 'Николаевич', 'username': 'andrejnikolaevich1999', 'photo_url': 'https://api.telegram.org/file/bot7878489788:AAHupjPYeWpzVwo77F_BCR6fIA1I_P8p_Uc/photos/file_0.jpg', 'chat_id': '-1004755640016', 'is_admin': True, 'is_senior_courier': True, 'active_session': None, 'wallet': {'balance': 0, 'transactions_count': 0}, 'status': 'active'}
2025-04-03 07:54:00,895 - werkzeug - INFO - 172.19.0.8 - - [03/Apr/2025 07:54:00] "GET /api/couriers/1682142222/status?chat_id=-1004755640016 HTTP/1.1" 200 -
2025-04-03 07:54:00,901 - __main__ - INFO - Получен запрос: GET /api/couriers/shifts
2025-04-03 07:54:00,901 - __main__ - INFO - Заголовки: {'Host': 'localhost', 'X-Real-Ip': '172.19.0.1', 'X-Forwarded-For': '172.19.0.1', 'X-Forwarded-Proto': 'http', 'X-Forwarded-Host': 'localhost', 'X-Original-Uri': '/api/couriers/shifts?chat_id=-1004755640016', 'Connection': 'close', 'User-Agent': 'Mozilla/5.0 (iPhone; CPU iPhone OS 16_6 like Mac OS X) AppleWebKit/605.1.15 (KHTML, like Gecko) Version/16.6 Mobile/15E148 Safari/604.1', 'Accept': '*/*', 'Origin': 'http://localhost:3000', 'Sec-Fetch-Site': 'same-site', 'Sec-Fetch-Mode': 'cors', 'Sec-Fetch-Dest': 'empty', 'Referer': 'http://localhost:3000/', 'Accept-Encoding': 'gzip, deflate, br, zstd', 'Accept-Language': 'ru-RU,ru;q=0.9,en-RU;q=0.8,en;q=0.7,en-US;q=0.6'}
2025-04-03 07:54:00,902 - __main__ - INFO - Обработка запроса на /api/couriers/shifts без CORS декораторов
2025-04-03 07:54:00,906 - data.shifts - INFO - Загрузка смен из файла: /app/data/shifts.json
2025-04-03 07:54:00,908 - werkzeug - INFO - 172.19.0.8 - - [03/Apr/2025 07:54:00] "GET /api/couriers/shifts?chat_id=-1004755640016 HTTP/1.1" 200 -
2025-04-03 07:54:14,289 - __main__ - INFO - Получен запрос: POST /api/couriers/access/settings
2025-04-03 07:54:14,290 - __main__ - INFO - Заголовки: {'Host': 'localhost', 'X-Real-Ip': '172.19.0.1', 'X-Forwarded-For': '172.19.0.1', 'X-Forwarded-Proto': 'http', 'X-Forwarded-Host': 'localhost', 'X-Original-Uri': '/api/couriers/access/settings', 'Connection': 'close', 'Content-Length': '388', 'User-Agent': 'Mozilla/5.0 (iPhone; CPU iPhone OS 16_6 like Mac OS X) AppleWebKit/605.1.15 (KHTML, like Gecko) Version/16.6 Mobile/15E148 Safari/604.1', 'Content-Type': 'application/json', 'Accept': '*/*', 'Origin': 'http://localhost:3000', 'Sec-Fetch-Site': 'same-site', 'Sec-Fetch-Mode': 'cors', 'Sec-Fetch-Dest': 'empty', 'Referer': 'http://localhost:3000/', 'Accept-Encoding': 'gzip, deflate, br, zstd', 'Accept-Language': 'ru-RU,ru;q=0.9,en-RU;q=0.8,en;q=0.7,en-US;q=0.6'}
2025-04-03 07:54:14,290 - api.couriers.access.routes - INFO - 📝 Получены данные для обновления настроек доступа:
2025-04-03 07:54:14,291 - api.couriers.access.routes - INFO - 🔑 Ключи в запросе: ['chat_id', 'allowMultipleShifts', 'autoApprove', 'allowSameDay', 'registrationStartDay', 'registrationStartHour', 'registrationStartMinute', 'offsetType', 'offsetAmount', 'periodLength', 'isAlwaysActive', 'activeStartDate', 'activeEndDate', 'daysAhead', 'enabledDates', 'restrictedUsers', 'lastUpdated']
2025-04-03 07:54:14,301 - api.couriers.access.routes - INFO - ✅ Настройки успешно обновлены
2025-04-03 07:54:14,302 - api.couriers.access.routes - INFO - 🔑 Ключи в обновленных настройках: ['chat_id', 'allowMultipleShifts', 'autoApprove', 'allowSameDay', 'registrationStartDay', 'registrationStartHour', 'registrationStartMinute', 'offsetType', 'offsetAmount', 'periodLength', 'isAlwaysActive', 'activeStartDate', 'activeEndDate', 'daysAhead', 'enabledDates', 'restrictedUsers', 'lastUpdated']
2025-04-03 07:54:14,302 - api.couriers.access.routes - INFO - 📤 Отправка запроса на применение настроек с chat_id=-1004755640016
2025-04-03 07:54:14,305 - urllib3.connectionpool - DEBUG - Starting new HTTP connection (1): scheduler:8002
2025-04-03 07:54:14,334 - urllib3.connectionpool - DEBUG - http://scheduler:8002 "POST /apply-access-settings HTTP/1.1" 200 297
2025-04-03 07:54:14,335 - api.couriers.access.routes - INFO - ✅ Запрос на применение настроек успешно отправлен
2025-04-03 07:54:14,336 - api.couriers.access.routes - INFO - 📤 Отправка запроса на перезагрузку задач
2025-04-03 07:54:14,337 - urllib3.connectionpool - DEBUG - Starting new HTTP connection (1): scheduler:8002
2025-04-03 07:54:14,348 - urllib3.connectionpool - DEBUG - http://scheduler:8002 "POST /scheduler/reload-tasks HTTP/1.1" 200 233
2025-04-03 07:54:14,349 - api.couriers.access.routes - INFO - ✅ Запрос на перезагрузку задач успешно отправлен
2025-04-03 07:54:14,350 - werkzeug - INFO - 172.19.0.8 - - [03/Apr/2025 07:54:14] "POST /api/couriers/access/settings HTTP/1.1" 200 -
2025-04-03 07:55:00,008 - __main__ - INFO - Получен запрос: POST /api/api/send_message
2025-04-03 07:55:00,008 - __main__ - INFO - Заголовки: {'Host': 'server:8000', 'User-Agent': 'python-requests/2.31.0', 'Accept-Encoding': 'gzip, deflate', 'Accept': '*/*', 'Connection': 'keep-alive', 'Content-Length': '1197', 'Content-Type': 'application/json'}
2025-04-03 07:55:00,009 - werkzeug - INFO - 172.19.0.7 - - [03/Apr/2025 07:55:00] "[33mPOST /api/api/send_message HTTP/1.1[0m" 404 -
2025-04-03 07:58:25,937 - __main__ - INFO - Получен запрос: GET /api/reserves
2025-04-03 07:58:25,938 - __main__ - INFO - Заголовки: {'Host': 'localhost', 'X-Real-Ip': '172.19.0.1', 'X-Forwarded-For': '172.19.0.1', 'X-Forwarded-Proto': 'http', 'X-Forwarded-Host': 'localhost', 'X-Original-Uri': '/api/reserves', 'Connection': 'close', 'User-Agent': 'Mozilla/5.0 (iPhone; CPU iPhone OS 16_6 like Mac OS X) AppleWebKit/605.1.15 (KHTML, like Gecko) Version/16.6 Mobile/15E148 Safari/604.1', 'Accept': '*/*', 'Origin': 'http://localhost:3000', 'Sec-Fetch-Site': 'same-site', 'Sec-Fetch-Mode': 'cors', 'Sec-Fetch-Dest': 'empty', 'Referer': 'http://localhost:3000/', 'Accept-Encoding': 'gzip, deflate, br, zstd', 'Accept-Language': 'ru-RU,ru;q=0.9,en-RU;q=0.8,en;q=0.7,en-US;q=0.6'}
2025-04-03 07:58:25,939 - __main__ - INFO - Обработка запроса на /api/reserves без CORS декораторов
2025-04-03 07:58:25,944 - werkzeug - INFO - 172.19.0.8 - - [03/Apr/2025 07:58:25] "GET /api/reserves HTTP/1.1" 200 -
2025-04-03 07:58:26,025 - __main__ - INFO - Получен запрос: GET /api/reserves
2025-04-03 07:58:26,025 - __main__ - INFO - Заголовки: {'Host': 'localhost', 'X-Real-Ip': '172.19.0.1', 'X-Forwarded-For': '172.19.0.1', 'X-Forwarded-Proto': 'http', 'X-Forwarded-Host': 'localhost', 'X-Original-Uri': '/api/reserves', 'Connection': 'close', 'User-Agent': 'Mozilla/5.0 (iPhone; CPU iPhone OS 16_6 like Mac OS X) AppleWebKit/605.1.15 (KHTML, like Gecko) Version/16.6 Mobile/15E148 Safari/604.1', 'Accept': '*/*', 'Origin': 'http://localhost:3000', 'Sec-Fetch-Site': 'same-site', 'Sec-Fetch-Mode': 'cors', 'Sec-Fetch-Dest': 'empty', 'Referer': 'http://localhost:3000/', 'Accept-Encoding': 'gzip, deflate, br, zstd', 'Accept-Language': 'ru-RU,ru;q=0.9,en-RU;q=0.8,en;q=0.7,en-US;q=0.6'}
2025-04-03 07:58:26,026 - __main__ - INFO - Обработка запроса на /api/reserves без CORS декораторов
2025-04-03 07:58:26,030 - werkzeug - INFO - 172.19.0.8 - - [03/Apr/2025 07:58:26] "GET /api/reserves HTTP/1.1" 200 -
2025-04-03 07:58:26,170 - __main__ - INFO - Получен запрос: GET /api/couriers/access/settings
2025-04-03 07:58:26,172 - __main__ - INFO - Заголовки: {'Host': 'localhost', 'X-Real-Ip': '172.19.0.1', 'X-Forwarded-For': '172.19.0.1', 'X-Forwarded-Proto': 'http', 'X-Forwarded-Host': 'localhost', 'X-Original-Uri': '/api/couriers/access/settings?chat_id=-1004755640016', 'Connection': 'close', 'User-Agent': 'Mozilla/5.0 (iPhone; CPU iPhone OS 16_6 like Mac OS X) AppleWebKit/605.1.15 (KHTML, like Gecko) Version/16.6 Mobile/15E148 Safari/604.1', 'Accept': '*/*', 'Origin': 'http://localhost:3000', 'Sec-Fetch-Site': 'same-site', 'Sec-Fetch-Mode': 'cors', 'Sec-Fetch-Dest': 'empty', 'Referer': 'http://localhost:3000/', 'Accept-Encoding': 'gzip, deflate, br, zstd', 'Accept-Language': 'ru-RU,ru;q=0.9,en-RU;q=0.8,en;q=0.7,en-US;q=0.6'}
2025-04-03 07:58:26,173 - api.couriers.access.routes - INFO - 📝 Запрос настроек доступа: chat_id=-1004755640016
2025-04-03 07:58:26,176 - __main__ - INFO - Получен запрос: GET /api/couriers/1682142222/status
2025-04-03 07:58:26,178 - __main__ - INFO - Заголовки: {'Host': 'localhost', 'X-Real-Ip': '172.19.0.1', 'X-Forwarded-For': '172.19.0.1', 'X-Forwarded-Proto': 'http', 'X-Forwarded-Host': 'localhost', 'X-Original-Uri': '/api/couriers/1682142222/status?chat_id=-1004755640016', 'Connection': 'close', 'User-Agent': 'Mozilla/5.0 (iPhone; CPU iPhone OS 16_6 like Mac OS X) AppleWebKit/605.1.15 (KHTML, like Gecko) Version/16.6 Mobile/15E148 Safari/604.1', 'Accept': 'application/json, text/plain, */*', 'Origin': 'http://localhost:3000', 'Sec-Fetch-Site': 'same-site', 'Sec-Fetch-Mode': 'cors', 'Sec-Fetch-Dest': 'empty', 'Referer': 'http://localhost:3000/', 'Accept-Encoding': 'gzip, deflate, br, zstd', 'Accept-Language': 'ru-RU,ru;q=0.9,en-RU;q=0.8,en;q=0.7,en-US;q=0.6'}
2025-04-03 07:58:26,179 - api.couriers.routes - INFO - === Получение статуса курьера 1682142222 ===
2025-04-03 07:58:26,180 - api.couriers.routes - INFO - Chat ID из запроса: -1004755640016
2025-04-03 07:58:26,182 - api.couriers.access.routes - INFO - ✅ Настройки загружены: 17 полей
2025-04-03 07:58:26,185 - werkzeug - INFO - 172.19.0.8 - - [03/Apr/2025 07:58:26] "GET /api/couriers/access/settings?chat_id=-1004755640016 HTTP/1.1" 200 -
2025-04-03 07:58:26,189 - __main__ - INFO - Получен запрос: GET /api/couriers/access/settings
2025-04-03 07:58:26,190 - __main__ - INFO - Заголовки: {'Host': 'localhost', 'X-Real-Ip': '172.19.0.1', 'X-Forwarded-For': '172.19.0.1', 'X-Forwarded-Proto': 'http', 'X-Forwarded-Host': 'localhost', 'X-Original-Uri': '/api/couriers/access/settings?chat_id=-1004755640016', 'Connection': 'close', 'User-Agent': 'Mozilla/5.0 (iPhone; CPU iPhone OS 16_6 like Mac OS X) AppleWebKit/605.1.15 (KHTML, like Gecko) Version/16.6 Mobile/15E148 Safari/604.1', 'Accept': '*/*', 'Origin': 'http://localhost:3000', 'Sec-Fetch-Site': 'same-site', 'Sec-Fetch-Mode': 'cors', 'Sec-Fetch-Dest': 'empty', 'Referer': 'http://localhost:3000/', 'Accept-Encoding': 'gzip, deflate, br, zstd', 'Accept-Language': 'ru-RU,ru;q=0.9,en-RU;q=0.8,en;q=0.7,en-US;q=0.6'}
2025-04-03 07:58:26,191 - api.couriers.access.routes - INFO - 📝 Запрос настроек доступа: chat_id=-1004755640016
2025-04-03 07:58:26,195 - api.couriers.access.routes - INFO - ✅ Настройки загружены: 17 полей
2025-04-03 07:58:26,198 - api.couriers.routes - INFO - Возвращаем статус курьера: {'user_id': 1682142222, 'first_name': 'Андрей', 'last_name': 'Николаевич', 'username': 'andrejnikolaevich1999', 'photo_url': 'https://api.telegram.org/file/bot7878489788:AAHupjPYeWpzVwo77F_BCR6fIA1I_P8p_Uc/photos/file_0.jpg', 'chat_id': '-1004755640016', 'is_admin': True, 'is_senior_courier': True, 'active_session': None, 'wallet': {'balance': 0, 'transactions_count': 0}, 'status': 'active'}
2025-04-03 07:58:26,200 - werkzeug - INFO - 172.19.0.8 - - [03/Apr/2025 07:58:26] "GET /api/couriers/access/settings?chat_id=-1004755640016 HTTP/1.1" 200 -
2025-04-03 07:58:26,201 - werkzeug - INFO - 172.19.0.8 - - [03/Apr/2025 07:58:26] "GET /api/couriers/1682142222/status?chat_id=-1004755640016 HTTP/1.1" 200 -
2025-04-03 07:58:26,210 - __main__ - INFO - Получен запрос: GET /api/couriers/1682142222/status
2025-04-03 07:58:26,211 - __main__ - INFO - Заголовки: {'Host': 'localhost', 'X-Real-Ip': '172.19.0.1', 'X-Forwarded-For': '172.19.0.1', 'X-Forwarded-Proto': 'http', 'X-Forwarded-Host': 'localhost', 'X-Original-Uri': '/api/couriers/1682142222/status?chat_id=-1004755640016', 'Connection': 'close', 'User-Agent': 'Mozilla/5.0 (iPhone; CPU iPhone OS 16_6 like Mac OS X) AppleWebKit/605.1.15 (KHTML, like Gecko) Version/16.6 Mobile/15E148 Safari/604.1', 'Accept': 'application/json, text/plain, */*', 'Origin': 'http://localhost:3000', 'Sec-Fetch-Site': 'same-site', 'Sec-Fetch-Mode': 'cors', 'Sec-Fetch-Dest': 'empty', 'Referer': 'http://localhost:3000/', 'Accept-Encoding': 'gzip, deflate, br, zstd', 'Accept-Language': 'ru-RU,ru;q=0.9,en-RU;q=0.8,en;q=0.7,en-US;q=0.6'}
2025-04-03 07:58:26,211 - api.couriers.routes - INFO - === Получение статуса курьера 1682142222 ===
2025-04-03 07:58:26,212 - api.couriers.routes - INFO - Chat ID из запроса: -1004755640016
2025-04-03 07:58:26,215 - __main__ - INFO - Получен запрос: GET /api/couriers/shifts
2025-04-03 07:58:26,216 - __main__ - INFO - Заголовки: {'Host': 'localhost', 'X-Real-Ip': '172.19.0.1', 'X-Forwarded-For': '172.19.0.1', 'X-Forwarded-Proto': 'http', 'X-Forwarded-Host': 'localhost', 'X-Original-Uri': '/api/couriers/shifts?chat_id=-1004755640016', 'Connection': 'close', 'User-Agent': 'Mozilla/5.0 (iPhone; CPU iPhone OS 16_6 like Mac OS X) AppleWebKit/605.1.15 (KHTML, like Gecko) Version/16.6 Mobile/15E148 Safari/604.1', 'Accept': '*/*', 'Origin': 'http://localhost:3000', 'Sec-Fetch-Site': 'same-site', 'Sec-Fetch-Mode': 'cors', 'Sec-Fetch-Dest': 'empty', 'Referer': 'http://localhost:3000/', 'Accept-Encoding': 'gzip, deflate, br, zstd', 'Accept-Language': 'ru-RU,ru;q=0.9,en-RU;q=0.8,en;q=0.7,en-US;q=0.6'}
2025-04-03 07:58:26,217 - __main__ - INFO - Обработка запроса на /api/couriers/shifts без CORS декораторов
2025-04-03 07:58:26,220 - data.shifts - INFO - Загрузка смен из файла: /app/data/shifts.json
2025-04-03 07:58:26,223 - werkzeug - INFO - 172.19.0.8 - - [03/Apr/2025 07:58:26] "GET /api/couriers/shifts?chat_id=-1004755640016 HTTP/1.1" 200 -
2025-04-03 07:58:26,226 - api.couriers.routes - INFO - Возвращаем статус курьера: {'user_id': 1682142222, 'first_name': 'Андрей', 'last_name': 'Николаевич', 'username': 'andrejnikolaevich1999', 'photo_url': 'https://api.telegram.org/file/bot7878489788:AAHupjPYeWpzVwo77F_BCR6fIA1I_P8p_Uc/photos/file_0.jpg', 'chat_id': '-1004755640016', 'is_admin': True, 'is_senior_courier': True, 'active_session': None, 'wallet': {'balance': 0, 'transactions_count': 0}, 'status': 'active'}
2025-04-03 07:58:26,228 - werkzeug - INFO - 172.19.0.8 - - [03/Apr/2025 07:58:26] "GET /api/couriers/1682142222/status?chat_id=-1004755640016 HTTP/1.1" 200 -
2025-04-03 07:58:26,233 - __main__ - INFO - Получен запрос: GET /api/couriers/shifts
2025-04-03 07:58:26,234 - __main__ - INFO - Заголовки: {'Host': 'localhost', 'X-Real-Ip': '172.19.0.1', 'X-Forwarded-For': '172.19.0.1', 'X-Forwarded-Proto': 'http', 'X-Forwarded-Host': 'localhost', 'X-Original-Uri': '/api/couriers/shifts?chat_id=-1004755640016', 'Connection': 'close', 'User-Agent': 'Mozilla/5.0 (iPhone; CPU iPhone OS 16_6 like Mac OS X) AppleWebKit/605.1.15 (KHTML, like Gecko) Version/16.6 Mobile/15E148 Safari/604.1', 'Accept': '*/*', 'Origin': 'http://localhost:3000', 'Sec-Fetch-Site': 'same-site', 'Sec-Fetch-Mode': 'cors', 'Sec-Fetch-Dest': 'empty', 'Referer': 'http://localhost:3000/', 'Accept-Encoding': 'gzip, deflate, br, zstd', 'Accept-Language': 'ru-RU,ru;q=0.9,en-RU;q=0.8,en;q=0.7,en-US;q=0.6'}
2025-04-03 07:58:26,234 - __main__ - INFO - Обработка запроса на /api/couriers/shifts без CORS декораторов
2025-04-03 07:58:26,238 - data.shifts - INFO - Загрузка смен из файла: /app/data/shifts.json
2025-04-03 07:58:26,240 - werkzeug - INFO - 172.19.0.8 - - [03/Apr/2025 07:58:26] "GET /api/couriers/shifts?chat_id=-1004755640016 HTTP/1.1" 200 -
2025-04-03 07:58:34,212 - __main__ - INFO - Получен запрос: POST /api/couriers/access/settings
2025-04-03 07:58:34,213 - __main__ - INFO - Заголовки: {'Host': 'localhost', 'X-Real-Ip': '172.19.0.1', 'X-Forwarded-For': '172.19.0.1', 'X-Forwarded-Proto': 'http', 'X-Forwarded-Host': 'localhost', 'X-Original-Uri': '/api/couriers/access/settings', 'Connection': 'close', 'Content-Length': '387', 'User-Agent': 'Mozilla/5.0 (iPhone; CPU iPhone OS 16_6 like Mac OS X) AppleWebKit/605.1.15 (KHTML, like Gecko) Version/16.6 Mobile/15E148 Safari/604.1', 'Content-Type': 'application/json', 'Accept': '*/*', 'Origin': 'http://localhost:3000', 'Sec-Fetch-Site': 'same-site', 'Sec-Fetch-Mode': 'cors', 'Sec-Fetch-Dest': 'empty', 'Referer': 'http://localhost:3000/', 'Accept-Encoding': 'gzip, deflate, br, zstd', 'Accept-Language': 'ru-RU,ru;q=0.9,en-RU;q=0.8,en;q=0.7,en-US;q=0.6'}
2025-04-03 07:58:34,214 - api.couriers.access.routes - INFO - 📝 Получены данные для обновления настроек доступа:
2025-04-03 07:58:34,216 - api.couriers.access.routes - INFO - 🔑 Ключи в запросе: ['chat_id', 'allowMultipleShifts', 'autoApprove', 'allowSameDay', 'registrationStartDay', 'registrationStartHour', 'registrationStartMinute', 'offsetType', 'offsetAmount', 'periodLength', 'isAlwaysActive', 'activeStartDate', 'activeEndDate', 'daysAhead', 'enabledDates', 'restrictedUsers', 'lastUpdated']
2025-04-03 07:58:34,234 - api.couriers.access.routes - INFO - ✅ Настройки успешно обновлены
2025-04-03 07:58:34,236 - api.couriers.access.routes - INFO - 🔑 Ключи в обновленных настройках: ['chat_id', 'allowMultipleShifts', 'autoApprove', 'allowSameDay', 'registrationStartDay', 'registrationStartHour', 'registrationStartMinute', 'offsetType', 'offsetAmount', 'periodLength', 'isAlwaysActive', 'activeStartDate', 'activeEndDate', 'daysAhead', 'enabledDates', 'restrictedUsers', 'lastUpdated']
2025-04-03 07:58:34,238 - api.couriers.access.routes - INFO - 📤 Отправка запроса на применение настроек с chat_id=-1004755640016
2025-04-03 07:58:34,244 - urllib3.connectionpool - DEBUG - Starting new HTTP connection (1): scheduler:8002
2025-04-03 07:58:34,292 - urllib3.connectionpool - DEBUG - http://scheduler:8002 "POST /apply-access-settings HTTP/1.1" 200 297
2025-04-03 07:58:34,293 - api.couriers.access.routes - INFO - ✅ Запрос на применение настроек успешно отправлен
2025-04-03 07:58:34,294 - api.couriers.access.routes - INFO - 📤 Отправка запроса на перезагрузку задач
2025-04-03 07:58:34,297 - urllib3.connectionpool - DEBUG - Starting new HTTP connection (1): scheduler:8002
2025-04-03 07:58:34,315 - urllib3.connectionpool - DEBUG - http://scheduler:8002 "POST /scheduler/reload-tasks HTTP/1.1" 200 233
2025-04-03 07:58:34,316 - api.couriers.access.routes - INFO - ✅ Запрос на перезагрузку задач успешно отправлен
2025-04-03 07:58:34,317 - werkzeug - INFO - 172.19.0.8 - - [03/Apr/2025 07:58:34] "POST /api/couriers/access/settings HTTP/1.1" 200 -
2025-04-03 07:58:37,853 - __main__ - INFO - Получен запрос: GET /api/couriers/shifts
2025-04-03 07:58:37,854 - __main__ - INFO - Заголовки: {'Host': 'localhost', 'X-Real-Ip': '172.19.0.1', 'X-Forwarded-For': '172.19.0.1', 'X-Forwarded-Proto': 'http', 'X-Forwarded-Host': 'localhost', 'X-Original-Uri': '/api/couriers/shifts?chat_id=-1004755640016', 'Connection': 'close', 'User-Agent': 'Mozilla/5.0 (iPhone; CPU iPhone OS 16_6 like Mac OS X) AppleWebKit/605.1.15 (KHTML, like Gecko) Version/16.6 Mobile/15E148 Safari/604.1', 'Accept': '*/*', 'Origin': 'http://localhost:3000', 'Sec-Fetch-Site': 'same-site', 'Sec-Fetch-Mode': 'cors', 'Sec-Fetch-Dest': 'empty', 'Referer': 'http://localhost:3000/', 'Accept-Encoding': 'gzip, deflate, br, zstd', 'Accept-Language': 'ru-RU,ru;q=0.9,en-RU;q=0.8,en;q=0.7,en-US;q=0.6'}
2025-04-03 07:58:37,855 - __main__ - INFO - Обработка запроса на /api/couriers/shifts без CORS декораторов
2025-04-03 07:58:37,857 - __main__ - INFO - Получен запрос: GET /api/couriers/access/settings
2025-04-03 07:58:37,858 - __main__ - INFO - Заголовки: {'Host': 'localhost', 'X-Real-Ip': '172.19.0.1', 'X-Forwarded-For': '172.19.0.1', 'X-Forwarded-Proto': 'http', 'X-Forwarded-Host': 'localhost', 'X-Original-Uri': '/api/couriers/access/settings?chat_id=-1004755640016', 'Connection': 'close', 'User-Agent': 'Mozilla/5.0 (iPhone; CPU iPhone OS 16_6 like Mac OS X) AppleWebKit/605.1.15 (KHTML, like Gecko) Version/16.6 Mobile/15E148 Safari/604.1', 'Accept': '*/*', 'Origin': 'http://localhost:3000', 'Sec-Fetch-Site': 'same-site', 'Sec-Fetch-Mode': 'cors', 'Sec-Fetch-Dest': 'empty', 'Referer': 'http://localhost:3000/', 'Accept-Encoding': 'gzip, deflate, br, zstd', 'Accept-Language': 'ru-RU,ru;q=0.9,en-RU;q=0.8,en;q=0.7,en-US;q=0.6'}
2025-04-03 07:58:37,858 - api.couriers.access.routes - INFO - 📝 Запрос настроек доступа: chat_id=-1004755640016
2025-04-03 07:58:37,862 - api.couriers.access.routes - INFO - ✅ Настройки загружены: 17 полей
2025-04-03 07:58:37,863 - werkzeug - INFO - 172.19.0.8 - - [03/Apr/2025 07:58:37] "GET /api/couriers/access/settings?chat_id=-1004755640016 HTTP/1.1" 200 -
2025-04-03 07:58:37,863 - data.shifts - INFO - Загрузка смен из файла: /app/data/shifts.json
2025-04-03 07:58:37,865 - werkzeug - INFO - 172.19.0.8 - - [03/Apr/2025 07:58:37] "GET /api/couriers/shifts?chat_id=-1004755640016 HTTP/1.1" 200 -
2025-04-03 07:58:37,869 - __main__ - INFO - Получен запрос: GET /api/couriers/shifts
2025-04-03 07:58:37,870 - __main__ - INFO - Заголовки: {'Host': 'localhost', 'X-Real-Ip': '172.19.0.1', 'X-Forwarded-For': '172.19.0.1', 'X-Forwarded-Proto': 'http', 'X-Forwarded-Host': 'localhost', 'X-Original-Uri': '/api/couriers/shifts?chat_id=-1004755640016', 'Connection': 'close', 'User-Agent': 'Mozilla/5.0 (iPhone; CPU iPhone OS 16_6 like Mac OS X) AppleWebKit/605.1.15 (KHTML, like Gecko) Version/16.6 Mobile/15E148 Safari/604.1', 'Accept': '*/*', 'Origin': 'http://localhost:3000', 'Sec-Fetch-Site': 'same-site', 'Sec-Fetch-Mode': 'cors', 'Sec-Fetch-Dest': 'empty', 'Referer': 'http://localhost:3000/', 'Accept-Encoding': 'gzip, deflate, br, zstd', 'Accept-Language': 'ru-RU,ru;q=0.9,en-RU;q=0.8,en;q=0.7,en-US;q=0.6'}
2025-04-03 07:58:37,871 - __main__ - INFO - Обработка запроса на /api/couriers/shifts без CORS декораторов
2025-04-03 07:58:37,873 - __main__ - INFO - Получен запрос: GET /api/couriers/access/settings
2025-04-03 07:58:37,873 - __main__ - INFO - Заголовки: {'Host': 'localhost', 'X-Real-Ip': '172.19.0.1', 'X-Forwarded-For': '172.19.0.1', 'X-Forwarded-Proto': 'http', 'X-Forwarded-Host': 'localhost', 'X-Original-Uri': '/api/couriers/access/settings?chat_id=-1004755640016', 'Connection': 'close', 'User-Agent': 'Mozilla/5.0 (iPhone; CPU iPhone OS 16_6 like Mac OS X) AppleWebKit/605.1.15 (KHTML, like Gecko) Version/16.6 Mobile/15E148 Safari/604.1', 'Accept': '*/*', 'Origin': 'http://localhost:3000', 'Sec-Fetch-Site': 'same-site', 'Sec-Fetch-Mode': 'cors', 'Sec-Fetch-Dest': 'empty', 'Referer': 'http://localhost:3000/', 'Accept-Encoding': 'gzip, deflate, br, zstd', 'Accept-Language': 'ru-RU,ru;q=0.9,en-RU;q=0.8,en;q=0.7,en-US;q=0.6'}
2025-04-03 07:58:37,874 - api.couriers.access.routes - INFO - 📝 Запрос настроек доступа: chat_id=-1004755640016
2025-04-03 07:58:37,877 - api.couriers.access.routes - INFO - ✅ Настройки загружены: 17 полей
2025-04-03 07:58:37,877 - data.shifts - INFO - Загрузка смен из файла: /app/data/shifts.json
2025-04-03 07:58:37,878 - werkzeug - INFO - 172.19.0.8 - - [03/Apr/2025 07:58:37] "GET /api/couriers/access/settings?chat_id=-1004755640016 HTTP/1.1" 200 -
2025-04-03 07:58:37,881 - werkzeug - INFO - 172.19.0.8 - - [03/Apr/2025 07:58:37] "GET /api/couriers/shifts?chat_id=-1004755640016 HTTP/1.1" 200 -
2025-04-03 07:58:38,396 - __main__ - INFO - Получен запрос: GET /api/couriers/shifts
2025-04-03 07:58:38,396 - __main__ - INFO - Заголовки: {'Host': 'localhost', 'X-Real-Ip': '172.19.0.1', 'X-Forwarded-For': '172.19.0.1', 'X-Forwarded-Proto': 'http', 'X-Forwarded-Host': 'localhost', 'X-Original-Uri': '/api/couriers/shifts?chat_id=-1004755640016', 'Connection': 'close', 'User-Agent': 'Mozilla/5.0 (iPhone; CPU iPhone OS 16_6 like Mac OS X) AppleWebKit/605.1.15 (KHTML, like Gecko) Version/16.6 Mobile/15E148 Safari/604.1', 'Accept': '*/*', 'Origin': 'http://localhost:3000', 'Sec-Fetch-Site': 'same-site', 'Sec-Fetch-Mode': 'cors', 'Sec-Fetch-Dest': 'empty', 'Referer': 'http://localhost:3000/', 'Accept-Encoding': 'gzip, deflate, br, zstd', 'Accept-Language': 'ru-RU,ru;q=0.9,en-RU;q=0.8,en;q=0.7,en-US;q=0.6'}
2025-04-03 07:58:38,397 - __main__ - INFO - Обработка запроса на /api/couriers/shifts без CORS декораторов
2025-04-03 07:58:38,401 - data.shifts - INFO - Загрузка смен из файла: /app/data/shifts.json
2025-04-03 07:58:38,404 - werkzeug - INFO - 172.19.0.8 - - [03/Apr/2025 07:58:38] "GET /api/couriers/shifts?chat_id=-1004755640016 HTTP/1.1" 200 -
2025-04-03 08:00:00,008 - __main__ - INFO - Получен запрос: POST /api/send_message
2025-04-03 08:00:00,009 - __main__ - INFO - Заголовки: {'Host': 'server:8000', 'User-Agent': 'python-requests/2.31.0', 'Accept-Encoding': 'gzip, deflate', 'Accept': '*/*', 'Connection': 'keep-alive', 'Content-Length': '1197', 'Content-Type': 'application/json'}
2025-04-03 08:00:00,010 - werkzeug - INFO - 172.19.0.7 - - [03/Apr/2025 08:00:00] "[33mPOST /api/send_message HTTP/1.1[0m" 404 -
2025-04-03 08:13:04,234 - __main__ - INFO - Получен запрос: GET /api/reserves
2025-04-03 08:13:04,234 - __main__ - INFO - Заголовки: {'Host': 'localhost', 'X-Real-Ip': '172.19.0.1', 'X-Forwarded-For': '172.19.0.1', 'X-Forwarded-Proto': 'http', 'X-Forwarded-Host': 'localhost', 'X-Original-Uri': '/api/reserves', 'Connection': 'close', 'User-Agent': 'Mozilla/5.0 (iPhone; CPU iPhone OS 16_6 like Mac OS X) AppleWebKit/605.1.15 (KHTML, like Gecko) Version/16.6 Mobile/15E148 Safari/604.1', 'Accept': '*/*', 'Origin': 'http://localhost:3000', 'Sec-Fetch-Site': 'same-site', 'Sec-Fetch-Mode': 'cors', 'Sec-Fetch-Dest': 'empty', 'Referer': 'http://localhost:3000/', 'Accept-Encoding': 'gzip, deflate, br, zstd', 'Accept-Language': 'ru-RU,ru;q=0.9,en-RU;q=0.8,en;q=0.7,en-US;q=0.6'}
2025-04-03 08:13:04,235 - __main__ - INFO - Обработка запроса на /api/reserves без CORS декораторов
2025-04-03 08:13:04,251 - werkzeug - INFO - 172.19.0.8 - - [03/Apr/2025 08:13:04] "GET /api/reserves HTTP/1.1" 200 -
2025-04-03 08:13:04,357 - __main__ - INFO - Получен запрос: GET /api/reserves
2025-04-03 08:13:04,358 - __main__ - INFO - Заголовки: {'Host': 'localhost', 'X-Real-Ip': '172.19.0.1', 'X-Forwarded-For': '172.19.0.1', 'X-Forwarded-Proto': 'http', 'X-Forwarded-Host': 'localhost', 'X-Original-Uri': '/api/reserves', 'Connection': 'close', 'User-Agent': 'Mozilla/5.0 (iPhone; CPU iPhone OS 16_6 like Mac OS X) AppleWebKit/605.1.15 (KHTML, like Gecko) Version/16.6 Mobile/15E148 Safari/604.1', 'Accept': '*/*', 'Origin': 'http://localhost:3000', 'Sec-Fetch-Site': 'same-site', 'Sec-Fetch-Mode': 'cors', 'Sec-Fetch-Dest': 'empty', 'Referer': 'http://localhost:3000/', 'Accept-Encoding': 'gzip, deflate, br, zstd', 'Accept-Language': 'ru-RU,ru;q=0.9,en-RU;q=0.8,en;q=0.7,en-US;q=0.6'}
2025-04-03 08:13:04,358 - __main__ - INFO - Обработка запроса на /api/reserves без CORS декораторов
2025-04-03 08:13:04,362 - werkzeug - INFO - 172.19.0.8 - - [03/Apr/2025 08:13:04] "GET /api/reserves HTTP/1.1" 200 -
2025-04-03 08:13:04,486 - __main__ - INFO - Получен запрос: GET /api/couriers/access/settings
2025-04-03 08:13:04,486 - __main__ - INFO - Заголовки: {'Host': 'localhost', 'X-Real-Ip': '172.19.0.1', 'X-Forwarded-For': '172.19.0.1', 'X-Forwarded-Proto': 'http', 'X-Forwarded-Host': 'localhost', 'X-Original-Uri': '/api/couriers/access/settings?chat_id=-1004755640016', 'Connection': 'close', 'User-Agent': 'Mozilla/5.0 (iPhone; CPU iPhone OS 16_6 like Mac OS X) AppleWebKit/605.1.15 (KHTML, like Gecko) Version/16.6 Mobile/15E148 Safari/604.1', 'Accept': '*/*', 'Origin': 'http://localhost:3000', 'Sec-Fetch-Site': 'same-site', 'Sec-Fetch-Mode': 'cors', 'Sec-Fetch-Dest': 'empty', 'Referer': 'http://localhost:3000/', 'Accept-Encoding': 'gzip, deflate, br, zstd', 'Accept-Language': 'ru-RU,ru;q=0.9,en-RU;q=0.8,en;q=0.7,en-US;q=0.6'}
2025-04-03 08:13:04,487 - api.couriers.access.routes - INFO - 📝 Запрос настроек доступа: chat_id=-1004755640016
2025-04-03 08:13:04,490 - __main__ - INFO - Получен запрос: GET /api/couriers/1682142222/status
2025-04-03 08:13:04,491 - __main__ - INFO - Заголовки: {'Host': 'localhost', 'X-Real-Ip': '172.19.0.1', 'X-Forwarded-For': '172.19.0.1', 'X-Forwarded-Proto': 'http', 'X-Forwarded-Host': 'localhost', 'X-Original-Uri': '/api/couriers/1682142222/status?chat_id=-1004755640016', 'Connection': 'close', 'User-Agent': 'Mozilla/5.0 (iPhone; CPU iPhone OS 16_6 like Mac OS X) AppleWebKit/605.1.15 (KHTML, like Gecko) Version/16.6 Mobile/15E148 Safari/604.1', 'Accept': 'application/json, text/plain, */*', 'Origin': 'http://localhost:3000', 'Sec-Fetch-Site': 'same-site', 'Sec-Fetch-Mode': 'cors', 'Sec-Fetch-Dest': 'empty', 'Referer': 'http://localhost:3000/', 'Accept-Encoding': 'gzip, deflate, br, zstd', 'Accept-Language': 'ru-RU,ru;q=0.9,en-RU;q=0.8,en;q=0.7,en-US;q=0.6'}
2025-04-03 08:13:04,492 - api.couriers.routes - INFO - === Получение статуса курьера 1682142222 ===
2025-04-03 08:13:04,493 - api.couriers.routes - INFO - Chat ID из запроса: -1004755640016
2025-04-03 08:13:04,493 - api.couriers.access.routes - INFO - ✅ Настройки загружены: 17 полей
2025-04-03 08:13:04,496 - werkzeug - INFO - 172.19.0.8 - - [03/Apr/2025 08:13:04] "GET /api/couriers/access/settings?chat_id=-1004755640016 HTTP/1.1" 200 -
2025-04-03 08:13:04,504 - __main__ - INFO - Получен запрос: GET /api/couriers/access/settings
2025-04-03 08:13:04,505 - __main__ - INFO - Заголовки: {'Host': 'localhost', 'X-Real-Ip': '172.19.0.1', 'X-Forwarded-For': '172.19.0.1', 'X-Forwarded-Proto': 'http', 'X-Forwarded-Host': 'localhost', 'X-Original-Uri': '/api/couriers/access/settings?chat_id=-1004755640016', 'Connection': 'close', 'User-Agent': 'Mozilla/5.0 (iPhone; CPU iPhone OS 16_6 like Mac OS X) AppleWebKit/605.1.15 (KHTML, like Gecko) Version/16.6 Mobile/15E148 Safari/604.1', 'Accept': '*/*', 'Origin': 'http://localhost:3000', 'Sec-Fetch-Site': 'same-site', 'Sec-Fetch-Mode': 'cors', 'Sec-Fetch-Dest': 'empty', 'Referer': 'http://localhost:3000/', 'Accept-Encoding': 'gzip, deflate, br, zstd', 'Accept-Language': 'ru-RU,ru;q=0.9,en-RU;q=0.8,en;q=0.7,en-US;q=0.6'}
2025-04-03 08:13:04,505 - api.couriers.access.routes - INFO - 📝 Запрос настроек доступа: chat_id=-1004755640016
2025-04-03 08:13:04,509 - api.couriers.access.routes - INFO - ✅ Настройки загружены: 17 полей
2025-04-03 08:13:04,510 - werkzeug - INFO - 172.19.0.8 - - [03/Apr/2025 08:13:04] "GET /api/couriers/access/settings?chat_id=-1004755640016 HTTP/1.1" 200 -
2025-04-03 08:13:04,512 - api.couriers.routes - INFO - Возвращаем статус курьера: {'user_id': 1682142222, 'first_name': 'Андрей', 'last_name': 'Николаевич', 'username': 'andrejnikolaevich1999', 'photo_url': 'https://api.telegram.org/file/bot7878489788:AAHupjPYeWpzVwo77F_BCR6fIA1I_P8p_Uc/photos/file_0.jpg', 'chat_id': '-1004755640016', 'is_admin': True, 'is_senior_courier': True, 'active_session': None, 'wallet': {'balance': 0, 'transactions_count': 0}, 'status': 'active'}
2025-04-03 08:13:04,512 - werkzeug - INFO - 172.19.0.8 - - [03/Apr/2025 08:13:04] "GET /api/couriers/1682142222/status?chat_id=-1004755640016 HTTP/1.1" 200 -
2025-04-03 08:13:04,526 - __main__ - INFO - Получен запрос: GET /api/couriers/1682142222/status
2025-04-03 08:13:04,528 - __main__ - INFO - Получен запрос: GET /api/couriers/shifts
2025-04-03 08:13:04,528 - __main__ - INFO - Заголовки: {'Host': 'localhost', 'X-Real-Ip': '172.19.0.1', 'X-Forwarded-For': '172.19.0.1', 'X-Forwarded-Proto': 'http', 'X-Forwarded-Host': 'localhost', 'X-Original-Uri': '/api/couriers/1682142222/status?chat_id=-1004755640016', 'Connection': 'close', 'User-Agent': 'Mozilla/5.0 (iPhone; CPU iPhone OS 16_6 like Mac OS X) AppleWebKit/605.1.15 (KHTML, like Gecko) Version/16.6 Mobile/15E148 Safari/604.1', 'Accept': 'application/json, text/plain, */*', 'Origin': 'http://localhost:3000', 'Sec-Fetch-Site': 'same-site', 'Sec-Fetch-Mode': 'cors', 'Sec-Fetch-Dest': 'empty', 'Referer': 'http://localhost:3000/', 'Accept-Encoding': 'gzip, deflate, br, zstd', 'Accept-Language': 'ru-RU,ru;q=0.9,en-RU;q=0.8,en;q=0.7,en-US;q=0.6'}
2025-04-03 08:13:04,534 - api.couriers.routes - INFO - === Получение статуса курьера 1682142222 ===
2025-04-03 08:13:04,532 - __main__ - INFO - Заголовки: {'Host': 'localhost', 'X-Real-Ip': '172.19.0.1', 'X-Forwarded-For': '172.19.0.1', 'X-Forwarded-Proto': 'http', 'X-Forwarded-Host': 'localhost', 'X-Original-Uri': '/api/couriers/shifts?chat_id=-1004755640016', 'Connection': 'close', 'User-Agent': 'Mozilla/5.0 (iPhone; CPU iPhone OS 16_6 like Mac OS X) AppleWebKit/605.1.15 (KHTML, like Gecko) Version/16.6 Mobile/15E148 Safari/604.1', 'Accept': '*/*', 'Origin': 'http://localhost:3000', 'Sec-Fetch-Site': 'same-site', 'Sec-Fetch-Mode': 'cors', 'Sec-Fetch-Dest': 'empty', 'Referer': 'http://localhost:3000/', 'Accept-Encoding': 'gzip, deflate, br, zstd', 'Accept-Language': 'ru-RU,ru;q=0.9,en-RU;q=0.8,en;q=0.7,en-US;q=0.6'}
2025-04-03 08:13:04,535 - api.couriers.routes - INFO - Chat ID из запроса: -1004755640016
2025-04-03 08:13:04,536 - __main__ - INFO - Обработка запроса на /api/couriers/shifts без CORS декораторов
2025-04-03 08:13:04,554 - api.couriers.routes - INFO - Возвращаем статус курьера: {'user_id': 1682142222, 'first_name': 'Андрей', 'last_name': 'Николаевич', 'username': 'andrejnikolaevich1999', 'photo_url': 'https://api.telegram.org/file/bot7878489788:AAHupjPYeWpzVwo77F_BCR6fIA1I_P8p_Uc/photos/file_0.jpg', 'chat_id': '-1004755640016', 'is_admin': True, 'is_senior_courier': True, 'active_session': None, 'wallet': {'balance': 0, 'transactions_count': 0}, 'status': 'active'}
2025-04-03 08:13:04,555 - werkzeug - INFO - 172.19.0.8 - - [03/Apr/2025 08:13:04] "GET /api/couriers/1682142222/status?chat_id=-1004755640016 HTTP/1.1" 200 -
2025-04-03 08:13:04,564 - data.shifts - INFO - Загрузка смен из файла: /app/data/shifts.json
2025-04-03 08:13:04,566 - werkzeug - INFO - 172.19.0.8 - - [03/Apr/2025 08:13:04] "GET /api/couriers/shifts?chat_id=-1004755640016 HTTP/1.1" 200 -
2025-04-03 08:13:04,570 - __main__ - INFO - Получен запрос: GET /api/couriers/shifts
2025-04-03 08:13:04,571 - __main__ - INFO - Заголовки: {'Host': 'localhost', 'X-Real-Ip': '172.19.0.1', 'X-Forwarded-For': '172.19.0.1', 'X-Forwarded-Proto': 'http', 'X-Forwarded-Host': 'localhost', 'X-Original-Uri': '/api/couriers/shifts?chat_id=-1004755640016', 'Connection': 'close', 'User-Agent': 'Mozilla/5.0 (iPhone; CPU iPhone OS 16_6 like Mac OS X) AppleWebKit/605.1.15 (KHTML, like Gecko) Version/16.6 Mobile/15E148 Safari/604.1', 'Accept': '*/*', 'Origin': 'http://localhost:3000', 'Sec-Fetch-Site': 'same-site', 'Sec-Fetch-Mode': 'cors', 'Sec-Fetch-Dest': 'empty', 'Referer': 'http://localhost:3000/', 'Accept-Encoding': 'gzip, deflate, br, zstd', 'Accept-Language': 'ru-RU,ru;q=0.9,en-RU;q=0.8,en;q=0.7,en-US;q=0.6'}
2025-04-03 08:13:04,572 - __main__ - INFO - Обработка запроса на /api/couriers/shifts без CORS декораторов
2025-04-03 08:13:04,577 - data.shifts - INFO - Загрузка смен из файла: /app/data/shifts.json
2025-04-03 08:13:04,580 - werkzeug - INFO - 172.19.0.8 - - [03/Apr/2025 08:13:04] "GET /api/couriers/shifts?chat_id=-1004755640016 HTTP/1.1" 200 -
2025-04-03 08:13:13,195 - __main__ - INFO - Получен запрос: POST /api/couriers/access/settings
2025-04-03 08:13:13,195 - __main__ - INFO - Заголовки: {'Host': 'localhost', 'X-Real-Ip': '172.19.0.1', 'X-Forwarded-For': '172.19.0.1', 'X-Forwarded-Proto': 'http', 'X-Forwarded-Host': 'localhost', 'X-Original-Uri': '/api/couriers/access/settings', 'Connection': 'close', 'Content-Length': '388', 'User-Agent': 'Mozilla/5.0 (iPhone; CPU iPhone OS 16_6 like Mac OS X) AppleWebKit/605.1.15 (KHTML, like Gecko) Version/16.6 Mobile/15E148 Safari/604.1', 'Content-Type': 'application/json', 'Accept': '*/*', 'Origin': 'http://localhost:3000', 'Sec-Fetch-Site': 'same-site', 'Sec-Fetch-Mode': 'cors', 'Sec-Fetch-Dest': 'empty', 'Referer': 'http://localhost:3000/', 'Accept-Encoding': 'gzip, deflate, br, zstd', 'Accept-Language': 'ru-RU,ru;q=0.9,en-RU;q=0.8,en;q=0.7,en-US;q=0.6'}
2025-04-03 08:13:13,196 - api.couriers.access.routes - INFO - 📝 Получены данные для обновления настроек доступа:
2025-04-03 08:13:13,197 - api.couriers.access.routes - INFO - 🔑 Ключи в запросе: ['chat_id', 'allowMultipleShifts', 'autoApprove', 'allowSameDay', 'registrationStartDay', 'registrationStartHour', 'registrationStartMinute', 'offsetType', 'offsetAmount', 'periodLength', 'isAlwaysActive', 'activeStartDate', 'activeEndDate', 'daysAhead', 'enabledDates', 'restrictedUsers', 'lastUpdated']
2025-04-03 08:13:13,207 - api.couriers.access.routes - INFO - ✅ Настройки успешно обновлены
2025-04-03 08:13:13,207 - api.couriers.access.routes - INFO - 🔑 Ключи в обновленных настройках: ['chat_id', 'allowMultipleShifts', 'autoApprove', 'allowSameDay', 'registrationStartDay', 'registrationStartHour', 'registrationStartMinute', 'offsetType', 'offsetAmount', 'periodLength', 'isAlwaysActive', 'activeStartDate', 'activeEndDate', 'daysAhead', 'enabledDates', 'restrictedUsers', 'lastUpdated']
2025-04-03 08:13:13,207 - api.couriers.access.routes - INFO - 📤 Отправка запроса на применение настроек с chat_id=-1004755640016
2025-04-03 08:13:13,210 - urllib3.connectionpool - DEBUG - Starting new HTTP connection (1): scheduler:8002
2025-04-03 08:13:13,236 - urllib3.connectionpool - DEBUG - http://scheduler:8002 "POST /apply-access-settings HTTP/1.1" 200 297
2025-04-03 08:13:13,237 - api.couriers.access.routes - INFO - ✅ Запрос на применение настроек успешно отправлен
2025-04-03 08:13:13,238 - api.couriers.access.routes - INFO - 📤 Отправка запроса на перезагрузку задач
2025-04-03 08:13:13,239 - urllib3.connectionpool - DEBUG - Starting new HTTP connection (1): scheduler:8002
2025-04-03 08:13:13,251 - urllib3.connectionpool - DEBUG - http://scheduler:8002 "POST /scheduler/reload-tasks HTTP/1.1" 200 233
2025-04-03 08:13:13,252 - api.couriers.access.routes - INFO - ✅ Запрос на перезагрузку задач успешно отправлен
2025-04-03 08:13:13,254 - werkzeug - INFO - 172.19.0.8 - - [03/Apr/2025 08:13:13] "POST /api/couriers/access/settings HTTP/1.1" 200 -
2025-04-03 08:13:53,591 - __main__ - INFO - Получен запрос: GET /api/couriers/shifts
2025-04-03 08:13:53,592 - __main__ - INFO - Заголовки: {'Host': 'localhost', 'X-Real-Ip': '172.19.0.1', 'X-Forwarded-For': '172.19.0.1', 'X-Forwarded-Proto': 'http', 'X-Forwarded-Host': 'localhost', 'X-Original-Uri': '/api/couriers/shifts?chat_id=-1004755640016', 'Connection': 'close', 'User-Agent': 'Mozilla/5.0 (iPhone; CPU iPhone OS 16_6 like Mac OS X) AppleWebKit/605.1.15 (KHTML, like Gecko) Version/16.6 Mobile/15E148 Safari/604.1', 'Accept': '*/*', 'Origin': 'http://localhost:3000', 'Sec-Fetch-Site': 'same-site', 'Sec-Fetch-Mode': 'cors', 'Sec-Fetch-Dest': 'empty', 'Referer': 'http://localhost:3000/', 'Accept-Encoding': 'gzip, deflate, br, zstd', 'Accept-Language': 'ru-RU,ru;q=0.9,en-RU;q=0.8,en;q=0.7,en-US;q=0.6'}
2025-04-03 08:13:53,593 - __main__ - INFO - Получен запрос: GET /api/couriers/access/settings
2025-04-03 08:13:53,594 - __main__ - INFO - Обработка запроса на /api/couriers/shifts без CORS декораторов
2025-04-03 08:13:53,594 - __main__ - INFO - Заголовки: {'Host': 'localhost', 'X-Real-Ip': '172.19.0.1', 'X-Forwarded-For': '172.19.0.1', 'X-Forwarded-Proto': 'http', 'X-Forwarded-Host': 'localhost', 'X-Original-Uri': '/api/couriers/access/settings?chat_id=-1004755640016', 'Connection': 'close', 'User-Agent': 'Mozilla/5.0 (iPhone; CPU iPhone OS 16_6 like Mac OS X) AppleWebKit/605.1.15 (KHTML, like Gecko) Version/16.6 Mobile/15E148 Safari/604.1', 'Accept': '*/*', 'Origin': 'http://localhost:3000', 'Sec-Fetch-Site': 'same-site', 'Sec-Fetch-Mode': 'cors', 'Sec-Fetch-Dest': 'empty', 'Referer': 'http://localhost:3000/', 'Accept-Encoding': 'gzip, deflate, br, zstd', 'Accept-Language': 'ru-RU,ru;q=0.9,en-RU;q=0.8,en;q=0.7,en-US;q=0.6'}
2025-04-03 08:13:53,596 - api.couriers.access.routes - INFO - 📝 Запрос настроек доступа: chat_id=-1004755640016
2025-04-03 08:13:53,599 - api.couriers.access.routes - INFO - ✅ Настройки загружены: 17 полей
2025-04-03 08:13:53,600 - werkzeug - INFO - 172.19.0.8 - - [03/Apr/2025 08:13:53] "GET /api/couriers/access/settings?chat_id=-1004755640016 HTTP/1.1" 200 -
2025-04-03 08:13:53,600 - data.shifts - INFO - Загрузка смен из файла: /app/data/shifts.json
2025-04-03 08:13:53,604 - werkzeug - INFO - 172.19.0.8 - - [03/Apr/2025 08:13:53] "GET /api/couriers/shifts?chat_id=-1004755640016 HTTP/1.1" 200 -
2025-04-03 08:13:53,608 - __main__ - INFO - Получен запрос: GET /api/couriers/shifts
2025-04-03 08:13:53,609 - __main__ - INFO - Получен запрос: GET /api/couriers/access/settings
2025-04-03 08:13:53,609 - __main__ - INFO - Заголовки: {'Host': 'localhost', 'X-Real-Ip': '172.19.0.1', 'X-Forwarded-For': '172.19.0.1', 'X-Forwarded-Proto': 'http', 'X-Forwarded-Host': 'localhost', 'X-Original-Uri': '/api/couriers/shifts?chat_id=-1004755640016', 'Connection': 'close', 'User-Agent': 'Mozilla/5.0 (iPhone; CPU iPhone OS 16_6 like Mac OS X) AppleWebKit/605.1.15 (KHTML, like Gecko) Version/16.6 Mobile/15E148 Safari/604.1', 'Accept': '*/*', 'Origin': 'http://localhost:3000', 'Sec-Fetch-Site': 'same-site', 'Sec-Fetch-Mode': 'cors', 'Sec-Fetch-Dest': 'empty', 'Referer': 'http://localhost:3000/', 'Accept-Encoding': 'gzip, deflate, br, zstd', 'Accept-Language': 'ru-RU,ru;q=0.9,en-RU;q=0.8,en;q=0.7,en-US;q=0.6'}
2025-04-03 08:13:53,609 - __main__ - INFO - Заголовки: {'Host': 'localhost', 'X-Real-Ip': '172.19.0.1', 'X-Forwarded-For': '172.19.0.1', 'X-Forwarded-Proto': 'http', 'X-Forwarded-Host': 'localhost', 'X-Original-Uri': '/api/couriers/access/settings?chat_id=-1004755640016', 'Connection': 'close', 'User-Agent': 'Mozilla/5.0 (iPhone; CPU iPhone OS 16_6 like Mac OS X) AppleWebKit/605.1.15 (KHTML, like Gecko) Version/16.6 Mobile/15E148 Safari/604.1', 'Accept': '*/*', 'Origin': 'http://localhost:3000', 'Sec-Fetch-Site': 'same-site', 'Sec-Fetch-Mode': 'cors', 'Sec-Fetch-Dest': 'empty', 'Referer': 'http://localhost:3000/', 'Accept-Encoding': 'gzip, deflate, br, zstd', 'Accept-Language': 'ru-RU,ru;q=0.9,en-RU;q=0.8,en;q=0.7,en-US;q=0.6'}
2025-04-03 08:13:53,611 - __main__ - INFO - Обработка запроса на /api/couriers/shifts без CORS декораторов
2025-04-03 08:13:53,611 - api.couriers.access.routes - INFO - 📝 Запрос настроек доступа: chat_id=-1004755640016
2025-04-03 08:13:53,615 - api.couriers.access.routes - INFO - ✅ Настройки загружены: 17 полей
2025-04-03 08:13:53,615 - werkzeug - INFO - 172.19.0.8 - - [03/Apr/2025 08:13:53] "GET /api/couriers/access/settings?chat_id=-1004755640016 HTTP/1.1" 200 -
2025-04-03 08:13:53,619 - data.shifts - INFO - Загрузка смен из файла: /app/data/shifts.json
2025-04-03 08:13:53,621 - werkzeug - INFO - 172.19.0.8 - - [03/Apr/2025 08:13:53] "GET /api/couriers/shifts?chat_id=-1004755640016 HTTP/1.1" 200 -
2025-04-03 08:13:54,134 - __main__ - INFO - Получен запрос: GET /api/couriers/shifts
2025-04-03 08:13:54,135 - __main__ - INFO - Заголовки: {'Host': 'localhost', 'X-Real-Ip': '172.19.0.1', 'X-Forwarded-For': '172.19.0.1', 'X-Forwarded-Proto': 'http', 'X-Forwarded-Host': 'localhost', 'X-Original-Uri': '/api/couriers/shifts?chat_id=-1004755640016', 'Connection': 'close', 'User-Agent': 'Mozilla/5.0 (iPhone; CPU iPhone OS 16_6 like Mac OS X) AppleWebKit/605.1.15 (KHTML, like Gecko) Version/16.6 Mobile/15E148 Safari/604.1', 'Accept': '*/*', 'Origin': 'http://localhost:3000', 'Sec-Fetch-Site': 'same-site', 'Sec-Fetch-Mode': 'cors', 'Sec-Fetch-Dest': 'empty', 'Referer': 'http://localhost:3000/', 'Accept-Encoding': 'gzip, deflate, br, zstd', 'Accept-Language': 'ru-RU,ru;q=0.9,en-RU;q=0.8,en;q=0.7,en-US;q=0.6'}
2025-04-03 08:13:54,135 - __main__ - INFO - Обработка запроса на /api/couriers/shifts без CORS декораторов
2025-04-03 08:13:54,139 - data.shifts - INFO - Загрузка смен из файла: /app/data/shifts.json
2025-04-03 08:13:54,141 - werkzeug - INFO - 172.19.0.8 - - [03/Apr/2025 08:13:54] "GET /api/couriers/shifts?chat_id=-1004755640016 HTTP/1.1" 200 -
2025-04-03 08:14:11,613 - __main__ - INFO - Получен запрос: GET /api/reserves
2025-04-03 08:14:11,614 - __main__ - INFO - Заголовки: {'Host': 'localhost', 'X-Real-Ip': '172.19.0.1', 'X-Forwarded-For': '172.19.0.1', 'X-Forwarded-Proto': 'http', 'X-Forwarded-Host': 'localhost', 'X-Original-Uri': '/api/reserves', 'Connection': 'close', 'User-Agent': 'Mozilla/5.0 (iPhone; CPU iPhone OS 16_6 like Mac OS X) AppleWebKit/605.1.15 (KHTML, like Gecko) Version/16.6 Mobile/15E148 Safari/604.1', 'Accept': '*/*', 'Origin': 'http://localhost:3000', 'Sec-Fetch-Site': 'same-site', 'Sec-Fetch-Mode': 'cors', 'Sec-Fetch-Dest': 'empty', 'Referer': 'http://localhost:3000/', 'Accept-Encoding': 'gzip, deflate, br, zstd', 'Accept-Language': 'ru-RU,ru;q=0.9,en-RU;q=0.8,en;q=0.7,en-US;q=0.6'}
2025-04-03 08:14:11,615 - __main__ - INFO - Обработка запроса на /api/reserves без CORS декораторов
2025-04-03 08:14:11,624 - werkzeug - INFO - 172.19.0.8 - - [03/Apr/2025 08:14:11] "GET /api/reserves HTTP/1.1" 200 -
2025-04-03 08:14:11,743 - __main__ - INFO - Получен запрос: GET /api/reserves
2025-04-03 08:14:11,743 - __main__ - INFO - Заголовки: {'Host': 'localhost', 'X-Real-Ip': '172.19.0.1', 'X-Forwarded-For': '172.19.0.1', 'X-Forwarded-Proto': 'http', 'X-Forwarded-Host': 'localhost', 'X-Original-Uri': '/api/reserves', 'Connection': 'close', 'User-Agent': 'Mozilla/5.0 (iPhone; CPU iPhone OS 16_6 like Mac OS X) AppleWebKit/605.1.15 (KHTML, like Gecko) Version/16.6 Mobile/15E148 Safari/604.1', 'Accept': '*/*', 'Origin': 'http://localhost:3000', 'Sec-Fetch-Site': 'same-site', 'Sec-Fetch-Mode': 'cors', 'Sec-Fetch-Dest': 'empty', 'Referer': 'http://localhost:3000/', 'Accept-Encoding': 'gzip, deflate, br, zstd', 'Accept-Language': 'ru-RU,ru;q=0.9,en-RU;q=0.8,en;q=0.7,en-US;q=0.6'}
2025-04-03 08:14:11,744 - __main__ - INFO - Обработка запроса на /api/reserves без CORS декораторов
2025-04-03 08:14:11,749 - werkzeug - INFO - 172.19.0.8 - - [03/Apr/2025 08:14:11] "GET /api/reserves HTTP/1.1" 200 -
2025-04-03 08:14:11,886 - __main__ - INFO - Получен запрос: GET /api/couriers/access/settings
2025-04-03 08:14:11,887 - __main__ - INFO - Получен запрос: GET /api/couriers/1682142222/status
2025-04-03 08:14:11,888 - __main__ - INFO - Заголовки: {'Host': 'localhost', 'X-Real-Ip': '172.19.0.1', 'X-Forwarded-For': '172.19.0.1', 'X-Forwarded-Proto': 'http', 'X-Forwarded-Host': 'localhost', 'X-Original-Uri': '/api/couriers/access/settings?chat_id=-1004755640016', 'Connection': 'close', 'User-Agent': 'Mozilla/5.0 (iPhone; CPU iPhone OS 16_6 like Mac OS X) AppleWebKit/605.1.15 (KHTML, like Gecko) Version/16.6 Mobile/15E148 Safari/604.1', 'Accept': '*/*', 'Origin': 'http://localhost:3000', 'Sec-Fetch-Site': 'same-site', 'Sec-Fetch-Mode': 'cors', 'Sec-Fetch-Dest': 'empty', 'Referer': 'http://localhost:3000/', 'Accept-Encoding': 'gzip, deflate, br, zstd', 'Accept-Language': 'ru-RU,ru;q=0.9,en-RU;q=0.8,en;q=0.7,en-US;q=0.6'}
2025-04-03 08:14:11,888 - __main__ - INFO - Заголовки: {'Host': 'localhost', 'X-Real-Ip': '172.19.0.1', 'X-Forwarded-For': '172.19.0.1', 'X-Forwarded-Proto': 'http', 'X-Forwarded-Host': 'localhost', 'X-Original-Uri': '/api/couriers/1682142222/status?chat_id=-1004755640016', 'Connection': 'close', 'User-Agent': 'Mozilla/5.0 (iPhone; CPU iPhone OS 16_6 like Mac OS X) AppleWebKit/605.1.15 (KHTML, like Gecko) Version/16.6 Mobile/15E148 Safari/604.1', 'Accept': 'application/json, text/plain, */*', 'Origin': 'http://localhost:3000', 'Sec-Fetch-Site': 'same-site', 'Sec-Fetch-Mode': 'cors', 'Sec-Fetch-Dest': 'empty', 'Referer': 'http://localhost:3000/', 'Accept-Encoding': 'gzip, deflate, br, zstd', 'Accept-Language': 'ru-RU,ru;q=0.9,en-RU;q=0.8,en;q=0.7,en-US;q=0.6'}
2025-04-03 08:14:11,889 - api.couriers.access.routes - INFO - 📝 Запрос настроек доступа: chat_id=-1004755640016
2025-04-03 08:14:11,890 - api.couriers.routes - INFO - === Получение статуса курьера 1682142222 ===
2025-04-03 08:14:11,892 - api.couriers.routes - INFO - Chat ID из запроса: -1004755640016
2025-04-03 08:14:11,895 - api.couriers.access.routes - INFO - ✅ Настройки загружены: 17 полей
2025-04-03 08:14:11,896 - werkzeug - INFO - 172.19.0.8 - - [03/Apr/2025 08:14:11] "GET /api/couriers/access/settings?chat_id=-1004755640016 HTTP/1.1" 200 -
2025-04-03 08:14:11,901 - __main__ - INFO - Получен запрос: GET /api/couriers/access/settings
2025-04-03 08:14:11,902 - __main__ - INFO - Заголовки: {'Host': 'localhost', 'X-Real-Ip': '172.19.0.1', 'X-Forwarded-For': '172.19.0.1', 'X-Forwarded-Proto': 'http', 'X-Forwarded-Host': 'localhost', 'X-Original-Uri': '/api/couriers/access/settings?chat_id=-1004755640016', 'Connection': 'close', 'User-Agent': 'Mozilla/5.0 (iPhone; CPU iPhone OS 16_6 like Mac OS X) AppleWebKit/605.1.15 (KHTML, like Gecko) Version/16.6 Mobile/15E148 Safari/604.1', 'Accept': '*/*', 'Origin': 'http://localhost:3000', 'Sec-Fetch-Site': 'same-site', 'Sec-Fetch-Mode': 'cors', 'Sec-Fetch-Dest': 'empty', 'Referer': 'http://localhost:3000/', 'Accept-Encoding': 'gzip, deflate, br, zstd', 'Accept-Language': 'ru-RU,ru;q=0.9,en-RU;q=0.8,en;q=0.7,en-US;q=0.6'}
2025-04-03 08:14:11,902 - api.couriers.access.routes - INFO - 📝 Запрос настроек доступа: chat_id=-1004755640016
2025-04-03 08:14:11,906 - api.couriers.access.routes - INFO - ✅ Настройки загружены: 17 полей
2025-04-03 08:14:11,906 - werkzeug - INFO - 172.19.0.8 - - [03/Apr/2025 08:14:11] "GET /api/couriers/access/settings?chat_id=-1004755640016 HTTP/1.1" 200 -
2025-04-03 08:14:11,908 - api.couriers.routes - INFO - Возвращаем статус курьера: {'user_id': 1682142222, 'first_name': 'Андрей', 'last_name': 'Николаевич', 'username': 'andrejnikolaevich1999', 'photo_url': 'https://api.telegram.org/file/bot7878489788:AAHupjPYeWpzVwo77F_BCR6fIA1I_P8p_Uc/photos/file_0.jpg', 'chat_id': '-1004755640016', 'is_admin': True, 'is_senior_courier': True, 'active_session': None, 'wallet': {'balance': 0, 'transactions_count': 0}, 'status': 'active'}
2025-04-03 08:14:11,910 - werkzeug - INFO - 172.19.0.8 - - [03/Apr/2025 08:14:11] "GET /api/couriers/1682142222/status?chat_id=-1004755640016 HTTP/1.1" 200 -
2025-04-03 08:14:11,915 - __main__ - INFO - Получен запрос: GET /api/couriers/1682142222/status
2025-04-03 08:14:11,915 - __main__ - INFO - Заголовки: {'Host': 'localhost', 'X-Real-Ip': '172.19.0.1', 'X-Forwarded-For': '172.19.0.1', 'X-Forwarded-Proto': 'http', 'X-Forwarded-Host': 'localhost', 'X-Original-Uri': '/api/couriers/1682142222/status?chat_id=-1004755640016', 'Connection': 'close', 'User-Agent': 'Mozilla/5.0 (iPhone; CPU iPhone OS 16_6 like Mac OS X) AppleWebKit/605.1.15 (KHTML, like Gecko) Version/16.6 Mobile/15E148 Safari/604.1', 'Accept': 'application/json, text/plain, */*', 'Origin': 'http://localhost:3000', 'Sec-Fetch-Site': 'same-site', 'Sec-Fetch-Mode': 'cors', 'Sec-Fetch-Dest': 'empty', 'Referer': 'http://localhost:3000/', 'Accept-Encoding': 'gzip, deflate, br, zstd', 'Accept-Language': 'ru-RU,ru;q=0.9,en-RU;q=0.8,en;q=0.7,en-US;q=0.6'}
2025-04-03 08:14:11,917 - __main__ - INFO - Получен запрос: GET /api/couriers/shifts
2025-04-03 08:14:11,917 - api.couriers.routes - INFO - === Получение статуса курьера 1682142222 ===
2025-04-03 08:14:11,918 - __main__ - INFO - Заголовки: {'Host': 'localhost', 'X-Real-Ip': '172.19.0.1', 'X-Forwarded-For': '172.19.0.1', 'X-Forwarded-Proto': 'http', 'X-Forwarded-Host': 'localhost', 'X-Original-Uri': '/api/couriers/shifts?chat_id=-1004755640016', 'Connection': 'close', 'User-Agent': 'Mozilla/5.0 (iPhone; CPU iPhone OS 16_6 like Mac OS X) AppleWebKit/605.1.15 (KHTML, like Gecko) Version/16.6 Mobile/15E148 Safari/604.1', 'Accept': '*/*', 'Origin': 'http://localhost:3000', 'Sec-Fetch-Site': 'same-site', 'Sec-Fetch-Mode': 'cors', 'Sec-Fetch-Dest': 'empty', 'Referer': 'http://localhost:3000/', 'Accept-Encoding': 'gzip, deflate, br, zstd', 'Accept-Language': 'ru-RU,ru;q=0.9,en-RU;q=0.8,en;q=0.7,en-US;q=0.6'}
2025-04-03 08:14:11,921 - api.couriers.routes - INFO - Chat ID из запроса: -1004755640016
2025-04-03 08:14:11,926 - __main__ - INFO - Обработка запроса на /api/couriers/shifts без CORS декораторов
2025-04-03 08:14:11,932 - data.shifts - INFO - Загрузка смен из файла: /app/data/shifts.json
2025-04-03 08:14:11,936 - werkzeug - INFO - 172.19.0.8 - - [03/Apr/2025 08:14:11] "GET /api/couriers/shifts?chat_id=-1004755640016 HTTP/1.1" 200 -
2025-04-03 08:14:11,938 - api.couriers.routes - INFO - Возвращаем статус курьера: {'user_id': 1682142222, 'first_name': 'Андрей', 'last_name': 'Николаевич', 'username': 'andrejnikolaevich1999', 'photo_url': 'https://api.telegram.org/file/bot7878489788:AAHupjPYeWpzVwo77F_BCR6fIA1I_P8p_Uc/photos/file_0.jpg', 'chat_id': '-1004755640016', 'is_admin': True, 'is_senior_courier': True, 'active_session': None, 'wallet': {'balance': 0, 'transactions_count': 0}, 'status': 'active'}
2025-04-03 08:14:11,940 - werkzeug - INFO - 172.19.0.8 - - [03/Apr/2025 08:14:11] "GET /api/couriers/1682142222/status?chat_id=-1004755640016 HTTP/1.1" 200 -
2025-04-03 08:14:11,946 - __main__ - INFO - Получен запрос: GET /api/couriers/shifts
2025-04-03 08:14:11,946 - __main__ - INFO - Заголовки: {'Host': 'localhost', 'X-Real-Ip': '172.19.0.1', 'X-Forwarded-For': '172.19.0.1', 'X-Forwarded-Proto': 'http', 'X-Forwarded-Host': 'localhost', 'X-Original-Uri': '/api/couriers/shifts?chat_id=-1004755640016', 'Connection': 'close', 'User-Agent': 'Mozilla/5.0 (iPhone; CPU iPhone OS 16_6 like Mac OS X) AppleWebKit/605.1.15 (KHTML, like Gecko) Version/16.6 Mobile/15E148 Safari/604.1', 'Accept': '*/*', 'Origin': 'http://localhost:3000', 'Sec-Fetch-Site': 'same-site', 'Sec-Fetch-Mode': 'cors', 'Sec-Fetch-Dest': 'empty', 'Referer': 'http://localhost:3000/', 'Accept-Encoding': 'gzip, deflate, br, zstd', 'Accept-Language': 'ru-RU,ru;q=0.9,en-RU;q=0.8,en;q=0.7,en-US;q=0.6'}
2025-04-03 08:14:11,947 - __main__ - INFO - Обработка запроса на /api/couriers/shifts без CORS декораторов
2025-04-03 08:14:11,951 - data.shifts - INFO - Загрузка смен из файла: /app/data/shifts.json
2025-04-03 08:14:11,953 - werkzeug - INFO - 172.19.0.8 - - [03/Apr/2025 08:14:11] "GET /api/couriers/shifts?chat_id=-1004755640016 HTTP/1.1" 200 -
2025-04-03 08:14:13,604 - __main__ - INFO - Получен запрос: GET /api/couriers/shifts
2025-04-03 08:14:13,605 - __main__ - INFO - Получен запрос: GET /api/couriers/access/settings
2025-04-03 08:14:13,606 - __main__ - INFO - Заголовки: {'Host': 'localhost', 'X-Real-Ip': '172.19.0.1', 'X-Forwarded-For': '172.19.0.1', 'X-Forwarded-Proto': 'http', 'X-Forwarded-Host': 'localhost', 'X-Original-Uri': '/api/couriers/shifts?chat_id=-1004755640016', 'Connection': 'close', 'User-Agent': 'Mozilla/5.0 (iPhone; CPU iPhone OS 16_6 like Mac OS X) AppleWebKit/605.1.15 (KHTML, like Gecko) Version/16.6 Mobile/15E148 Safari/604.1', 'Accept': '*/*', 'Origin': 'http://localhost:3000', 'Sec-Fetch-Site': 'same-site', 'Sec-Fetch-Mode': 'cors', 'Sec-Fetch-Dest': 'empty', 'Referer': 'http://localhost:3000/', 'Accept-Encoding': 'gzip, deflate, br, zstd', 'Accept-Language': 'ru-RU,ru;q=0.9,en-RU;q=0.8,en;q=0.7,en-US;q=0.6'}
2025-04-03 08:14:13,606 - __main__ - INFO - Заголовки: {'Host': 'localhost', 'X-Real-Ip': '172.19.0.1', 'X-Forwarded-For': '172.19.0.1', 'X-Forwarded-Proto': 'http', 'X-Forwarded-Host': 'localhost', 'X-Original-Uri': '/api/couriers/access/settings?chat_id=-1004755640016', 'Connection': 'close', 'User-Agent': 'Mozilla/5.0 (iPhone; CPU iPhone OS 16_6 like Mac OS X) AppleWebKit/605.1.15 (KHTML, like Gecko) Version/16.6 Mobile/15E148 Safari/604.1', 'Accept': '*/*', 'Origin': 'http://localhost:3000', 'Sec-Fetch-Site': 'same-site', 'Sec-Fetch-Mode': 'cors', 'Sec-Fetch-Dest': 'empty', 'Referer': 'http://localhost:3000/', 'Accept-Encoding': 'gzip, deflate, br, zstd', 'Accept-Language': 'ru-RU,ru;q=0.9,en-RU;q=0.8,en;q=0.7,en-US;q=0.6'}
2025-04-03 08:14:13,606 - __main__ - INFO - Обработка запроса на /api/couriers/shifts без CORS декораторов
2025-04-03 08:14:13,607 - api.couriers.access.routes - INFO - 📝 Запрос настроек доступа: chat_id=-1004755640016
2025-04-03 08:14:13,611 - api.couriers.access.routes - INFO - ✅ Настройки загружены: 17 полей
2025-04-03 08:14:13,612 - werkzeug - INFO - 172.19.0.8 - - [03/Apr/2025 08:14:13] "GET /api/couriers/access/settings?chat_id=-1004755640016 HTTP/1.1" 200 -
2025-04-03 08:14:13,613 - data.shifts - INFO - Загрузка смен из файла: /app/data/shifts.json
2025-04-03 08:14:13,616 - werkzeug - INFO - 172.19.0.8 - - [03/Apr/2025 08:14:13] "GET /api/couriers/shifts?chat_id=-1004755640016 HTTP/1.1" 200 -
2025-04-03 08:14:13,620 - __main__ - INFO - Получен запрос: GET /api/couriers/shifts
2025-04-03 08:14:13,620 - __main__ - INFO - Получен запрос: GET /api/couriers/access/settings
2025-04-03 08:14:13,621 - __main__ - INFO - Заголовки: {'Host': 'localhost', 'X-Real-Ip': '172.19.0.1', 'X-Forwarded-For': '172.19.0.1', 'X-Forwarded-Proto': 'http', 'X-Forwarded-Host': 'localhost', 'X-Original-Uri': '/api/couriers/shifts?chat_id=-1004755640016', 'Connection': 'close', 'User-Agent': 'Mozilla/5.0 (iPhone; CPU iPhone OS 16_6 like Mac OS X) AppleWebKit/605.1.15 (KHTML, like Gecko) Version/16.6 Mobile/15E148 Safari/604.1', 'Accept': '*/*', 'Origin': 'http://localhost:3000', 'Sec-Fetch-Site': 'same-site', 'Sec-Fetch-Mode': 'cors', 'Sec-Fetch-Dest': 'empty', 'Referer': 'http://localhost:3000/', 'Accept-Encoding': 'gzip, deflate, br, zstd', 'Accept-Language': 'ru-RU,ru;q=0.9,en-RU;q=0.8,en;q=0.7,en-US;q=0.6'}
2025-04-03 08:14:13,621 - __main__ - INFO - Заголовки: {'Host': 'localhost', 'X-Real-Ip': '172.19.0.1', 'X-Forwarded-For': '172.19.0.1', 'X-Forwarded-Proto': 'http', 'X-Forwarded-Host': 'localhost', 'X-Original-Uri': '/api/couriers/access/settings?chat_id=-1004755640016', 'Connection': 'close', 'User-Agent': 'Mozilla/5.0 (iPhone; CPU iPhone OS 16_6 like Mac OS X) AppleWebKit/605.1.15 (KHTML, like Gecko) Version/16.6 Mobile/15E148 Safari/604.1', 'Accept': '*/*', 'Origin': 'http://localhost:3000', 'Sec-Fetch-Site': 'same-site', 'Sec-Fetch-Mode': 'cors', 'Sec-Fetch-Dest': 'empty', 'Referer': 'http://localhost:3000/', 'Accept-Encoding': 'gzip, deflate, br, zstd', 'Accept-Language': 'ru-RU,ru;q=0.9,en-RU;q=0.8,en;q=0.7,en-US;q=0.6'}
2025-04-03 08:14:13,622 - __main__ - INFO - Обработка запроса на /api/couriers/shifts без CORS декораторов
2025-04-03 08:14:13,623 - api.couriers.access.routes - INFO - 📝 Запрос настроек доступа: chat_id=-1004755640016
2025-04-03 08:14:13,627 - api.couriers.access.routes - INFO - ✅ Настройки загружены: 17 полей
2025-04-03 08:14:13,628 - werkzeug - INFO - 172.19.0.8 - - [03/Apr/2025 08:14:13] "GET /api/couriers/access/settings?chat_id=-1004755640016 HTTP/1.1" 200 -
2025-04-03 08:14:13,629 - data.shifts - INFO - Загрузка смен из файла: /app/data/shifts.json
2025-04-03 08:14:13,632 - werkzeug - INFO - 172.19.0.8 - - [03/Apr/2025 08:14:13] "GET /api/couriers/shifts?chat_id=-1004755640016 HTTP/1.1" 200 -
2025-04-03 08:14:14,202 - __main__ - INFO - Получен запрос: GET /api/couriers/shifts
2025-04-03 08:14:14,202 - __main__ - INFO - Заголовки: {'Host': 'localhost', 'X-Real-Ip': '172.19.0.1', 'X-Forwarded-For': '172.19.0.1', 'X-Forwarded-Proto': 'http', 'X-Forwarded-Host': 'localhost', 'X-Original-Uri': '/api/couriers/shifts?chat_id=-1004755640016', 'Connection': 'close', 'User-Agent': 'Mozilla/5.0 (iPhone; CPU iPhone OS 16_6 like Mac OS X) AppleWebKit/605.1.15 (KHTML, like Gecko) Version/16.6 Mobile/15E148 Safari/604.1', 'Accept': '*/*', 'Origin': 'http://localhost:3000', 'Sec-Fetch-Site': 'same-site', 'Sec-Fetch-Mode': 'cors', 'Sec-Fetch-Dest': 'empty', 'Referer': 'http://localhost:3000/', 'Accept-Encoding': 'gzip, deflate, br, zstd', 'Accept-Language': 'ru-RU,ru;q=0.9,en-RU;q=0.8,en;q=0.7,en-US;q=0.6'}
2025-04-03 08:14:14,203 - __main__ - INFO - Обработка запроса на /api/couriers/shifts без CORS декораторов
2025-04-03 08:14:14,207 - data.shifts - INFO - Загрузка смен из файла: /app/data/shifts.json
2025-04-03 08:14:14,210 - werkzeug - INFO - 172.19.0.8 - - [03/Apr/2025 08:14:14] "GET /api/couriers/shifts?chat_id=-1004755640016 HTTP/1.1" 200 -
2025-04-03 08:14:33,671 - __main__ - INFO - Получен запрос: GET /api/reserves
2025-04-03 08:14:33,671 - __main__ - INFO - Заголовки: {'Host': 'localhost', 'X-Real-Ip': '172.19.0.1', 'X-Forwarded-For': '172.19.0.1', 'X-Forwarded-Proto': 'http', 'X-Forwarded-Host': 'localhost', 'X-Original-Uri': '/api/reserves', 'Connection': 'close', 'User-Agent': 'Mozilla/5.0 (iPhone; CPU iPhone OS 16_6 like Mac OS X) AppleWebKit/605.1.15 (KHTML, like Gecko) Version/16.6 Mobile/15E148 Safari/604.1', 'Accept': '*/*', 'Origin': 'http://localhost:3000', 'Sec-Fetch-Site': 'same-site', 'Sec-Fetch-Mode': 'cors', 'Sec-Fetch-Dest': 'empty', 'Referer': 'http://localhost:3000/', 'Accept-Encoding': 'gzip, deflate, br, zstd', 'Accept-Language': 'ru-RU,ru;q=0.9,en-RU;q=0.8,en;q=0.7,en-US;q=0.6'}
2025-04-03 08:14:33,671 - __main__ - INFO - Обработка запроса на /api/reserves без CORS декораторов
2025-04-03 08:14:33,677 - werkzeug - INFO - 172.19.0.8 - - [03/Apr/2025 08:14:33] "GET /api/reserves HTTP/1.1" 200 -
2025-04-03 08:14:33,764 - __main__ - INFO - Получен запрос: GET /api/reserves
2025-04-03 08:14:33,764 - __main__ - INFO - Заголовки: {'Host': 'localhost', 'X-Real-Ip': '172.19.0.1', 'X-Forwarded-For': '172.19.0.1', 'X-Forwarded-Proto': 'http', 'X-Forwarded-Host': 'localhost', 'X-Original-Uri': '/api/reserves', 'Connection': 'close', 'User-Agent': 'Mozilla/5.0 (iPhone; CPU iPhone OS 16_6 like Mac OS X) AppleWebKit/605.1.15 (KHTML, like Gecko) Version/16.6 Mobile/15E148 Safari/604.1', 'Accept': '*/*', 'Origin': 'http://localhost:3000', 'Sec-Fetch-Site': 'same-site', 'Sec-Fetch-Mode': 'cors', 'Sec-Fetch-Dest': 'empty', 'Referer': 'http://localhost:3000/', 'Accept-Encoding': 'gzip, deflate, br, zstd', 'Accept-Language': 'ru-RU,ru;q=0.9,en-RU;q=0.8,en;q=0.7,en-US;q=0.6'}
2025-04-03 08:14:33,765 - __main__ - INFO - Обработка запроса на /api/reserves без CORS декораторов
2025-04-03 08:14:33,770 - werkzeug - INFO - 172.19.0.8 - - [03/Apr/2025 08:14:33] "GET /api/reserves HTTP/1.1" 200 -
2025-04-03 08:14:37,658 - __main__ - INFO - Получен запрос: GET /api/couriers/access/settings
2025-04-03 08:14:37,659 - __main__ - INFO - Заголовки: {'Host': 'localhost', 'X-Real-Ip': '172.19.0.1', 'X-Forwarded-For': '172.19.0.1', 'X-Forwarded-Proto': 'http', 'X-Forwarded-Host': 'localhost', 'X-Original-Uri': '/api/couriers/access/settings?chat_id=-1004755640016', 'Connection': 'close', 'User-Agent': 'Mozilla/5.0 (iPhone; CPU iPhone OS 16_6 like Mac OS X) AppleWebKit/605.1.15 (KHTML, like Gecko) Version/16.6 Mobile/15E148 Safari/604.1', 'Accept': '*/*', 'Origin': 'http://localhost:3000', 'Sec-Fetch-Site': 'same-site', 'Sec-Fetch-Mode': 'cors', 'Sec-Fetch-Dest': 'empty', 'Referer': 'http://localhost:3000/', 'Accept-Encoding': 'gzip, deflate, br, zstd', 'Accept-Language': 'ru-RU,ru;q=0.9,en-RU;q=0.8,en;q=0.7,en-US;q=0.6'}
2025-04-03 08:14:37,661 - __main__ - INFO - Получен запрос: GET /api/couriers/1682142222/status
2025-04-03 08:14:37,661 - api.couriers.access.routes - INFO - 📝 Запрос настроек доступа: chat_id=-1004755640016
2025-04-03 08:14:37,661 - __main__ - INFO - Заголовки: {'Host': 'localhost', 'X-Real-Ip': '172.19.0.1', 'X-Forwarded-For': '172.19.0.1', 'X-Forwarded-Proto': 'http', 'X-Forwarded-Host': 'localhost', 'X-Original-Uri': '/api/couriers/1682142222/status?chat_id=-1004755640016', 'Connection': 'close', 'User-Agent': 'Mozilla/5.0 (iPhone; CPU iPhone OS 16_6 like Mac OS X) AppleWebKit/605.1.15 (KHTML, like Gecko) Version/16.6 Mobile/15E148 Safari/604.1', 'Accept': 'application/json, text/plain, */*', 'Origin': 'http://localhost:3000', 'Sec-Fetch-Site': 'same-site', 'Sec-Fetch-Mode': 'cors', 'Sec-Fetch-Dest': 'empty', 'Referer': 'http://localhost:3000/', 'Accept-Encoding': 'gzip, deflate, br, zstd', 'Accept-Language': 'ru-RU,ru;q=0.9,en-RU;q=0.8,en;q=0.7,en-US;q=0.6'}
2025-04-03 08:14:37,662 - api.couriers.routes - INFO - === Получение статуса курьера 1682142222 ===
2025-04-03 08:14:37,663 - api.couriers.routes - INFO - Chat ID из запроса: -1004755640016
2025-04-03 08:14:37,666 - api.couriers.access.routes - INFO - ✅ Настройки загружены: 17 полей
2025-04-03 08:14:37,666 - werkzeug - INFO - 172.19.0.8 - - [03/Apr/2025 08:14:37] "GET /api/couriers/access/settings?chat_id=-1004755640016 HTTP/1.1" 200 -
2025-04-03 08:14:37,671 - __main__ - INFO - Получен запрос: GET /api/couriers/access/settings
2025-04-03 08:14:37,672 - __main__ - INFO - Заголовки: {'Host': 'localhost', 'X-Real-Ip': '172.19.0.1', 'X-Forwarded-For': '172.19.0.1', 'X-Forwarded-Proto': 'http', 'X-Forwarded-Host': 'localhost', 'X-Original-Uri': '/api/couriers/access/settings?chat_id=-1004755640016', 'Connection': 'close', 'User-Agent': 'Mozilla/5.0 (iPhone; CPU iPhone OS 16_6 like Mac OS X) AppleWebKit/605.1.15 (KHTML, like Gecko) Version/16.6 Mobile/15E148 Safari/604.1', 'Accept': '*/*', 'Origin': 'http://localhost:3000', 'Sec-Fetch-Site': 'same-site', 'Sec-Fetch-Mode': 'cors', 'Sec-Fetch-Dest': 'empty', 'Referer': 'http://localhost:3000/', 'Accept-Encoding': 'gzip, deflate, br, zstd', 'Accept-Language': 'ru-RU,ru;q=0.9,en-RU;q=0.8,en;q=0.7,en-US;q=0.6'}
2025-04-03 08:14:37,672 - api.couriers.access.routes - INFO - 📝 Запрос настроек доступа: chat_id=-1004755640016
2025-04-03 08:14:37,676 - api.couriers.access.routes - INFO - ✅ Настройки загружены: 17 полей
2025-04-03 08:14:37,676 - werkzeug - INFO - 172.19.0.8 - - [03/Apr/2025 08:14:37] "GET /api/couriers/access/settings?chat_id=-1004755640016 HTTP/1.1" 200 -
2025-04-03 08:14:37,679 - api.couriers.routes - INFO - Возвращаем статус курьера: {'user_id': 1682142222, 'first_name': 'Андрей', 'last_name': 'Николаевич', 'username': 'andrejnikolaevich1999', 'photo_url': 'https://api.telegram.org/file/bot7878489788:AAHupjPYeWpzVwo77F_BCR6fIA1I_P8p_Uc/photos/file_0.jpg', 'chat_id': '-1004755640016', 'is_admin': True, 'is_senior_courier': True, 'active_session': None, 'wallet': {'balance': 0, 'transactions_count': 0}, 'status': 'active'}
2025-04-03 08:14:37,680 - werkzeug - INFO - 172.19.0.8 - - [03/Apr/2025 08:14:37] "GET /api/couriers/1682142222/status?chat_id=-1004755640016 HTTP/1.1" 200 -
2025-04-03 08:14:37,683 - __main__ - INFO - Получен запрос: GET /api/couriers/1682142222/status
2025-04-03 08:14:37,684 - __main__ - INFO - Заголовки: {'Host': 'localhost', 'X-Real-Ip': '172.19.0.1', 'X-Forwarded-For': '172.19.0.1', 'X-Forwarded-Proto': 'http', 'X-Forwarded-Host': 'localhost', 'X-Original-Uri': '/api/couriers/1682142222/status?chat_id=-1004755640016', 'Connection': 'close', 'User-Agent': 'Mozilla/5.0 (iPhone; CPU iPhone OS 16_6 like Mac OS X) AppleWebKit/605.1.15 (KHTML, like Gecko) Version/16.6 Mobile/15E148 Safari/604.1', 'Accept': 'application/json, text/plain, */*', 'Origin': 'http://localhost:3000', 'Sec-Fetch-Site': 'same-site', 'Sec-Fetch-Mode': 'cors', 'Sec-Fetch-Dest': 'empty', 'Referer': 'http://localhost:3000/', 'Accept-Encoding': 'gzip, deflate, br, zstd', 'Accept-Language': 'ru-RU,ru;q=0.9,en-RU;q=0.8,en;q=0.7,en-US;q=0.6'}
2025-04-03 08:14:37,684 - api.couriers.routes - INFO - === Получение статуса курьера 1682142222 ===
2025-04-03 08:14:37,685 - api.couriers.routes - INFO - Chat ID из запроса: -1004755640016
2025-04-03 08:14:37,686 - __main__ - INFO - Получен запрос: GET /api/couriers/shifts
2025-04-03 08:14:37,687 - __main__ - INFO - Заголовки: {'Host': 'localhost', 'X-Real-Ip': '172.19.0.1', 'X-Forwarded-For': '172.19.0.1', 'X-Forwarded-Proto': 'http', 'X-Forwarded-Host': 'localhost', 'X-Original-Uri': '/api/couriers/shifts?chat_id=-1004755640016', 'Connection': 'close', 'User-Agent': 'Mozilla/5.0 (iPhone; CPU iPhone OS 16_6 like Mac OS X) AppleWebKit/605.1.15 (KHTML, like Gecko) Version/16.6 Mobile/15E148 Safari/604.1', 'Accept': '*/*', 'Origin': 'http://localhost:3000', 'Sec-Fetch-Site': 'same-site', 'Sec-Fetch-Mode': 'cors', 'Sec-Fetch-Dest': 'empty', 'Referer': 'http://localhost:3000/', 'Accept-Encoding': 'gzip, deflate, br, zstd', 'Accept-Language': 'ru-RU,ru;q=0.9,en-RU;q=0.8,en;q=0.7,en-US;q=0.6'}
2025-04-03 08:14:37,688 - __main__ - INFO - Обработка запроса на /api/couriers/shifts без CORS декораторов
2025-04-03 08:14:37,692 - data.shifts - INFO - Загрузка смен из файла: /app/data/shifts.json
2025-04-03 08:14:37,693 - werkzeug - INFO - 172.19.0.8 - - [03/Apr/2025 08:14:37] "GET /api/couriers/shifts?chat_id=-1004755640016 HTTP/1.1" 200 -
2025-04-03 08:14:37,696 - api.couriers.routes - INFO - Возвращаем статус курьера: {'user_id': 1682142222, 'first_name': 'Андрей', 'last_name': 'Николаевич', 'username': 'andrejnikolaevich1999', 'photo_url': 'https://api.telegram.org/file/bot7878489788:AAHupjPYeWpzVwo77F_BCR6fIA1I_P8p_Uc/photos/file_0.jpg', 'chat_id': '-1004755640016', 'is_admin': True, 'is_senior_courier': True, 'active_session': None, 'wallet': {'balance': 0, 'transactions_count': 0}, 'status': 'active'}
2025-04-03 08:14:37,697 - werkzeug - INFO - 172.19.0.8 - - [03/Apr/2025 08:14:37] "GET /api/couriers/1682142222/status?chat_id=-1004755640016 HTTP/1.1" 200 -
2025-04-03 08:14:37,703 - __main__ - INFO - Получен запрос: GET /api/couriers/shifts
2025-04-03 08:14:37,703 - __main__ - INFO - Заголовки: {'Host': 'localhost', 'X-Real-Ip': '172.19.0.1', 'X-Forwarded-For': '172.19.0.1', 'X-Forwarded-Proto': 'http', 'X-Forwarded-Host': 'localhost', 'X-Original-Uri': '/api/couriers/shifts?chat_id=-1004755640016', 'Connection': 'close', 'User-Agent': 'Mozilla/5.0 (iPhone; CPU iPhone OS 16_6 like Mac OS X) AppleWebKit/605.1.15 (KHTML, like Gecko) Version/16.6 Mobile/15E148 Safari/604.1', 'Accept': '*/*', 'Origin': 'http://localhost:3000', 'Sec-Fetch-Site': 'same-site', 'Sec-Fetch-Mode': 'cors', 'Sec-Fetch-Dest': 'empty', 'Referer': 'http://localhost:3000/', 'Accept-Encoding': 'gzip, deflate, br, zstd', 'Accept-Language': 'ru-RU,ru;q=0.9,en-RU;q=0.8,en;q=0.7,en-US;q=0.6'}
2025-04-03 08:14:37,703 - __main__ - INFO - Обработка запроса на /api/couriers/shifts без CORS декораторов
2025-04-03 08:14:37,707 - data.shifts - INFO - Загрузка смен из файла: /app/data/shifts.json
2025-04-03 08:14:37,709 - werkzeug - INFO - 172.19.0.8 - - [03/Apr/2025 08:14:37] "GET /api/couriers/shifts?chat_id=-1004755640016 HTTP/1.1" 200 -
2025-04-03 08:14:38,568 - __main__ - INFO - Получен запрос: GET /api/couriers/shifts
2025-04-03 08:14:38,568 - __main__ - INFO - Заголовки: {'Host': 'localhost', 'X-Real-Ip': '172.19.0.1', 'X-Forwarded-For': '172.19.0.1', 'X-Forwarded-Proto': 'http', 'X-Forwarded-Host': 'localhost', 'X-Original-Uri': '/api/couriers/shifts?chat_id=-1004755640016', 'Connection': 'close', 'User-Agent': 'Mozilla/5.0 (iPhone; CPU iPhone OS 16_6 like Mac OS X) AppleWebKit/605.1.15 (KHTML, like Gecko) Version/16.6 Mobile/15E148 Safari/604.1', 'Accept': '*/*', 'Origin': 'http://localhost:3000', 'Sec-Fetch-Site': 'same-site', 'Sec-Fetch-Mode': 'cors', 'Sec-Fetch-Dest': 'empty', 'Referer': 'http://localhost:3000/', 'Accept-Encoding': 'gzip, deflate, br, zstd', 'Accept-Language': 'ru-RU,ru;q=0.9,en-RU;q=0.8,en;q=0.7,en-US;q=0.6'}
2025-04-03 08:14:38,570 - __main__ - INFO - Обработка запроса на /api/couriers/shifts без CORS декораторов
2025-04-03 08:14:38,570 - __main__ - INFO - Получен запрос: GET /api/couriers/access/settings
2025-04-03 08:14:38,571 - __main__ - INFO - Заголовки: {'Host': 'localhost', 'X-Real-Ip': '172.19.0.1', 'X-Forwarded-For': '172.19.0.1', 'X-Forwarded-Proto': 'http', 'X-Forwarded-Host': 'localhost', 'X-Original-Uri': '/api/couriers/access/settings?chat_id=-1004755640016', 'Connection': 'close', 'User-Agent': 'Mozilla/5.0 (iPhone; CPU iPhone OS 16_6 like Mac OS X) AppleWebKit/605.1.15 (KHTML, like Gecko) Version/16.6 Mobile/15E148 Safari/604.1', 'Accept': '*/*', 'Origin': 'http://localhost:3000', 'Sec-Fetch-Site': 'same-site', 'Sec-Fetch-Mode': 'cors', 'Sec-Fetch-Dest': 'empty', 'Referer': 'http://localhost:3000/', 'Accept-Encoding': 'gzip, deflate, br, zstd', 'Accept-Language': 'ru-RU,ru;q=0.9,en-RU;q=0.8,en;q=0.7,en-US;q=0.6'}
2025-04-03 08:14:38,572 - api.couriers.access.routes - INFO - 📝 Запрос настроек доступа: chat_id=-1004755640016
2025-04-03 08:14:38,575 - api.couriers.access.routes - INFO - ✅ Настройки загружены: 17 полей
2025-04-03 08:14:38,575 - data.shifts - INFO - Загрузка смен из файла: /app/data/shifts.json
2025-04-03 08:14:38,576 - werkzeug - INFO - 172.19.0.8 - - [03/Apr/2025 08:14:38] "GET /api/couriers/access/settings?chat_id=-1004755640016 HTTP/1.1" 200 -
2025-04-03 08:14:38,578 - werkzeug - INFO - 172.19.0.8 - - [03/Apr/2025 08:14:38] "GET /api/couriers/shifts?chat_id=-1004755640016 HTTP/1.1" 200 -
2025-04-03 08:14:38,584 - __main__ - INFO - Получен запрос: GET /api/couriers/shifts
2025-04-03 08:14:38,585 - __main__ - INFO - Заголовки: {'Host': 'localhost', 'X-Real-Ip': '172.19.0.1', 'X-Forwarded-For': '172.19.0.1', 'X-Forwarded-Proto': 'http', 'X-Forwarded-Host': 'localhost', 'X-Original-Uri': '/api/couriers/shifts?chat_id=-1004755640016', 'Connection': 'close', 'User-Agent': 'Mozilla/5.0 (iPhone; CPU iPhone OS 16_6 like Mac OS X) AppleWebKit/605.1.15 (KHTML, like Gecko) Version/16.6 Mobile/15E148 Safari/604.1', 'Accept': '*/*', 'Origin': 'http://localhost:3000', 'Sec-Fetch-Site': 'same-site', 'Sec-Fetch-Mode': 'cors', 'Sec-Fetch-Dest': 'empty', 'Referer': 'http://localhost:3000/', 'Accept-Encoding': 'gzip, deflate, br, zstd', 'Accept-Language': 'ru-RU,ru;q=0.9,en-RU;q=0.8,en;q=0.7,en-US;q=0.6'}
2025-04-03 08:14:38,585 - __main__ - INFO - Обработка запроса на /api/couriers/shifts без CORS декораторов
2025-04-03 08:14:38,586 - __main__ - INFO - Получен запрос: GET /api/couriers/access/settings
2025-04-03 08:14:38,587 - __main__ - INFO - Заголовки: {'Host': 'localhost', 'X-Real-Ip': '172.19.0.1', 'X-Forwarded-For': '172.19.0.1', 'X-Forwarded-Proto': 'http', 'X-Forwarded-Host': 'localhost', 'X-Original-Uri': '/api/couriers/access/settings?chat_id=-1004755640016', 'Connection': 'close', 'User-Agent': 'Mozilla/5.0 (iPhone; CPU iPhone OS 16_6 like Mac OS X) AppleWebKit/605.1.15 (KHTML, like Gecko) Version/16.6 Mobile/15E148 Safari/604.1', 'Accept': '*/*', 'Origin': 'http://localhost:3000', 'Sec-Fetch-Site': 'same-site', 'Sec-Fetch-Mode': 'cors', 'Sec-Fetch-Dest': 'empty', 'Referer': 'http://localhost:3000/', 'Accept-Encoding': 'gzip, deflate, br, zstd', 'Accept-Language': 'ru-RU,ru;q=0.9,en-RU;q=0.8,en;q=0.7,en-US;q=0.6'}
2025-04-03 08:14:38,588 - api.couriers.access.routes - INFO - 📝 Запрос настроек доступа: chat_id=-1004755640016
2025-04-03 08:14:38,591 - data.shifts - INFO - Загрузка смен из файла: /app/data/shifts.json
2025-04-03 08:14:38,592 - api.couriers.access.routes - INFO - ✅ Настройки загружены: 17 полей
2025-04-03 08:14:38,592 - werkzeug - INFO - 172.19.0.8 - - [03/Apr/2025 08:14:38] "GET /api/couriers/access/settings?chat_id=-1004755640016 HTTP/1.1" 200 -
2025-04-03 08:14:38,595 - werkzeug - INFO - 172.19.0.8 - - [03/Apr/2025 08:14:38] "GET /api/couriers/shifts?chat_id=-1004755640016 HTTP/1.1" 200 -
2025-04-03 08:14:39,103 - __main__ - INFO - Получен запрос: GET /api/couriers/shifts
2025-04-03 08:14:39,103 - __main__ - INFO - Заголовки: {'Host': 'localhost', 'X-Real-Ip': '172.19.0.1', 'X-Forwarded-For': '172.19.0.1', 'X-Forwarded-Proto': 'http', 'X-Forwarded-Host': 'localhost', 'X-Original-Uri': '/api/couriers/shifts?chat_id=-1004755640016', 'Connection': 'close', 'User-Agent': 'Mozilla/5.0 (iPhone; CPU iPhone OS 16_6 like Mac OS X) AppleWebKit/605.1.15 (KHTML, like Gecko) Version/16.6 Mobile/15E148 Safari/604.1', 'Accept': '*/*', 'Origin': 'http://localhost:3000', 'Sec-Fetch-Site': 'same-site', 'Sec-Fetch-Mode': 'cors', 'Sec-Fetch-Dest': 'empty', 'Referer': 'http://localhost:3000/', 'Accept-Encoding': 'gzip, deflate, br, zstd', 'Accept-Language': 'ru-RU,ru;q=0.9,en-RU;q=0.8,en;q=0.7,en-US;q=0.6'}
2025-04-03 08:14:39,104 - __main__ - INFO - Обработка запроса на /api/couriers/shifts без CORS декораторов
2025-04-03 08:14:39,109 - data.shifts - INFO - Загрузка смен из файла: /app/data/shifts.json
2025-04-03 08:14:39,111 - werkzeug - INFO - 172.19.0.8 - - [03/Apr/2025 08:14:39] "GET /api/couriers/shifts?chat_id=-1004755640016 HTTP/1.1" 200 -
2025-04-03 08:14:59,332 - __main__ - INFO - Получен запрос: GET /api/reserves
2025-04-03 08:14:59,333 - __main__ - INFO - Заголовки: {'Host': 'localhost', 'X-Real-Ip': '172.19.0.1', 'X-Forwarded-For': '172.19.0.1', 'X-Forwarded-Proto': 'http', 'X-Forwarded-Host': 'localhost', 'X-Original-Uri': '/api/reserves', 'Connection': 'close', 'Sec-Ch-Ua-Platform': '"Windows"', 'User-Agent': 'Mozilla/5.0 (Windows NT 10.0; Win64; x64) AppleWebKit/537.36 (KHTML, like Gecko) Chrome/134.0.0.0 Safari/537.36', 'Sec-Ch-Ua': '"Chromium";v="134", "Not:A-Brand";v="24", "Google Chrome";v="134"', 'Sec-Ch-Ua-Mobile': '?0', 'Accept': '*/*', 'Origin': 'http://localhost:3000', 'Sec-Fetch-Site': 'same-site', 'Sec-Fetch-Mode': 'cors', 'Sec-Fetch-Dest': 'empty', 'Referer': 'http://localhost:3000/', 'Accept-Encoding': 'gzip, deflate, br, zstd', 'Accept-Language': 'ru-RU,ru;q=0.9,en-RU;q=0.8,en;q=0.7,en-US;q=0.6'}
2025-04-03 08:14:59,333 - __main__ - INFO - Обработка запроса на /api/reserves без CORS декораторов
2025-04-03 08:14:59,338 - werkzeug - INFO - 172.19.0.8 - - [03/Apr/2025 08:14:59] "GET /api/reserves HTTP/1.1" 200 -
2025-04-03 08:14:59,428 - __main__ - INFO - Получен запрос: GET /api/reserves
2025-04-03 08:14:59,428 - __main__ - INFO - Заголовки: {'Host': 'localhost', 'X-Real-Ip': '172.19.0.1', 'X-Forwarded-For': '172.19.0.1', 'X-Forwarded-Proto': 'http', 'X-Forwarded-Host': 'localhost', 'X-Original-Uri': '/api/reserves', 'Connection': 'close', 'Sec-Ch-Ua-Platform': '"Windows"', 'User-Agent': 'Mozilla/5.0 (Windows NT 10.0; Win64; x64) AppleWebKit/537.36 (KHTML, like Gecko) Chrome/134.0.0.0 Safari/537.36', 'Sec-Ch-Ua': '"Chromium";v="134", "Not:A-Brand";v="24", "Google Chrome";v="134"', 'Sec-Ch-Ua-Mobile': '?0', 'Accept': '*/*', 'Origin': 'http://localhost:3000', 'Sec-Fetch-Site': 'same-site', 'Sec-Fetch-Mode': 'cors', 'Sec-Fetch-Dest': 'empty', 'Referer': 'http://localhost:3000/', 'Accept-Encoding': 'gzip, deflate, br, zstd', 'Accept-Language': 'ru-RU,ru;q=0.9,en-RU;q=0.8,en;q=0.7,en-US;q=0.6'}
2025-04-03 08:14:59,429 - __main__ - INFO - Обработка запроса на /api/reserves без CORS декораторов
2025-04-03 08:14:59,435 - werkzeug - INFO - 172.19.0.8 - - [03/Apr/2025 08:14:59] "GET /api/reserves HTTP/1.1" 200 -
2025-04-03 08:14:59,525 - __main__ - INFO - Получен запрос: GET /api/couriers/access/settings
2025-04-03 08:14:59,528 - __main__ - INFO - Заголовки: {'Host': 'localhost', 'X-Real-Ip': '172.19.0.1', 'X-Forwarded-For': '172.19.0.1', 'X-Forwarded-Proto': 'http', 'X-Forwarded-Host': 'localhost', 'X-Original-Uri': '/api/couriers/access/settings?chat_id=-1004755640016', 'Connection': 'close', 'Sec-Ch-Ua-Platform': '"Windows"', 'User-Agent': 'Mozilla/5.0 (Windows NT 10.0; Win64; x64) AppleWebKit/537.36 (KHTML, like Gecko) Chrome/134.0.0.0 Safari/537.36', 'Sec-Ch-Ua': '"Chromium";v="134", "Not:A-Brand";v="24", "Google Chrome";v="134"', 'Sec-Ch-Ua-Mobile': '?0', 'Accept': '*/*', 'Origin': 'http://localhost:3000', 'Sec-Fetch-Site': 'same-site', 'Sec-Fetch-Mode': 'cors', 'Sec-Fetch-Dest': 'empty', 'Referer': 'http://localhost:3000/', 'Accept-Encoding': 'gzip, deflate, br, zstd', 'Accept-Language': 'ru-RU,ru;q=0.9,en-RU;q=0.8,en;q=0.7,en-US;q=0.6'}
2025-04-03 08:14:59,530 - __main__ - INFO - Получен запрос: GET /api/couriers/1682142222/status
2025-04-03 08:14:59,531 - api.couriers.access.routes - INFO - 📝 Запрос настроек доступа: chat_id=-1004755640016
2025-04-03 08:14:59,531 - __main__ - INFO - Заголовки: {'Host': 'localhost', 'X-Real-Ip': '172.19.0.1', 'X-Forwarded-For': '172.19.0.1', 'X-Forwarded-Proto': 'http', 'X-Forwarded-Host': 'localhost', 'X-Original-Uri': '/api/couriers/1682142222/status?chat_id=-1004755640016', 'Connection': 'close', 'Sec-Ch-Ua-Platform': '"Windows"', 'User-Agent': 'Mozilla/5.0 (Windows NT 10.0; Win64; x64) AppleWebKit/537.36 (KHTML, like Gecko) Chrome/134.0.0.0 Safari/537.36', 'Accept': 'application/json, text/plain, */*', 'Sec-Ch-Ua': '"Chromium";v="134", "Not:A-Brand";v="24", "Google Chrome";v="134"', 'Sec-Ch-Ua-Mobile': '?0', 'Origin': 'http://localhost:3000', 'Sec-Fetch-Site': 'same-site', 'Sec-Fetch-Mode': 'cors', 'Sec-Fetch-Dest': 'empty', 'Referer': 'http://localhost:3000/', 'Accept-Encoding': 'gzip, deflate, br, zstd', 'Accept-Language': 'ru-RU,ru;q=0.9,en-RU;q=0.8,en;q=0.7,en-US;q=0.6'}
2025-04-03 08:14:59,533 - api.couriers.routes - INFO - === Получение статуса курьера 1682142222 ===
2025-04-03 08:14:59,534 - api.couriers.routes - INFO - Chat ID из запроса: -1004755640016
2025-04-03 08:14:59,540 - api.couriers.access.routes - INFO - ✅ Настройки загружены: 17 полей
2025-04-03 08:14:59,541 - werkzeug - INFO - 172.19.0.8 - - [03/Apr/2025 08:14:59] "GET /api/couriers/access/settings?chat_id=-1004755640016 HTTP/1.1" 200 -
2025-04-03 08:14:59,546 - __main__ - INFO - Получен запрос: GET /api/couriers/access/settings
2025-04-03 08:14:59,547 - __main__ - INFO - Заголовки: {'Host': 'localhost', 'X-Real-Ip': '172.19.0.1', 'X-Forwarded-For': '172.19.0.1', 'X-Forwarded-Proto': 'http', 'X-Forwarded-Host': 'localhost', 'X-Original-Uri': '/api/couriers/access/settings?chat_id=-1004755640016', 'Connection': 'close', 'Sec-Ch-Ua-Platform': '"Windows"', 'User-Agent': 'Mozilla/5.0 (Windows NT 10.0; Win64; x64) AppleWebKit/537.36 (KHTML, like Gecko) Chrome/134.0.0.0 Safari/537.36', 'Sec-Ch-Ua': '"Chromium";v="134", "Not:A-Brand";v="24", "Google Chrome";v="134"', 'Sec-Ch-Ua-Mobile': '?0', 'Accept': '*/*', 'Origin': 'http://localhost:3000', 'Sec-Fetch-Site': 'same-site', 'Sec-Fetch-Mode': 'cors', 'Sec-Fetch-Dest': 'empty', 'Referer': 'http://localhost:3000/', 'Accept-Encoding': 'gzip, deflate, br, zstd', 'Accept-Language': 'ru-RU,ru;q=0.9,en-RU;q=0.8,en;q=0.7,en-US;q=0.6'}
2025-04-03 08:14:59,548 - api.couriers.access.routes - INFO - 📝 Запрос настроек доступа: chat_id=-1004755640016
2025-04-03 08:14:59,557 - api.couriers.access.routes - INFO - ✅ Настройки загружены: 17 полей
2025-04-03 08:14:59,558 - werkzeug - INFO - 172.19.0.8 - - [03/Apr/2025 08:14:59] "GET /api/couriers/access/settings?chat_id=-1004755640016 HTTP/1.1" 200 -
2025-04-03 08:14:59,561 - api.couriers.routes - INFO - Возвращаем статус курьера: {'user_id': 1682142222, 'first_name': 'Андрей', 'last_name': 'Николаевич', 'username': 'andrejnikolaevich1999', 'photo_url': 'https://api.telegram.org/file/bot7878489788:AAHupjPYeWpzVwo77F_BCR6fIA1I_P8p_Uc/photos/file_0.jpg', 'chat_id': '-1004755640016', 'is_admin': True, 'is_senior_courier': True, 'active_session': None, 'wallet': {'balance': 0, 'transactions_count': 0}, 'status': 'active'}
2025-04-03 08:14:59,576 - werkzeug - INFO - 172.19.0.8 - - [03/Apr/2025 08:14:59] "GET /api/couriers/1682142222/status?chat_id=-1004755640016 HTTP/1.1" 200 -
2025-04-03 08:14:59,584 - __main__ - INFO - Получен запрос: GET /api/couriers/1682142222/status
2025-04-03 08:14:59,585 - __main__ - INFO - Заголовки: {'Host': 'localhost', 'X-Real-Ip': '172.19.0.1', 'X-Forwarded-For': '172.19.0.1', 'X-Forwarded-Proto': 'http', 'X-Forwarded-Host': 'localhost', 'X-Original-Uri': '/api/couriers/1682142222/status?chat_id=-1004755640016', 'Connection': 'close', 'Sec-Ch-Ua-Platform': '"Windows"', 'User-Agent': 'Mozilla/5.0 (Windows NT 10.0; Win64; x64) AppleWebKit/537.36 (KHTML, like Gecko) Chrome/134.0.0.0 Safari/537.36', 'Accept': 'application/json, text/plain, */*', 'Sec-Ch-Ua': '"Chromium";v="134", "Not:A-Brand";v="24", "Google Chrome";v="134"', 'Sec-Ch-Ua-Mobile': '?0', 'Origin': 'http://localhost:3000', 'Sec-Fetch-Site': 'same-site', 'Sec-Fetch-Mode': 'cors', 'Sec-Fetch-Dest': 'empty', 'Referer': 'http://localhost:3000/', 'Accept-Encoding': 'gzip, deflate, br, zstd', 'Accept-Language': 'ru-RU,ru;q=0.9,en-RU;q=0.8,en;q=0.7,en-US;q=0.6'}
2025-04-03 08:14:59,586 - api.couriers.routes - INFO - === Получение статуса курьера 1682142222 ===
2025-04-03 08:14:59,588 - api.couriers.routes - INFO - Chat ID из запроса: -1004755640016
2025-04-03 08:14:59,592 - __main__ - INFO - Получен запрос: GET /api/couriers/shifts
2025-04-03 08:14:59,592 - __main__ - INFO - Заголовки: {'Host': 'localhost', 'X-Real-Ip': '172.19.0.1', 'X-Forwarded-For': '172.19.0.1', 'X-Forwarded-Proto': 'http', 'X-Forwarded-Host': 'localhost', 'X-Original-Uri': '/api/couriers/shifts?chat_id=-1004755640016', 'Connection': 'close', 'Sec-Ch-Ua-Platform': '"Windows"', 'User-Agent': 'Mozilla/5.0 (Windows NT 10.0; Win64; x64) AppleWebKit/537.36 (KHTML, like Gecko) Chrome/134.0.0.0 Safari/537.36', 'Sec-Ch-Ua': '"Chromium";v="134", "Not:A-Brand";v="24", "Google Chrome";v="134"', 'Sec-Ch-Ua-Mobile': '?0', 'Accept': '*/*', 'Origin': 'http://localhost:3000', 'Sec-Fetch-Site': 'same-site', 'Sec-Fetch-Mode': 'cors', 'Sec-Fetch-Dest': 'empty', 'Referer': 'http://localhost:3000/', 'Accept-Encoding': 'gzip, deflate, br, zstd', 'Accept-Language': 'ru-RU,ru;q=0.9,en-RU;q=0.8,en;q=0.7,en-US;q=0.6'}
2025-04-03 08:14:59,593 - __main__ - INFO - Обработка запроса на /api/couriers/shifts без CORS декораторов
2025-04-03 08:14:59,598 - data.shifts - INFO - Загрузка смен из файла: /app/data/shifts.json
2025-04-03 08:14:59,600 - werkzeug - INFO - 172.19.0.8 - - [03/Apr/2025 08:14:59] "GET /api/couriers/shifts?chat_id=-1004755640016 HTTP/1.1" 200 -
2025-04-03 08:14:59,608 - api.couriers.routes - INFO - Возвращаем статус курьера: {'user_id': 1682142222, 'first_name': 'Андрей', 'last_name': 'Николаевич', 'username': 'andrejnikolaevich1999', 'photo_url': 'https://api.telegram.org/file/bot7878489788:AAHupjPYeWpzVwo77F_BCR6fIA1I_P8p_Uc/photos/file_0.jpg', 'chat_id': '-1004755640016', 'is_admin': True, 'is_senior_courier': True, 'active_session': None, 'wallet': {'balance': 0, 'transactions_count': 0}, 'status': 'active'}
2025-04-03 08:14:59,609 - werkzeug - INFO - 172.19.0.8 - - [03/Apr/2025 08:14:59] "GET /api/couriers/1682142222/status?chat_id=-1004755640016 HTTP/1.1" 200 -
2025-04-03 08:14:59,615 - __main__ - INFO - Получен запрос: GET /api/couriers/shifts
2025-04-03 08:14:59,616 - __main__ - INFO - Заголовки: {'Host': 'localhost', 'X-Real-Ip': '172.19.0.1', 'X-Forwarded-For': '172.19.0.1', 'X-Forwarded-Proto': 'http', 'X-Forwarded-Host': 'localhost', 'X-Original-Uri': '/api/couriers/shifts?chat_id=-1004755640016', 'Connection': 'close', 'Sec-Ch-Ua-Platform': '"Windows"', 'User-Agent': 'Mozilla/5.0 (Windows NT 10.0; Win64; x64) AppleWebKit/537.36 (KHTML, like Gecko) Chrome/134.0.0.0 Safari/537.36', 'Sec-Ch-Ua': '"Chromium";v="134", "Not:A-Brand";v="24", "Google Chrome";v="134"', 'Sec-Ch-Ua-Mobile': '?0', 'Accept': '*/*', 'Origin': 'http://localhost:3000', 'Sec-Fetch-Site': 'same-site', 'Sec-Fetch-Mode': 'cors', 'Sec-Fetch-Dest': 'empty', 'Referer': 'http://localhost:3000/', 'Accept-Encoding': 'gzip, deflate, br, zstd', 'Accept-Language': 'ru-RU,ru;q=0.9,en-RU;q=0.8,en;q=0.7,en-US;q=0.6'}
2025-04-03 08:14:59,616 - __main__ - INFO - Обработка запроса на /api/couriers/shifts без CORS декораторов
2025-04-03 08:14:59,624 - data.shifts - INFO - Загрузка смен из файла: /app/data/shifts.json
2025-04-03 08:14:59,627 - werkzeug - INFO - 172.19.0.8 - - [03/Apr/2025 08:14:59] "GET /api/couriers/shifts?chat_id=-1004755640016 HTTP/1.1" 200 -
2025-04-03 08:15:00,006 - __main__ - INFO - Получен запрос: POST /api/send_message
2025-04-03 08:15:00,007 - __main__ - INFO - Заголовки: {'Host': 'server:8000', 'User-Agent': 'python-requests/2.31.0', 'Accept-Encoding': 'gzip, deflate', 'Accept': '*/*', 'Connection': 'keep-alive', 'Content-Length': '1197', 'Content-Type': 'application/json'}
2025-04-03 08:15:00,008 - werkzeug - INFO - 172.19.0.7 - - [03/Apr/2025 08:15:00] "[33mPOST /api/send_message HTTP/1.1[0m" 404 -
2025-04-03 08:15:01,048 - __main__ - INFO - Получен запрос: GET /api/couriers/shifts
2025-04-03 08:15:01,048 - __main__ - INFO - Заголовки: {'Host': 'localhost', 'X-Real-Ip': '172.19.0.1', 'X-Forwarded-For': '172.19.0.1', 'X-Forwarded-Proto': 'http', 'X-Forwarded-Host': 'localhost', 'X-Original-Uri': '/api/couriers/shifts?chat_id=-1004755640016', 'Connection': 'close', 'Sec-Ch-Ua-Platform': '"Windows"', 'User-Agent': 'Mozilla/5.0 (Windows NT 10.0; Win64; x64) AppleWebKit/537.36 (KHTML, like Gecko) Chrome/134.0.0.0 Safari/537.36', 'Sec-Ch-Ua': '"Chromium";v="134", "Not:A-Brand";v="24", "Google Chrome";v="134"', 'Sec-Ch-Ua-Mobile': '?0', 'Accept': '*/*', 'Origin': 'http://localhost:3000', 'Sec-Fetch-Site': 'same-site', 'Sec-Fetch-Mode': 'cors', 'Sec-Fetch-Dest': 'empty', 'Referer': 'http://localhost:3000/', 'Accept-Encoding': 'gzip, deflate, br, zstd', 'Accept-Language': 'ru-RU,ru;q=0.9,en-RU;q=0.8,en;q=0.7,en-US;q=0.6'}
2025-04-03 08:15:01,048 - __main__ - INFO - Обработка запроса на /api/couriers/shifts без CORS декораторов
2025-04-03 08:15:01,050 - __main__ - INFO - Получен запрос: GET /api/couriers/access/settings
2025-04-03 08:15:01,051 - __main__ - INFO - Заголовки: {'Host': 'localhost', 'X-Real-Ip': '172.19.0.1', 'X-Forwarded-For': '172.19.0.1', 'X-Forwarded-Proto': 'http', 'X-Forwarded-Host': 'localhost', 'X-Original-Uri': '/api/couriers/access/settings?chat_id=-1004755640016', 'Connection': 'close', 'Sec-Ch-Ua-Platform': '"Windows"', 'User-Agent': 'Mozilla/5.0 (Windows NT 10.0; Win64; x64) AppleWebKit/537.36 (KHTML, like Gecko) Chrome/134.0.0.0 Safari/537.36', 'Sec-Ch-Ua': '"Chromium";v="134", "Not:A-Brand";v="24", "Google Chrome";v="134"', 'Sec-Ch-Ua-Mobile': '?0', 'Accept': '*/*', 'Origin': 'http://localhost:3000', 'Sec-Fetch-Site': 'same-site', 'Sec-Fetch-Mode': 'cors', 'Sec-Fetch-Dest': 'empty', 'Referer': 'http://localhost:3000/', 'Accept-Encoding': 'gzip, deflate, br, zstd', 'Accept-Language': 'ru-RU,ru;q=0.9,en-RU;q=0.8,en;q=0.7,en-US;q=0.6'}
2025-04-03 08:15:01,052 - api.couriers.access.routes - INFO - 📝 Запрос настроек доступа: chat_id=-1004755640016
2025-04-03 08:15:01,056 - api.couriers.access.routes - INFO - ✅ Настройки загружены: 17 полей
2025-04-03 08:15:01,057 - werkzeug - INFO - 172.19.0.8 - - [03/Apr/2025 08:15:01] "GET /api/couriers/access/settings?chat_id=-1004755640016 HTTP/1.1" 200 -
2025-04-03 08:15:01,059 - data.shifts - INFO - Загрузка смен из файла: /app/data/shifts.json
2025-04-03 08:15:01,061 - __main__ - INFO - Получен запрос: GET /api/couriers/access/settings
2025-04-03 08:15:01,062 - __main__ - INFO - Заголовки: {'Host': 'localhost', 'X-Real-Ip': '172.19.0.1', 'X-Forwarded-For': '172.19.0.1', 'X-Forwarded-Proto': 'http', 'X-Forwarded-Host': 'localhost', 'X-Original-Uri': '/api/couriers/access/settings?chat_id=-1004755640016', 'Connection': 'close', 'Sec-Ch-Ua-Platform': '"Windows"', 'User-Agent': 'Mozilla/5.0 (Windows NT 10.0; Win64; x64) AppleWebKit/537.36 (KHTML, like Gecko) Chrome/134.0.0.0 Safari/537.36', 'Sec-Ch-Ua': '"Chromium";v="134", "Not:A-Brand";v="24", "Google Chrome";v="134"', 'Sec-Ch-Ua-Mobile': '?0', 'Accept': '*/*', 'Origin': 'http://localhost:3000', 'Sec-Fetch-Site': 'same-site', 'Sec-Fetch-Mode': 'cors', 'Sec-Fetch-Dest': 'empty', 'Referer': 'http://localhost:3000/', 'Accept-Encoding': 'gzip, deflate, br, zstd', 'Accept-Language': 'ru-RU,ru;q=0.9,en-RU;q=0.8,en;q=0.7,en-US;q=0.6'}
2025-04-03 08:15:01,063 - werkzeug - INFO - 172.19.0.8 - - [03/Apr/2025 08:15:01] "GET /api/couriers/shifts?chat_id=-1004755640016 HTTP/1.1" 200 -
2025-04-03 08:15:01,064 - api.couriers.access.routes - INFO - 📝 Запрос настроек доступа: chat_id=-1004755640016
2025-04-03 08:15:01,070 - __main__ - INFO - Получен запрос: GET /api/couriers/shifts
2025-04-03 08:15:01,071 - __main__ - INFO - Заголовки: {'Host': 'localhost', 'X-Real-Ip': '172.19.0.1', 'X-Forwarded-For': '172.19.0.1', 'X-Forwarded-Proto': 'http', 'X-Forwarded-Host': 'localhost', 'X-Original-Uri': '/api/couriers/shifts?chat_id=-1004755640016', 'Connection': 'close', 'Sec-Ch-Ua-Platform': '"Windows"', 'User-Agent': 'Mozilla/5.0 (Windows NT 10.0; Win64; x64) AppleWebKit/537.36 (KHTML, like Gecko) Chrome/134.0.0.0 Safari/537.36', 'Sec-Ch-Ua': '"Chromium";v="134", "Not:A-Brand";v="24", "Google Chrome";v="134"', 'Sec-Ch-Ua-Mobile': '?0', 'Accept': '*/*', 'Origin': 'http://localhost:3000', 'Sec-Fetch-Site': 'same-site', 'Sec-Fetch-Mode': 'cors', 'Sec-Fetch-Dest': 'empty', 'Referer': 'http://localhost:3000/', 'Accept-Encoding': 'gzip, deflate, br, zstd', 'Accept-Language': 'ru-RU,ru;q=0.9,en-RU;q=0.8,en;q=0.7,en-US;q=0.6'}
2025-04-03 08:15:01,073 - __main__ - INFO - Обработка запроса на /api/couriers/shifts без CORS декораторов
2025-04-03 08:15:01,074 - api.couriers.access.routes - INFO - ✅ Настройки загружены: 17 полей
2025-04-03 08:15:01,075 - werkzeug - INFO - 172.19.0.8 - - [03/Apr/2025 08:15:01] "GET /api/couriers/access/settings?chat_id=-1004755640016 HTTP/1.1" 200 -
2025-04-03 08:15:01,079 - data.shifts - INFO - Загрузка смен из файла: /app/data/shifts.json
2025-04-03 08:15:01,082 - werkzeug - INFO - 172.19.0.8 - - [03/Apr/2025 08:15:01] "GET /api/couriers/shifts?chat_id=-1004755640016 HTTP/1.1" 200 -
2025-04-03 08:15:01,620 - __main__ - INFO - Получен запрос: GET /api/couriers/shifts
2025-04-03 08:15:01,621 - __main__ - INFO - Заголовки: {'Host': 'localhost', 'X-Real-Ip': '172.19.0.1', 'X-Forwarded-For': '172.19.0.1', 'X-Forwarded-Proto': 'http', 'X-Forwarded-Host': 'localhost', 'X-Original-Uri': '/api/couriers/shifts?chat_id=-1004755640016', 'Connection': 'close', 'Sec-Ch-Ua-Platform': '"Windows"', 'User-Agent': 'Mozilla/5.0 (Windows NT 10.0; Win64; x64) AppleWebKit/537.36 (KHTML, like Gecko) Chrome/134.0.0.0 Safari/537.36', 'Sec-Ch-Ua': '"Chromium";v="134", "Not:A-Brand";v="24", "Google Chrome";v="134"', 'Sec-Ch-Ua-Mobile': '?0', 'Accept': '*/*', 'Origin': 'http://localhost:3000', 'Sec-Fetch-Site': 'same-site', 'Sec-Fetch-Mode': 'cors', 'Sec-Fetch-Dest': 'empty', 'Referer': 'http://localhost:3000/', 'Accept-Encoding': 'gzip, deflate, br, zstd', 'Accept-Language': 'ru-RU,ru;q=0.9,en-RU;q=0.8,en;q=0.7,en-US;q=0.6'}
2025-04-03 08:15:01,622 - __main__ - INFO - Обработка запроса на /api/couriers/shifts без CORS декораторов
2025-04-03 08:15:01,626 - data.shifts - INFO - Загрузка смен из файла: /app/data/shifts.json
2025-04-03 08:15:01,629 - werkzeug - INFO - 172.19.0.8 - - [03/Apr/2025 08:15:01] "GET /api/couriers/shifts?chat_id=-1004755640016 HTTP/1.1" 200 -
2025-04-03 08:21:36,210 - models.database - INFO - ✅ Соединение с базой данных установлено
2025-04-03 08:21:36,213 - models.database - INFO - ✅ Таблицы успешно созданы/проверены
2025-04-03 08:21:36,214 - models.database - INFO - ✅ DatabaseService инициализирован. Подключение к базе: postgres:5432/appninjabot
2025-04-03 08:21:36,249 - data.shifts - INFO - Основной путь к файлу смен: /app/data/shifts.json
2025-04-03 08:21:36,250 - data.shifts - INFO - Альтернативный путь: /app/data/shifts.json
2025-04-03 08:21:36,250 - data.shifts - INFO - Альтернативный путь: /app/backend/data/shifts.json
2025-04-03 08:21:36,250 - data.shifts - INFO - Альтернативный путь: /app/data/shifts.json
2025-04-03 08:21:36,250 - data.shifts - INFO - Альтернативный путь: shifts.json
2025-04-03 08:21:38,076 - telegramNinjaBot.bot - INFO - Бот запущен в окружении: development
2025-04-03 08:21:41,028 - models.database - INFO - ✅ Соединение с базой данных установлено
2025-04-03 08:21:41,030 - models.database - INFO - ✅ Таблицы успешно созданы/проверены
2025-04-03 08:21:41,030 - models.database - INFO - ✅ DatabaseService инициализирован. Подключение к базе: postgres:5432/appninjabot
2025-04-03 08:21:41,034 - data.shifts - INFO - Основной путь к файлу смен: /app/data/shifts.json
2025-04-03 08:21:41,034 - data.shifts - INFO - Альтернативный путь: /app/data/shifts.json
2025-04-03 08:21:41,034 - data.shifts - INFO - Альтернативный путь: /app/backend/data/shifts.json
2025-04-03 08:21:41,035 - data.shifts - INFO - Альтернативный путь: /app/data/shifts.json
2025-04-03 08:21:41,036 - data.shifts - INFO - Альтернативный путь: shifts.json
2025-04-03 08:21:41,548 - telegramNinjaBot.bot - INFO - Бот запущен в окружении: development
2025-04-03 08:28:38,172 - models.database - ERROR - ❌ Ошибка подключения к базе данных: could not translate host name "postgres" to address: Name or service not known

2025-04-03 08:28:45,378 - models.database - ERROR - ❌ Ошибка подключения к базе данных: could not translate host name "postgres" to address: Name or service not known

2025-04-03 08:28:53,064 - models.database - ERROR - ❌ Ошибка подключения к базе данных: could not translate host name "postgres" to address: Name or service not known

2025-04-03 08:28:58,991 - models.database - ERROR - ❌ Ошибка подключения к базе данных: could not translate host name "postgres" to address: Name or service not known

2025-04-03 08:29:05,216 - models.database - ERROR - ❌ Ошибка подключения к базе данных: could not translate host name "postgres" to address: Name or service not known

2025-04-03 08:31:11,239 - models.database - INFO - ✅ Соединение с базой данных установлено
2025-04-03 08:31:11,244 - models.database - INFO - ✅ Таблицы успешно созданы/проверены
2025-04-03 08:31:11,244 - models.database - INFO - ✅ DatabaseService инициализирован. Подключение к базе: postgres:5432/appninjabot
2025-04-03 08:31:11,251 - data.shifts - INFO - Основной путь к файлу смен: /app/data/shifts.json
2025-04-03 08:31:11,251 - data.shifts - INFO - Альтернативный путь: /app/data/shifts.json
2025-04-03 08:31:11,251 - data.shifts - INFO - Альтернативный путь: /app/backend/data/shifts.json
2025-04-03 08:31:11,252 - data.shifts - INFO - Альтернативный путь: /app/data/shifts.json
2025-04-03 08:31:11,252 - data.shifts - INFO - Альтернативный путь: shifts.json
2025-04-03 08:31:12,661 - telegramNinjaBot.bot - INFO - Бот запущен в окружении: development
2025-04-03 08:31:14,747 - models.database - INFO - ✅ Соединение с базой данных установлено
2025-04-03 08:31:14,748 - models.database - INFO - ✅ Таблицы успешно созданы/проверены
2025-04-03 08:31:14,748 - models.database - INFO - ✅ DatabaseService инициализирован. Подключение к базе: postgres:5432/appninjabot
2025-04-03 08:31:14,751 - data.shifts - INFO - Основной путь к файлу смен: /app/data/shifts.json
2025-04-03 08:31:14,751 - data.shifts - INFO - Альтернативный путь: /app/data/shifts.json
2025-04-03 08:31:14,752 - data.shifts - INFO - Альтернативный путь: /app/backend/data/shifts.json
2025-04-03 08:31:14,753 - data.shifts - INFO - Альтернативный путь: /app/data/shifts.json
2025-04-03 08:31:14,753 - data.shifts - INFO - Альтернативный путь: shifts.json
2025-04-03 08:31:15,155 - telegramNinjaBot.bot - INFO - Бот запущен в окружении: development
2025-04-03 08:31:17,122 - models.database - INFO - ✅ Соединение с базой данных установлено
2025-04-03 08:31:17,124 - models.database - INFO - ✅ Таблицы успешно созданы/проверены
2025-04-03 08:31:17,124 - models.database - INFO - ✅ DatabaseService инициализирован. Подключение к базе: postgres:5432/appninjabot
2025-04-03 08:31:17,126 - data.shifts - INFO - Основной путь к файлу смен: /app/data/shifts.json
2025-04-03 08:31:17,126 - data.shifts - INFO - Альтернативный путь: /app/data/shifts.json
2025-04-03 08:31:17,127 - data.shifts - INFO - Альтернативный путь: /app/backend/data/shifts.json
2025-04-03 08:31:17,127 - data.shifts - INFO - Альтернативный путь: /app/data/shifts.json
2025-04-03 08:31:17,127 - data.shifts - INFO - Альтернативный путь: shifts.json
2025-04-03 08:31:17,568 - telegramNinjaBot.bot - INFO - Бот запущен в окружении: development
2025-04-03 08:31:19,450 - models.database - INFO - ✅ Соединение с базой данных установлено
2025-04-03 08:31:19,451 - models.database - INFO - ✅ Таблицы успешно созданы/проверены
2025-04-03 08:31:19,451 - models.database - INFO - ✅ DatabaseService инициализирован. Подключение к базе: postgres:5432/appninjabot
2025-04-03 08:31:19,454 - data.shifts - INFO - Основной путь к файлу смен: /app/data/shifts.json
2025-04-03 08:31:19,454 - data.shifts - INFO - Альтернативный путь: /app/data/shifts.json
2025-04-03 08:31:19,454 - data.shifts - INFO - Альтернативный путь: /app/backend/data/shifts.json
2025-04-03 08:31:19,455 - data.shifts - INFO - Альтернативный путь: /app/data/shifts.json
2025-04-03 08:31:19,455 - data.shifts - INFO - Альтернативный путь: shifts.json
2025-04-03 08:31:19,825 - telegramNinjaBot.bot - INFO - Бот запущен в окружении: development
2025-04-03 08:31:21,821 - models.database - INFO - ✅ Соединение с базой данных установлено
2025-04-03 08:31:21,822 - models.database - INFO - ✅ Таблицы успешно созданы/проверены
2025-04-03 08:31:21,823 - models.database - INFO - ✅ DatabaseService инициализирован. Подключение к базе: postgres:5432/appninjabot
2025-04-03 08:31:21,825 - data.shifts - INFO - Основной путь к файлу смен: /app/data/shifts.json
2025-04-03 08:31:21,825 - data.shifts - INFO - Альтернативный путь: /app/data/shifts.json
2025-04-03 08:31:21,826 - data.shifts - INFO - Альтернативный путь: /app/backend/data/shifts.json
2025-04-03 08:31:21,826 - data.shifts - INFO - Альтернативный путь: /app/data/shifts.json
2025-04-03 08:31:21,826 - data.shifts - INFO - Альтернативный путь: shifts.json
2025-04-03 08:31:22,198 - telegramNinjaBot.bot - INFO - Бот запущен в окружении: development
2025-04-03 08:31:24,925 - models.database - INFO - ✅ Соединение с базой данных установлено
2025-04-03 08:31:24,927 - models.database - INFO - ✅ Таблицы успешно созданы/проверены
2025-04-03 08:31:24,927 - models.database - INFO - ✅ DatabaseService инициализирован. Подключение к базе: postgres:5432/appninjabot
2025-04-03 08:31:24,929 - data.shifts - INFO - Основной путь к файлу смен: /app/data/shifts.json
2025-04-03 08:31:24,930 - data.shifts - INFO - Альтернативный путь: /app/data/shifts.json
2025-04-03 08:31:24,930 - data.shifts - INFO - Альтернативный путь: /app/backend/data/shifts.json
2025-04-03 08:31:24,930 - data.shifts - INFO - Альтернативный путь: /app/data/shifts.json
2025-04-03 08:31:24,931 - data.shifts - INFO - Альтернативный путь: shifts.json
2025-04-03 08:31:25,286 - telegramNinjaBot.bot - INFO - Бот запущен в окружении: development
2025-04-03 08:31:29,628 - models.database - INFO - ✅ Соединение с базой данных установлено
2025-04-03 08:31:29,629 - models.database - INFO - ✅ Таблицы успешно созданы/проверены
2025-04-03 08:31:29,630 - models.database - INFO - ✅ DatabaseService инициализирован. Подключение к базе: postgres:5432/appninjabot
2025-04-03 08:31:29,632 - data.shifts - INFO - Основной путь к файлу смен: /app/data/shifts.json
2025-04-03 08:31:29,632 - data.shifts - INFO - Альтернативный путь: /app/data/shifts.json
2025-04-03 08:31:29,632 - data.shifts - INFO - Альтернативный путь: /app/backend/data/shifts.json
2025-04-03 08:31:29,633 - data.shifts - INFO - Альтернативный путь: /app/data/shifts.json
2025-04-03 08:31:29,633 - data.shifts - INFO - Альтернативный путь: shifts.json
2025-04-03 08:31:30,008 - telegramNinjaBot.bot - INFO - Бот запущен в окружении: development
2025-04-03 08:31:37,440 - models.database - INFO - ✅ Соединение с базой данных установлено
2025-04-03 08:31:37,442 - models.database - INFO - ✅ Таблицы успешно созданы/проверены
2025-04-03 08:31:37,442 - models.database - INFO - ✅ DatabaseService инициализирован. Подключение к базе: postgres:5432/appninjabot
2025-04-03 08:31:37,444 - data.shifts - INFO - Основной путь к файлу смен: /app/data/shifts.json
2025-04-03 08:31:37,445 - data.shifts - INFO - Альтернативный путь: /app/data/shifts.json
2025-04-03 08:31:37,445 - data.shifts - INFO - Альтернативный путь: /app/backend/data/shifts.json
2025-04-03 08:31:37,445 - data.shifts - INFO - Альтернативный путь: /app/data/shifts.json
2025-04-03 08:31:37,445 - data.shifts - INFO - Альтернативный путь: shifts.json
2025-04-03 08:31:37,818 - telegramNinjaBot.bot - INFO - Бот запущен в окружении: development
2025-04-03 08:31:51,660 - models.database - INFO - ✅ Соединение с базой данных установлено
2025-04-03 08:31:51,662 - models.database - INFO - ✅ Таблицы успешно созданы/проверены
2025-04-03 08:31:51,662 - models.database - INFO - ✅ DatabaseService инициализирован. Подключение к базе: postgres:5432/appninjabot
2025-04-03 08:31:51,665 - data.shifts - INFO - Основной путь к файлу смен: /app/data/shifts.json
2025-04-03 08:31:51,665 - data.shifts - INFO - Альтернативный путь: /app/data/shifts.json
2025-04-03 08:31:51,665 - data.shifts - INFO - Альтернативный путь: /app/backend/data/shifts.json
2025-04-03 08:31:51,666 - data.shifts - INFO - Альтернативный путь: /app/data/shifts.json
2025-04-03 08:31:51,666 - data.shifts - INFO - Альтернативный путь: shifts.json
2025-04-03 08:31:52,031 - telegramNinjaBot.bot - INFO - Бот запущен в окружении: development
2025-04-03 08:32:18,797 - models.database - INFO - ✅ Соединение с базой данных установлено
2025-04-03 08:32:18,799 - models.database - INFO - ✅ Таблицы успешно созданы/проверены
2025-04-03 08:32:18,799 - models.database - INFO - ✅ DatabaseService инициализирован. Подключение к базе: postgres:5432/appninjabot
2025-04-03 08:32:18,802 - data.shifts - INFO - Основной путь к файлу смен: /app/data/shifts.json
2025-04-03 08:32:18,803 - data.shifts - INFO - Альтернативный путь: /app/data/shifts.json
2025-04-03 08:32:18,803 - data.shifts - INFO - Альтернативный путь: /app/backend/data/shifts.json
2025-04-03 08:32:18,803 - data.shifts - INFO - Альтернативный путь: /app/data/shifts.json
2025-04-03 08:32:18,803 - data.shifts - INFO - Альтернативный путь: shifts.json
2025-04-03 08:32:19,170 - telegramNinjaBot.bot - INFO - Бот запущен в окружении: development
2025-04-03 08:32:55,849 - models.database - INFO - ✅ Соединение с базой данных установлено
2025-04-03 08:32:55,850 - models.database - INFO - ✅ Таблицы успешно созданы/проверены
2025-04-03 08:32:55,850 - models.database - INFO - ✅ DatabaseService инициализирован. Подключение к базе: postgres:5432/appninjabot
2025-04-03 08:32:55,852 - data.shifts - INFO - Основной путь к файлу смен: /app/data/shifts.json
2025-04-03 08:32:55,852 - data.shifts - INFO - Альтернативный путь: /app/data/shifts.json
2025-04-03 08:32:55,853 - data.shifts - INFO - Альтернативный путь: /app/backend/data/shifts.json
2025-04-03 08:32:55,853 - data.shifts - INFO - Альтернативный путь: /app/data/shifts.json
2025-04-03 08:32:55,853 - data.shifts - INFO - Альтернативный путь: shifts.json
2025-04-03 08:32:56,203 - telegramNinjaBot.bot - INFO - Бот запущен в окружении: development
2025-04-03 08:32:56,227 - werkzeug - INFO - [31m[1mWARNING: This is a development server. Do not use it in a production deployment. Use a production WSGI server instead.[0m
 * Running on all addresses (0.0.0.0)
 * Running on http://127.0.0.1:8000
 * Running on http://172.19.0.5:8000
2025-04-03 08:32:56,228 - werkzeug - INFO - [33mPress CTRL+C to quit[0m
2025-04-03 08:33:17,441 - __main__ - INFO - Получен запрос: GET /api/reserves
2025-04-03 08:33:17,441 - __main__ - INFO - Заголовки: {'Host': 'localhost', 'X-Real-Ip': '172.19.0.1', 'X-Forwarded-For': '172.19.0.1', 'X-Forwarded-Proto': 'http', 'X-Forwarded-Host': 'localhost', 'X-Original-Uri': '/api/reserves', 'Connection': 'close', 'Sec-Ch-Ua-Platform': '"Windows"', 'User-Agent': 'Mozilla/5.0 (Windows NT 10.0; Win64; x64) AppleWebKit/537.36 (KHTML, like Gecko) Chrome/132.0.0.0 YaBrowser/25.2.0.0 Safari/537.36', 'Sec-Ch-Ua': '"Not A(Brand";v="8", "Chromium";v="132", "YaBrowser";v="25.2", "Yowser";v="2.5"', 'Sec-Ch-Ua-Mobile': '?0', 'Accept': '*/*', 'Sec-Fetch-Site': 'same-origin', 'Sec-Fetch-Mode': 'cors', 'Sec-Fetch-Dest': 'empty', 'Referer': 'http://localhost/test_client', 'Accept-Encoding': 'gzip, deflate, br, zstd', 'Accept-Language': 'ru,en;q=0.9'}
2025-04-03 08:33:17,441 - __main__ - INFO - Обработка запроса на /api/reserves без CORS декораторов
2025-04-03 08:33:17,445 - werkzeug - INFO - 172.19.0.8 - - [03/Apr/2025 08:33:17] "GET /api/reserves HTTP/1.1" 200 -
2025-04-03 08:33:17,498 - __main__ - INFO - Получен запрос: GET /api/reserves
2025-04-03 08:33:17,499 - __main__ - INFO - Заголовки: {'Host': 'localhost', 'X-Real-Ip': '172.19.0.1', 'X-Forwarded-For': '172.19.0.1', 'X-Forwarded-Proto': 'http', 'X-Forwarded-Host': 'localhost', 'X-Original-Uri': '/api/reserves', 'Connection': 'close', 'Sec-Ch-Ua-Platform': '"Windows"', 'User-Agent': 'Mozilla/5.0 (Windows NT 10.0; Win64; x64) AppleWebKit/537.36 (KHTML, like Gecko) Chrome/132.0.0.0 YaBrowser/25.2.0.0 Safari/537.36', 'Sec-Ch-Ua': '"Not A(Brand";v="8", "Chromium";v="132", "YaBrowser";v="25.2", "Yowser";v="2.5"', 'Sec-Ch-Ua-Mobile': '?0', 'Accept': '*/*', 'Sec-Fetch-Site': 'same-origin', 'Sec-Fetch-Mode': 'cors', 'Sec-Fetch-Dest': 'empty', 'Referer': 'http://localhost/test_client', 'Accept-Encoding': 'gzip, deflate, br, zstd', 'Accept-Language': 'ru,en;q=0.9'}
2025-04-03 08:33:17,499 - __main__ - INFO - Обработка запроса на /api/reserves без CORS декораторов
2025-04-03 08:33:17,503 - werkzeug - INFO - 172.19.0.8 - - [03/Apr/2025 08:33:17] "GET /api/reserves HTTP/1.1" 200 -
2025-04-03 08:34:10,443 - __main__ - INFO - Получен запрос: GET /api/reserves
2025-04-03 08:34:10,443 - __main__ - INFO - Заголовки: {'Host': 'localhost', 'X-Real-Ip': '172.19.0.1', 'X-Forwarded-For': '172.19.0.1', 'X-Forwarded-Proto': 'http', 'X-Forwarded-Host': 'localhost', 'X-Original-Uri': '/api/reserves', 'Connection': 'close', 'User-Agent': 'Mozilla/5.0 (iPhone; CPU iPhone OS 16_6 like Mac OS X) AppleWebKit/605.1.15 (KHTML, like Gecko) Version/16.6 Mobile/15E148 Safari/604.1', 'Accept': '*/*', 'Sec-Fetch-Site': 'same-origin', 'Sec-Fetch-Mode': 'cors', 'Sec-Fetch-Dest': 'empty', 'Referer': 'http://localhost/', 'Accept-Encoding': 'gzip, deflate, br, zstd', 'Accept-Language': 'ru,en;q=0.9'}
2025-04-03 08:34:10,444 - __main__ - INFO - Обработка запроса на /api/reserves без CORS декораторов
2025-04-03 08:34:10,449 - werkzeug - INFO - 172.19.0.8 - - [03/Apr/2025 08:34:10] "GET /api/reserves HTTP/1.1" 200 -
2025-04-03 08:34:10,548 - __main__ - INFO - Получен запрос: GET /api/reserves
2025-04-03 08:34:10,549 - __main__ - INFO - Заголовки: {'Host': 'localhost', 'X-Real-Ip': '172.19.0.1', 'X-Forwarded-For': '172.19.0.1', 'X-Forwarded-Proto': 'http', 'X-Forwarded-Host': 'localhost', 'X-Original-Uri': '/api/reserves', 'Connection': 'close', 'User-Agent': 'Mozilla/5.0 (iPhone; CPU iPhone OS 16_6 like Mac OS X) AppleWebKit/605.1.15 (KHTML, like Gecko) Version/16.6 Mobile/15E148 Safari/604.1', 'Accept': '*/*', 'Sec-Fetch-Site': 'same-origin', 'Sec-Fetch-Mode': 'cors', 'Sec-Fetch-Dest': 'empty', 'Referer': 'http://localhost/', 'Accept-Encoding': 'gzip, deflate, br, zstd', 'Accept-Language': 'ru,en;q=0.9'}
2025-04-03 08:34:10,549 - __main__ - INFO - Обработка запроса на /api/reserves без CORS декораторов
2025-04-03 08:34:10,554 - werkzeug - INFO - 172.19.0.8 - - [03/Apr/2025 08:34:10] "GET /api/reserves HTTP/1.1" 200 -
2025-04-03 08:34:18,741 - __main__ - INFO - Получен запрос: GET /api/couriers/access/settings
2025-04-03 08:34:18,741 - __main__ - INFO - Заголовки: {'Host': 'localhost', 'X-Real-Ip': '172.19.0.1', 'X-Forwarded-For': '172.19.0.1', 'X-Forwarded-Proto': 'http', 'X-Forwarded-Host': 'localhost', 'X-Original-Uri': '/api/couriers/access/settings?chat_id=-1004755640016', 'Connection': 'close', 'User-Agent': 'Mozilla/5.0 (iPhone; CPU iPhone OS 16_6 like Mac OS X) AppleWebKit/605.1.15 (KHTML, like Gecko) Version/16.6 Mobile/15E148 Safari/604.1', 'Accept': '*/*', 'Sec-Fetch-Site': 'same-origin', 'Sec-Fetch-Mode': 'cors', 'Sec-Fetch-Dest': 'empty', 'Referer': 'http://localhost/courier-schedule', 'Accept-Encoding': 'gzip, deflate, br, zstd', 'Accept-Language': 'ru,en;q=0.9'}
2025-04-03 08:34:18,741 - api.couriers.access.routes - INFO - 📝 Запрос настроек доступа: chat_id=-1004755640016
2025-04-03 08:34:18,744 - __main__ - INFO - Получен запрос: GET /api/couriers/1682142222/status
2025-04-03 08:34:18,745 - __main__ - INFO - Заголовки: {'Host': 'localhost', 'X-Real-Ip': '172.19.0.1', 'X-Forwarded-For': '172.19.0.1', 'X-Forwarded-Proto': 'http', 'X-Forwarded-Host': 'localhost', 'X-Original-Uri': '/api/couriers/1682142222/status?chat_id=-1004755640016', 'Connection': 'close', 'User-Agent': 'Mozilla/5.0 (iPhone; CPU iPhone OS 16_6 like Mac OS X) AppleWebKit/605.1.15 (KHTML, like Gecko) Version/16.6 Mobile/15E148 Safari/604.1', 'Accept': 'application/json, text/plain, */*', 'Sec-Fetch-Site': 'same-origin', 'Sec-Fetch-Mode': 'cors', 'Sec-Fetch-Dest': 'empty', 'Referer': 'http://localhost/courier-schedule', 'Accept-Encoding': 'gzip, deflate, br, zstd', 'Accept-Language': 'ru,en;q=0.9'}
2025-04-03 08:34:18,746 - api.couriers.routes - INFO - === Получение статуса курьера 1682142222 ===
2025-04-03 08:34:18,747 - api.couriers.routes - INFO - Chat ID из запроса: -1004755640016
2025-04-03 08:34:18,755 - api.couriers.access.routes - INFO - ✅ Настройки загружены: 17 полей
2025-04-03 08:34:18,756 - werkzeug - INFO - 172.19.0.8 - - [03/Apr/2025 08:34:18] "GET /api/couriers/access/settings?chat_id=-1004755640016 HTTP/1.1" 200 -
2025-04-03 08:34:18,759 - __main__ - INFO - Получен запрос: GET /api/couriers/access/settings
2025-04-03 08:34:18,760 - __main__ - INFO - Заголовки: {'Host': 'localhost', 'X-Real-Ip': '172.19.0.1', 'X-Forwarded-For': '172.19.0.1', 'X-Forwarded-Proto': 'http', 'X-Forwarded-Host': 'localhost', 'X-Original-Uri': '/api/couriers/access/settings?chat_id=-1004755640016', 'Connection': 'close', 'User-Agent': 'Mozilla/5.0 (iPhone; CPU iPhone OS 16_6 like Mac OS X) AppleWebKit/605.1.15 (KHTML, like Gecko) Version/16.6 Mobile/15E148 Safari/604.1', 'Accept': '*/*', 'Sec-Fetch-Site': 'same-origin', 'Sec-Fetch-Mode': 'cors', 'Sec-Fetch-Dest': 'empty', 'Referer': 'http://localhost/courier-schedule', 'Accept-Encoding': 'gzip, deflate, br, zstd', 'Accept-Language': 'ru,en;q=0.9'}
2025-04-03 08:34:18,760 - api.couriers.access.routes - INFO - 📝 Запрос настроек доступа: chat_id=-1004755640016
2025-04-03 08:34:18,763 - api.couriers.routes - INFO - Возвращаем статус курьера: {'user_id': 1682142222, 'first_name': 'Андрей', 'last_name': 'Николаевич', 'username': 'andrejnikolaevich1999', 'photo_url': 'https://api.telegram.org/file/bot7878489788:AAHupjPYeWpzVwo77F_BCR6fIA1I_P8p_Uc/photos/file_0.jpg', 'chat_id': '-1004755640016', 'is_admin': True, 'is_senior_courier': True, 'active_session': None, 'wallet': {'balance': 0, 'transactions_count': 0}, 'status': 'active'}
2025-04-03 08:34:18,764 - werkzeug - INFO - 172.19.0.8 - - [03/Apr/2025 08:34:18] "GET /api/couriers/1682142222/status?chat_id=-1004755640016 HTTP/1.1" 200 -
2025-04-03 08:34:18,765 - api.couriers.access.routes - INFO - ✅ Настройки загружены: 17 полей
2025-04-03 08:34:18,767 - werkzeug - INFO - 172.19.0.8 - - [03/Apr/2025 08:34:18] "GET /api/couriers/access/settings?chat_id=-1004755640016 HTTP/1.1" 200 -
2025-04-03 08:34:18,769 - __main__ - INFO - Получен запрос: GET /api/couriers/1682142222/status
2025-04-03 08:34:18,770 - __main__ - INFO - Заголовки: {'Host': 'localhost', 'X-Real-Ip': '172.19.0.1', 'X-Forwarded-For': '172.19.0.1', 'X-Forwarded-Proto': 'http', 'X-Forwarded-Host': 'localhost', 'X-Original-Uri': '/api/couriers/1682142222/status?chat_id=-1004755640016', 'Connection': 'close', 'User-Agent': 'Mozilla/5.0 (iPhone; CPU iPhone OS 16_6 like Mac OS X) AppleWebKit/605.1.15 (KHTML, like Gecko) Version/16.6 Mobile/15E148 Safari/604.1', 'Accept': 'application/json, text/plain, */*', 'Sec-Fetch-Site': 'same-origin', 'Sec-Fetch-Mode': 'cors', 'Sec-Fetch-Dest': 'empty', 'Referer': 'http://localhost/courier-schedule', 'Accept-Encoding': 'gzip, deflate, br, zstd', 'Accept-Language': 'ru,en;q=0.9'}
2025-04-03 08:34:18,771 - api.couriers.routes - INFO - === Получение статуса курьера 1682142222 ===
2025-04-03 08:34:18,773 - api.couriers.routes - INFO - Chat ID из запроса: -1004755640016
2025-04-03 08:34:18,774 - __main__ - INFO - Получен запрос: GET /api/couriers/shifts
2025-04-03 08:34:18,776 - __main__ - INFO - Заголовки: {'Host': 'localhost', 'X-Real-Ip': '172.19.0.1', 'X-Forwarded-For': '172.19.0.1', 'X-Forwarded-Proto': 'http', 'X-Forwarded-Host': 'localhost', 'X-Original-Uri': '/api/couriers/shifts?chat_id=-1004755640016', 'Connection': 'close', 'User-Agent': 'Mozilla/5.0 (iPhone; CPU iPhone OS 16_6 like Mac OS X) AppleWebKit/605.1.15 (KHTML, like Gecko) Version/16.6 Mobile/15E148 Safari/604.1', 'Accept': '*/*', 'Sec-Fetch-Site': 'same-origin', 'Sec-Fetch-Mode': 'cors', 'Sec-Fetch-Dest': 'empty', 'Referer': 'http://localhost/courier-schedule', 'Accept-Encoding': 'gzip, deflate, br, zstd', 'Accept-Language': 'ru,en;q=0.9'}
2025-04-03 08:34:18,776 - __main__ - INFO - Обработка запроса на /api/couriers/shifts без CORS декораторов
2025-04-03 08:34:18,782 - data.shifts - INFO - Загрузка смен из файла: /app/data/shifts.json
2025-04-03 08:34:18,784 - werkzeug - INFO - 172.19.0.8 - - [03/Apr/2025 08:34:18] "GET /api/couriers/shifts?chat_id=-1004755640016 HTTP/1.1" 200 -
2025-04-03 08:34:18,787 - api.couriers.routes - INFO - Возвращаем статус курьера: {'user_id': 1682142222, 'first_name': 'Андрей', 'last_name': 'Николаевич', 'username': 'andrejnikolaevich1999', 'photo_url': 'https://api.telegram.org/file/bot7878489788:AAHupjPYeWpzVwo77F_BCR6fIA1I_P8p_Uc/photos/file_0.jpg', 'chat_id': '-1004755640016', 'is_admin': True, 'is_senior_courier': True, 'active_session': None, 'wallet': {'balance': 0, 'transactions_count': 0}, 'status': 'active'}
2025-04-03 08:34:18,788 - werkzeug - INFO - 172.19.0.8 - - [03/Apr/2025 08:34:18] "GET /api/couriers/1682142222/status?chat_id=-1004755640016 HTTP/1.1" 200 -
2025-04-03 08:34:18,793 - __main__ - INFO - Получен запрос: GET /api/couriers/shifts
2025-04-03 08:34:18,794 - __main__ - INFO - Заголовки: {'Host': 'localhost', 'X-Real-Ip': '172.19.0.1', 'X-Forwarded-For': '172.19.0.1', 'X-Forwarded-Proto': 'http', 'X-Forwarded-Host': 'localhost', 'X-Original-Uri': '/api/couriers/shifts?chat_id=-1004755640016', 'Connection': 'close', 'User-Agent': 'Mozilla/5.0 (iPhone; CPU iPhone OS 16_6 like Mac OS X) AppleWebKit/605.1.15 (KHTML, like Gecko) Version/16.6 Mobile/15E148 Safari/604.1', 'Accept': '*/*', 'Sec-Fetch-Site': 'same-origin', 'Sec-Fetch-Mode': 'cors', 'Sec-Fetch-Dest': 'empty', 'Referer': 'http://localhost/courier-schedule', 'Accept-Encoding': 'gzip, deflate, br, zstd', 'Accept-Language': 'ru,en;q=0.9'}
2025-04-03 08:34:18,794 - __main__ - INFO - Обработка запроса на /api/couriers/shifts без CORS декораторов
2025-04-03 08:34:18,800 - data.shifts - INFO - Загрузка смен из файла: /app/data/shifts.json
2025-04-03 08:34:18,802 - werkzeug - INFO - 172.19.0.8 - - [03/Apr/2025 08:34:18] "GET /api/couriers/shifts?chat_id=-1004755640016 HTTP/1.1" 200 -
2025-04-03 08:34:49,812 - __main__ - INFO - Получен запрос: POST /api/couriers/access/settings
2025-04-03 08:34:49,812 - __main__ - INFO - Заголовки: {'Host': 'localhost', 'X-Real-Ip': '172.19.0.1', 'X-Forwarded-For': '172.19.0.1', 'X-Forwarded-Proto': 'http', 'X-Forwarded-Host': 'localhost', 'X-Original-Uri': '/api/couriers/access/settings', 'Connection': 'close', 'Content-Length': '388', 'User-Agent': 'Mozilla/5.0 (iPhone; CPU iPhone OS 16_6 like Mac OS X) AppleWebKit/605.1.15 (KHTML, like Gecko) Version/16.6 Mobile/15E148 Safari/604.1', 'Content-Type': 'application/json', 'Accept': '*/*', 'Origin': 'http://localhost', 'Sec-Fetch-Site': 'same-origin', 'Sec-Fetch-Mode': 'cors', 'Sec-Fetch-Dest': 'empty', 'Referer': 'http://localhost/courier-schedule', 'Accept-Encoding': 'gzip, deflate, br, zstd', 'Accept-Language': 'ru,en;q=0.9'}
2025-04-03 08:34:49,813 - api.couriers.access.routes - INFO - 📝 Получены данные для обновления настроек доступа:
2025-04-03 08:34:49,813 - api.couriers.access.routes - INFO - 🔑 Ключи в запросе: ['chat_id', 'allowMultipleShifts', 'autoApprove', 'allowSameDay', 'registrationStartDay', 'registrationStartHour', 'registrationStartMinute', 'offsetType', 'offsetAmount', 'periodLength', 'isAlwaysActive', 'activeStartDate', 'activeEndDate', 'daysAhead', 'enabledDates', 'restrictedUsers', 'lastUpdated']
2025-04-03 08:34:49,833 - api.couriers.access.routes - INFO - ✅ Настройки успешно обновлены
2025-04-03 08:34:49,834 - api.couriers.access.routes - INFO - 🔑 Ключи в обновленных настройках: ['chat_id', 'allowMultipleShifts', 'autoApprove', 'allowSameDay', 'registrationStartDay', 'registrationStartHour', 'registrationStartMinute', 'offsetType', 'offsetAmount', 'periodLength', 'isAlwaysActive', 'activeStartDate', 'activeEndDate', 'daysAhead', 'enabledDates', 'restrictedUsers', 'lastUpdated']
2025-04-03 08:34:49,834 - api.couriers.access.routes - INFO - 📤 Отправка запроса на применение настроек с chat_id=-1004755640016
2025-04-03 08:34:49,837 - urllib3.connectionpool - DEBUG - Starting new HTTP connection (1): scheduler:8002
2025-04-03 08:34:49,861 - urllib3.connectionpool - DEBUG - http://scheduler:8002 "POST /apply-access-settings HTTP/1.1" 200 297
2025-04-03 08:34:49,862 - api.couriers.access.routes - INFO - ✅ Запрос на применение настроек успешно отправлен
2025-04-03 08:34:49,863 - api.couriers.access.routes - INFO - 📤 Отправка запроса на перезагрузку задач
2025-04-03 08:34:49,864 - urllib3.connectionpool - DEBUG - Starting new HTTP connection (1): scheduler:8002
2025-04-03 08:34:49,875 - urllib3.connectionpool - DEBUG - http://scheduler:8002 "POST /scheduler/reload-tasks HTTP/1.1" 200 233
2025-04-03 08:34:49,875 - api.couriers.access.routes - INFO - ✅ Запрос на перезагрузку задач успешно отправлен
2025-04-03 08:34:49,876 - werkzeug - INFO - 172.19.0.8 - - [03/Apr/2025 08:34:49] "POST /api/couriers/access/settings HTTP/1.1" 200 -
2025-04-03 08:35:25,414 - __main__ - INFO - Получен запрос: GET /api/couriers/shifts
2025-04-03 08:35:25,414 - __main__ - INFO - Заголовки: {'Host': 'localhost', 'X-Real-Ip': '172.19.0.1', 'X-Forwarded-For': '172.19.0.1', 'X-Forwarded-Proto': 'http', 'X-Forwarded-Host': 'localhost', 'X-Original-Uri': '/api/couriers/shifts?chat_id=-1004755640016', 'Connection': 'close', 'User-Agent': 'Mozilla/5.0 (iPhone; CPU iPhone OS 16_6 like Mac OS X) AppleWebKit/605.1.15 (KHTML, like Gecko) Version/16.6 Mobile/15E148 Safari/604.1', 'Accept': '*/*', 'Sec-Fetch-Site': 'same-origin', 'Sec-Fetch-Mode': 'cors', 'Sec-Fetch-Dest': 'empty', 'Referer': 'http://localhost/courier-schedule', 'Accept-Encoding': 'gzip, deflate, br, zstd', 'Accept-Language': 'ru,en;q=0.9'}
2025-04-03 08:35:25,415 - __main__ - INFO - Обработка запроса на /api/couriers/shifts без CORS декораторов
2025-04-03 08:35:25,417 - __main__ - INFO - Получен запрос: GET /api/couriers/access/settings
2025-04-03 08:35:25,418 - __main__ - INFO - Заголовки: {'Host': 'localhost', 'X-Real-Ip': '172.19.0.1', 'X-Forwarded-For': '172.19.0.1', 'X-Forwarded-Proto': 'http', 'X-Forwarded-Host': 'localhost', 'X-Original-Uri': '/api/couriers/access/settings?chat_id=-1004755640016', 'Connection': 'close', 'User-Agent': 'Mozilla/5.0 (iPhone; CPU iPhone OS 16_6 like Mac OS X) AppleWebKit/605.1.15 (KHTML, like Gecko) Version/16.6 Mobile/15E148 Safari/604.1', 'Accept': '*/*', 'Sec-Fetch-Site': 'same-origin', 'Sec-Fetch-Mode': 'cors', 'Sec-Fetch-Dest': 'empty', 'Referer': 'http://localhost/courier-schedule', 'Accept-Encoding': 'gzip, deflate, br, zstd', 'Accept-Language': 'ru,en;q=0.9'}
2025-04-03 08:35:25,418 - api.couriers.access.routes - INFO - 📝 Запрос настроек доступа: chat_id=-1004755640016
2025-04-03 08:35:25,420 - data.shifts - INFO - Загрузка смен из файла: /app/data/shifts.json
2025-04-03 08:35:25,421 - api.couriers.access.routes - INFO - ✅ Настройки загружены: 17 полей
2025-04-03 08:35:25,421 - werkzeug - INFO - 172.19.0.8 - - [03/Apr/2025 08:35:25] "GET /api/couriers/access/settings?chat_id=-1004755640016 HTTP/1.1" 200 -
2025-04-03 08:35:25,422 - werkzeug - INFO - 172.19.0.8 - - [03/Apr/2025 08:35:25] "GET /api/couriers/shifts?chat_id=-1004755640016 HTTP/1.1" 200 -
2025-04-03 08:35:25,430 - __main__ - INFO - Получен запрос: GET /api/couriers/shifts
2025-04-03 08:35:25,430 - __main__ - INFO - Заголовки: {'Host': 'localhost', 'X-Real-Ip': '172.19.0.1', 'X-Forwarded-For': '172.19.0.1', 'X-Forwarded-Proto': 'http', 'X-Forwarded-Host': 'localhost', 'X-Original-Uri': '/api/couriers/shifts?chat_id=-1004755640016', 'Connection': 'close', 'User-Agent': 'Mozilla/5.0 (iPhone; CPU iPhone OS 16_6 like Mac OS X) AppleWebKit/605.1.15 (KHTML, like Gecko) Version/16.6 Mobile/15E148 Safari/604.1', 'Accept': '*/*', 'Sec-Fetch-Site': 'same-origin', 'Sec-Fetch-Mode': 'cors', 'Sec-Fetch-Dest': 'empty', 'Referer': 'http://localhost/courier-schedule', 'Accept-Encoding': 'gzip, deflate, br, zstd', 'Accept-Language': 'ru,en;q=0.9'}
2025-04-03 08:35:25,431 - __main__ - INFO - Получен запрос: GET /api/couriers/access/settings
2025-04-03 08:35:25,431 - __main__ - INFO - Обработка запроса на /api/couriers/shifts без CORS декораторов
2025-04-03 08:35:25,431 - __main__ - INFO - Заголовки: {'Host': 'localhost', 'X-Real-Ip': '172.19.0.1', 'X-Forwarded-For': '172.19.0.1', 'X-Forwarded-Proto': 'http', 'X-Forwarded-Host': 'localhost', 'X-Original-Uri': '/api/couriers/access/settings?chat_id=-1004755640016', 'Connection': 'close', 'User-Agent': 'Mozilla/5.0 (iPhone; CPU iPhone OS 16_6 like Mac OS X) AppleWebKit/605.1.15 (KHTML, like Gecko) Version/16.6 Mobile/15E148 Safari/604.1', 'Accept': '*/*', 'Sec-Fetch-Site': 'same-origin', 'Sec-Fetch-Mode': 'cors', 'Sec-Fetch-Dest': 'empty', 'Referer': 'http://localhost/courier-schedule', 'Accept-Encoding': 'gzip, deflate, br, zstd', 'Accept-Language': 'ru,en;q=0.9'}
2025-04-03 08:35:25,432 - api.couriers.access.routes - INFO - 📝 Запрос настроек доступа: chat_id=-1004755640016
2025-04-03 08:35:25,435 - data.shifts - INFO - Загрузка смен из файла: /app/data/shifts.json
2025-04-03 08:35:25,435 - api.couriers.access.routes - INFO - ✅ Настройки загружены: 17 полей
2025-04-03 08:35:25,436 - werkzeug - INFO - 172.19.0.8 - - [03/Apr/2025 08:35:25] "GET /api/couriers/access/settings?chat_id=-1004755640016 HTTP/1.1" 200 -
2025-04-03 08:35:25,437 - werkzeug - INFO - 172.19.0.8 - - [03/Apr/2025 08:35:25] "GET /api/couriers/shifts?chat_id=-1004755640016 HTTP/1.1" 200 -
2025-04-03 08:35:25,986 - __main__ - INFO - Получен запрос: GET /api/couriers/shifts
2025-04-03 08:35:25,987 - __main__ - INFO - Заголовки: {'Host': 'localhost', 'X-Real-Ip': '172.19.0.1', 'X-Forwarded-For': '172.19.0.1', 'X-Forwarded-Proto': 'http', 'X-Forwarded-Host': 'localhost', 'X-Original-Uri': '/api/couriers/shifts?chat_id=-1004755640016', 'Connection': 'close', 'User-Agent': 'Mozilla/5.0 (iPhone; CPU iPhone OS 16_6 like Mac OS X) AppleWebKit/605.1.15 (KHTML, like Gecko) Version/16.6 Mobile/15E148 Safari/604.1', 'Accept': '*/*', 'Sec-Fetch-Site': 'same-origin', 'Sec-Fetch-Mode': 'cors', 'Sec-Fetch-Dest': 'empty', 'Referer': 'http://localhost/courier-schedule', 'Accept-Encoding': 'gzip, deflate, br, zstd', 'Accept-Language': 'ru,en;q=0.9'}
2025-04-03 08:35:25,987 - __main__ - INFO - Обработка запроса на /api/couriers/shifts без CORS декораторов
2025-04-03 08:35:25,992 - data.shifts - INFO - Загрузка смен из файла: /app/data/shifts.json
2025-04-03 08:35:25,993 - werkzeug - INFO - 172.19.0.8 - - [03/Apr/2025 08:35:25] "GET /api/couriers/shifts?chat_id=-1004755640016 HTTP/1.1" 200 -
2025-04-03 08:46:32,747 - models.database - INFO - ✅ Соединение с базой данных установлено
2025-04-03 08:46:32,748 - models.database - INFO - ✅ Таблица access_settings успешно создана или уже существует
2025-04-03 08:46:32,775 - models.database - INFO - ✅ Таблица shifts успешно создана или уже существует
2025-04-03 08:46:32,775 - models.database - INFO - ✅ Все необходимые таблицы успешно созданы или уже существуют
2025-04-03 08:46:32,775 - models.database - INFO - ✅ DatabaseService инициализирован. Подключение к базе: postgres:5432/appninjabot
2025-04-03 08:46:32,998 - data.shifts - INFO - Основной путь к файлу смен: /app/data/shifts.json
2025-04-03 08:46:32,999 - data.shifts - INFO - Альтернативный путь: /app/data/shifts.json
2025-04-03 08:46:32,999 - data.shifts - INFO - Альтернативный путь: /app/backend/data/shifts.json
2025-04-03 08:46:32,999 - data.shifts - INFO - Альтернативный путь: /app/data/shifts.json
2025-04-03 08:46:33,000 - data.shifts - INFO - Альтернативный путь: shifts.json
2025-04-03 08:46:33,353 - telegramNinjaBot.bot - INFO - Бот запущен в окружении: development
2025-04-03 08:46:33,369 - werkzeug - INFO - [31m[1mWARNING: This is a development server. Do not use it in a production deployment. Use a production WSGI server instead.[0m
 * Running on all addresses (0.0.0.0)
 * Running on http://127.0.0.1:8000
 * Running on http://172.19.0.5:8000
2025-04-03 08:46:33,370 - werkzeug - INFO - [33mPress CTRL+C to quit[0m
2025-04-03 08:50:16,291 - __main__ - INFO - Получен запрос: GET /api/reserves
2025-04-03 08:50:16,292 - __main__ - INFO - Заголовки: {'Host': 'localhost', 'X-Real-Ip': '172.19.0.1', 'X-Forwarded-For': '172.19.0.1', 'X-Forwarded-Proto': 'http', 'X-Forwarded-Host': 'localhost', 'X-Original-Uri': '/api/reserves', 'Connection': 'close', 'Sec-Ch-Ua-Platform': '"Windows"', 'User-Agent': 'Mozilla/5.0 (Windows NT 10.0; Win64; x64) AppleWebKit/537.36 (KHTML, like Gecko) Chrome/132.0.0.0 YaBrowser/25.2.0.0 Safari/537.36', 'Sec-Ch-Ua': '"Not A(Brand";v="8", "Chromium";v="132", "YaBrowser";v="25.2", "Yowser";v="2.5"', 'Sec-Ch-Ua-Mobile': '?0', 'Accept': '*/*', 'Sec-Fetch-Site': 'same-origin', 'Sec-Fetch-Mode': 'cors', 'Sec-Fetch-Dest': 'empty', 'Referer': 'http://localhost/courier-schedule', 'Accept-Encoding': 'gzip, deflate, br, zstd', 'Accept-Language': 'ru,en;q=0.9'}
2025-04-03 08:50:16,292 - __main__ - INFO - Обработка запроса на /api/reserves без CORS декораторов
2025-04-03 08:50:16,295 - werkzeug - INFO - 172.19.0.8 - - [03/Apr/2025 08:50:16] "GET /api/reserves HTTP/1.1" 200 -
2025-04-03 08:50:16,403 - __main__ - INFO - Получен запрос: GET /api/reserves
2025-04-03 08:50:16,403 - __main__ - INFO - Заголовки: {'Host': 'localhost', 'X-Real-Ip': '172.19.0.1', 'X-Forwarded-For': '172.19.0.1', 'X-Forwarded-Proto': 'http', 'X-Forwarded-Host': 'localhost', 'X-Original-Uri': '/api/reserves', 'Connection': 'close', 'Sec-Ch-Ua-Platform': '"Windows"', 'User-Agent': 'Mozilla/5.0 (Windows NT 10.0; Win64; x64) AppleWebKit/537.36 (KHTML, like Gecko) Chrome/132.0.0.0 YaBrowser/25.2.0.0 Safari/537.36', 'Sec-Ch-Ua': '"Not A(Brand";v="8", "Chromium";v="132", "YaBrowser";v="25.2", "Yowser";v="2.5"', 'Sec-Ch-Ua-Mobile': '?0', 'Accept': '*/*', 'Sec-Fetch-Site': 'same-origin', 'Sec-Fetch-Mode': 'cors', 'Sec-Fetch-Dest': 'empty', 'Referer': 'http://localhost/courier-schedule', 'Accept-Encoding': 'gzip, deflate, br, zstd', 'Accept-Language': 'ru,en;q=0.9'}
2025-04-03 08:50:16,404 - __main__ - INFO - Обработка запроса на /api/reserves без CORS декораторов
2025-04-03 08:50:16,410 - werkzeug - INFO - 172.19.0.8 - - [03/Apr/2025 08:50:16] "GET /api/reserves HTTP/1.1" 200 -
2025-04-03 08:50:16,500 - __main__ - INFO - Получен запрос: GET /api/couriers/access/settings
2025-04-03 08:50:16,500 - __main__ - INFO - Заголовки: {'Host': 'localhost', 'X-Real-Ip': '172.19.0.1', 'X-Forwarded-For': '172.19.0.1', 'X-Forwarded-Proto': 'http', 'X-Forwarded-Host': 'localhost', 'X-Original-Uri': '/api/couriers/access/settings?chat_id=-1004755640016', 'Connection': 'close', 'Sec-Ch-Ua-Platform': '"Windows"', 'User-Agent': 'Mozilla/5.0 (Windows NT 10.0; Win64; x64) AppleWebKit/537.36 (KHTML, like Gecko) Chrome/132.0.0.0 YaBrowser/25.2.0.0 Safari/537.36', 'Sec-Ch-Ua': '"Not A(Brand";v="8", "Chromium";v="132", "YaBrowser";v="25.2", "Yowser";v="2.5"', 'Sec-Ch-Ua-Mobile': '?0', 'Accept': '*/*', 'Sec-Fetch-Site': 'same-origin', 'Sec-Fetch-Mode': 'cors', 'Sec-Fetch-Dest': 'empty', 'Referer': 'http://localhost/courier-schedule', 'Accept-Encoding': 'gzip, deflate, br, zstd', 'Accept-Language': 'ru,en;q=0.9'}
2025-04-03 08:50:16,501 - api.couriers.access.routes - INFO - 📝 Запрос настроек доступа: chat_id=-1004755640016
2025-04-03 08:50:16,508 - __main__ - INFO - Получен запрос: GET /api/couriers/1682142222/status
2025-04-03 08:50:16,509 - __main__ - INFO - Заголовки: {'Host': 'localhost', 'X-Real-Ip': '172.19.0.1', 'X-Forwarded-For': '172.19.0.1', 'X-Forwarded-Proto': 'http', 'X-Forwarded-Host': 'localhost', 'X-Original-Uri': '/api/couriers/1682142222/status?chat_id=-1004755640016', 'Connection': 'close', 'Sec-Ch-Ua-Platform': '"Windows"', 'User-Agent': 'Mozilla/5.0 (Windows NT 10.0; Win64; x64) AppleWebKit/537.36 (KHTML, like Gecko) Chrome/132.0.0.0 YaBrowser/25.2.0.0 Safari/537.36', 'Accept': 'application/json, text/plain, */*', 'Sec-Ch-Ua': '"Not A(Brand";v="8", "Chromium";v="132", "YaBrowser";v="25.2", "Yowser";v="2.5"', 'Sec-Ch-Ua-Mobile': '?0', 'Sec-Fetch-Site': 'same-origin', 'Sec-Fetch-Mode': 'cors', 'Sec-Fetch-Dest': 'empty', 'Referer': 'http://localhost/courier-schedule', 'Accept-Encoding': 'gzip, deflate, br, zstd', 'Accept-Language': 'ru,en;q=0.9'}
2025-04-03 08:50:16,509 - api.couriers.routes - INFO - === Получение статуса курьера 1682142222 ===
2025-04-03 08:50:16,511 - api.couriers.routes - INFO - Chat ID из запроса: -1004755640016
2025-04-03 08:50:16,515 - api.couriers.access.routes - INFO - ✅ Настройки загружены: 17 полей
2025-04-03 08:50:16,516 - werkzeug - INFO - 172.19.0.8 - - [03/Apr/2025 08:50:16] "GET /api/couriers/access/settings?chat_id=-1004755640016 HTTP/1.1" 200 -
2025-04-03 08:50:16,520 - __main__ - INFO - Получен запрос: GET /api/couriers/access/settings
2025-04-03 08:50:16,521 - __main__ - INFO - Заголовки: {'Host': 'localhost', 'X-Real-Ip': '172.19.0.1', 'X-Forwarded-For': '172.19.0.1', 'X-Forwarded-Proto': 'http', 'X-Forwarded-Host': 'localhost', 'X-Original-Uri': '/api/couriers/access/settings?chat_id=-1004755640016', 'Connection': 'close', 'Sec-Ch-Ua-Platform': '"Windows"', 'User-Agent': 'Mozilla/5.0 (Windows NT 10.0; Win64; x64) AppleWebKit/537.36 (KHTML, like Gecko) Chrome/132.0.0.0 YaBrowser/25.2.0.0 Safari/537.36', 'Sec-Ch-Ua': '"Not A(Brand";v="8", "Chromium";v="132", "YaBrowser";v="25.2", "Yowser";v="2.5"', 'Sec-Ch-Ua-Mobile': '?0', 'Accept': '*/*', 'Sec-Fetch-Site': 'same-origin', 'Sec-Fetch-Mode': 'cors', 'Sec-Fetch-Dest': 'empty', 'Referer': 'http://localhost/courier-schedule', 'Accept-Encoding': 'gzip, deflate, br, zstd', 'Accept-Language': 'ru,en;q=0.9'}
2025-04-03 08:50:16,524 - api.couriers.routes - INFO - Возвращаем статус курьера: {'user_id': 1682142222, 'first_name': 'Андрей', 'last_name': 'Николаевич', 'username': 'andrejnikolaevich1999', 'photo_url': 'https://api.telegram.org/file/bot7878489788:AAHupjPYeWpzVwo77F_BCR6fIA1I_P8p_Uc/photos/file_0.jpg', 'chat_id': '-1004755640016', 'is_admin': True, 'is_senior_courier': True, 'active_session': None, 'wallet': {'balance': 0, 'transactions_count': 0}, 'status': 'active'}
2025-04-03 08:50:16,525 - api.couriers.access.routes - INFO - 📝 Запрос настроек доступа: chat_id=-1004755640016
2025-04-03 08:50:16,529 - werkzeug - INFO - 172.19.0.8 - - [03/Apr/2025 08:50:16] "GET /api/couriers/1682142222/status?chat_id=-1004755640016 HTTP/1.1" 200 -
2025-04-03 08:50:16,535 - api.couriers.access.routes - INFO - ✅ Настройки загружены: 17 полей
2025-04-03 08:50:16,537 - __main__ - INFO - Получен запрос: GET /api/couriers/1682142222/status
2025-04-03 08:50:16,538 - werkzeug - INFO - 172.19.0.8 - - [03/Apr/2025 08:50:16] "GET /api/couriers/access/settings?chat_id=-1004755640016 HTTP/1.1" 200 -
2025-04-03 08:50:16,542 - __main__ - INFO - Заголовки: {'Host': 'localhost', 'X-Real-Ip': '172.19.0.1', 'X-Forwarded-For': '172.19.0.1', 'X-Forwarded-Proto': 'http', 'X-Forwarded-Host': 'localhost', 'X-Original-Uri': '/api/couriers/1682142222/status?chat_id=-1004755640016', 'Connection': 'close', 'Sec-Ch-Ua-Platform': '"Windows"', 'User-Agent': 'Mozilla/5.0 (Windows NT 10.0; Win64; x64) AppleWebKit/537.36 (KHTML, like Gecko) Chrome/132.0.0.0 YaBrowser/25.2.0.0 Safari/537.36', 'Accept': 'application/json, text/plain, */*', 'Sec-Ch-Ua': '"Not A(Brand";v="8", "Chromium";v="132", "YaBrowser";v="25.2", "Yowser";v="2.5"', 'Sec-Ch-Ua-Mobile': '?0', 'Sec-Fetch-Site': 'same-origin', 'Sec-Fetch-Mode': 'cors', 'Sec-Fetch-Dest': 'empty', 'Referer': 'http://localhost/courier-schedule', 'Accept-Encoding': 'gzip, deflate, br, zstd', 'Accept-Language': 'ru,en;q=0.9'}
2025-04-03 08:50:16,545 - api.couriers.routes - INFO - === Получение статуса курьера 1682142222 ===
2025-04-03 08:50:16,546 - api.couriers.routes - INFO - Chat ID из запроса: -1004755640016
2025-04-03 08:50:16,551 - __main__ - INFO - Получен запрос: GET /api/couriers/shifts
2025-04-03 08:50:16,552 - __main__ - INFO - Заголовки: {'Host': 'localhost', 'X-Real-Ip': '172.19.0.1', 'X-Forwarded-For': '172.19.0.1', 'X-Forwarded-Proto': 'http', 'X-Forwarded-Host': 'localhost', 'X-Original-Uri': '/api/couriers/shifts?chat_id=-1004755640016', 'Connection': 'close', 'Sec-Ch-Ua-Platform': '"Windows"', 'User-Agent': 'Mozilla/5.0 (Windows NT 10.0; Win64; x64) AppleWebKit/537.36 (KHTML, like Gecko) Chrome/132.0.0.0 YaBrowser/25.2.0.0 Safari/537.36', 'Sec-Ch-Ua': '"Not A(Brand";v="8", "Chromium";v="132", "YaBrowser";v="25.2", "Yowser";v="2.5"', 'Sec-Ch-Ua-Mobile': '?0', 'Accept': '*/*', 'Sec-Fetch-Site': 'same-origin', 'Sec-Fetch-Mode': 'cors', 'Sec-Fetch-Dest': 'empty', 'Referer': 'http://localhost/courier-schedule', 'Accept-Encoding': 'gzip, deflate, br, zstd', 'Accept-Language': 'ru,en;q=0.9'}
2025-04-03 08:50:16,552 - __main__ - INFO - Обработка запроса на /api/couriers/shifts без CORS декораторов
2025-04-03 08:50:16,554 - werkzeug - INFO - 172.19.0.8 - - [03/Apr/2025 08:50:16] "GET /api/couriers/shifts?chat_id=-1004755640016 HTTP/1.1" 200 -
2025-04-03 08:50:16,558 - api.couriers.routes - INFO - Возвращаем статус курьера: {'user_id': 1682142222, 'first_name': 'Андрей', 'last_name': 'Николаевич', 'username': 'andrejnikolaevich1999', 'photo_url': 'https://api.telegram.org/file/bot7878489788:AAHupjPYeWpzVwo77F_BCR6fIA1I_P8p_Uc/photos/file_0.jpg', 'chat_id': '-1004755640016', 'is_admin': True, 'is_senior_courier': True, 'active_session': None, 'wallet': {'balance': 0, 'transactions_count': 0}, 'status': 'active'}
2025-04-03 08:50:16,559 - werkzeug - INFO - 172.19.0.8 - - [03/Apr/2025 08:50:16] "GET /api/couriers/1682142222/status?chat_id=-1004755640016 HTTP/1.1" 200 -
2025-04-03 08:50:16,564 - __main__ - INFO - Получен запрос: GET /api/couriers/shifts
2025-04-03 08:50:16,565 - __main__ - INFO - Заголовки: {'Host': 'localhost', 'X-Real-Ip': '172.19.0.1', 'X-Forwarded-For': '172.19.0.1', 'X-Forwarded-Proto': 'http', 'X-Forwarded-Host': 'localhost', 'X-Original-Uri': '/api/couriers/shifts?chat_id=-1004755640016', 'Connection': 'close', 'Sec-Ch-Ua-Platform': '"Windows"', 'User-Agent': 'Mozilla/5.0 (Windows NT 10.0; Win64; x64) AppleWebKit/537.36 (KHTML, like Gecko) Chrome/132.0.0.0 YaBrowser/25.2.0.0 Safari/537.36', 'Sec-Ch-Ua': '"Not A(Brand";v="8", "Chromium";v="132", "YaBrowser";v="25.2", "Yowser";v="2.5"', 'Sec-Ch-Ua-Mobile': '?0', 'Accept': '*/*', 'Sec-Fetch-Site': 'same-origin', 'Sec-Fetch-Mode': 'cors', 'Sec-Fetch-Dest': 'empty', 'Referer': 'http://localhost/courier-schedule', 'Accept-Encoding': 'gzip, deflate, br, zstd', 'Accept-Language': 'ru,en;q=0.9'}
2025-04-03 08:50:16,565 - __main__ - INFO - Обработка запроса на /api/couriers/shifts без CORS декораторов
2025-04-03 08:50:16,566 - werkzeug - INFO - 172.19.0.8 - - [03/Apr/2025 08:50:16] "GET /api/couriers/shifts?chat_id=-1004755640016 HTTP/1.1" 200 -
2025-04-03 08:50:23,367 - __main__ - INFO - Получен запрос: POST /api/couriers/access/settings
2025-04-03 08:50:23,368 - __main__ - INFO - Заголовки: {'Host': 'localhost', 'X-Real-Ip': '172.19.0.1', 'X-Forwarded-For': '172.19.0.1', 'X-Forwarded-Proto': 'http', 'X-Forwarded-Host': 'localhost', 'X-Original-Uri': '/api/couriers/access/settings', 'Connection': 'close', 'Content-Length': '388', 'Sec-Ch-Ua-Platform': '"Windows"', 'User-Agent': 'Mozilla/5.0 (Windows NT 10.0; Win64; x64) AppleWebKit/537.36 (KHTML, like Gecko) Chrome/132.0.0.0 YaBrowser/25.2.0.0 Safari/537.36', 'Sec-Ch-Ua': '"Not A(Brand";v="8", "Chromium";v="132", "YaBrowser";v="25.2", "Yowser";v="2.5"', 'Content-Type': 'application/json', 'Sec-Ch-Ua-Mobile': '?0', 'Accept': '*/*', 'Origin': 'http://localhost', 'Sec-Fetch-Site': 'same-origin', 'Sec-Fetch-Mode': 'cors', 'Sec-Fetch-Dest': 'empty', 'Referer': 'http://localhost/courier-schedule', 'Accept-Encoding': 'gzip, deflate, br, zstd', 'Accept-Language': 'ru,en;q=0.9'}
2025-04-03 08:50:23,368 - api.couriers.access.routes - INFO - 📝 Получены данные для обновления настроек доступа:
2025-04-03 08:50:23,369 - api.couriers.access.routes - INFO - 🔑 Ключи в запросе: ['chat_id', 'allowMultipleShifts', 'autoApprove', 'allowSameDay', 'registrationStartDay', 'registrationStartHour', 'registrationStartMinute', 'offsetType', 'offsetAmount', 'periodLength', 'isAlwaysActive', 'activeStartDate', 'activeEndDate', 'daysAhead', 'enabledDates', 'restrictedUsers', 'lastUpdated']
2025-04-03 08:50:23,382 - api.couriers.access.routes - INFO - ✅ Настройки успешно обновлены
2025-04-03 08:50:23,382 - api.couriers.access.routes - INFO - 🔑 Ключи в обновленных настройках: ['chat_id', 'allowMultipleShifts', 'autoApprove', 'allowSameDay', 'registrationStartDay', 'registrationStartHour', 'registrationStartMinute', 'offsetType', 'offsetAmount', 'periodLength', 'isAlwaysActive', 'activeStartDate', 'activeEndDate', 'daysAhead', 'enabledDates', 'restrictedUsers', 'lastUpdated']
2025-04-03 08:50:23,382 - api.couriers.access.routes - INFO - 📤 Отправка запроса на применение настроек с chat_id=-1004755640016
2025-04-03 08:50:23,384 - urllib3.connectionpool - DEBUG - Starting new HTTP connection (1): scheduler:8002
2025-04-03 08:50:23,403 - urllib3.connectionpool - DEBUG - http://scheduler:8002 "POST /apply-access-settings HTTP/1.1" 200 297
2025-04-03 08:50:23,404 - api.couriers.access.routes - INFO - ✅ Запрос на применение настроек успешно отправлен
2025-04-03 08:50:23,404 - api.couriers.access.routes - INFO - 📤 Отправка запроса на перезагрузку задач
2025-04-03 08:50:23,406 - urllib3.connectionpool - DEBUG - Starting new HTTP connection (1): scheduler:8002
2025-04-03 08:50:23,417 - urllib3.connectionpool - DEBUG - http://scheduler:8002 "POST /scheduler/reload-tasks HTTP/1.1" 200 233
2025-04-03 08:50:23,418 - api.couriers.access.routes - INFO - ✅ Запрос на перезагрузку задач успешно отправлен
2025-04-03 08:50:23,418 - werkzeug - INFO - 172.19.0.8 - - [03/Apr/2025 08:50:23] "POST /api/couriers/access/settings HTTP/1.1" 200 -
2025-04-03 08:50:33,359 - __main__ - INFO - Получен запрос: GET /api/couriers/shifts
2025-04-03 08:50:33,360 - __main__ - INFO - Заголовки: {'Host': 'localhost', 'X-Real-Ip': '172.19.0.1', 'X-Forwarded-For': '172.19.0.1', 'X-Forwarded-Proto': 'http', 'X-Forwarded-Host': 'localhost', 'X-Original-Uri': '/api/couriers/shifts?chat_id=-1004755640016', 'Connection': 'close', 'Sec-Ch-Ua-Platform': '"Windows"', 'User-Agent': 'Mozilla/5.0 (Windows NT 10.0; Win64; x64) AppleWebKit/537.36 (KHTML, like Gecko) Chrome/132.0.0.0 YaBrowser/25.2.0.0 Safari/537.36', 'Sec-Ch-Ua': '"Not A(Brand";v="8", "Chromium";v="132", "YaBrowser";v="25.2", "Yowser";v="2.5"', 'Sec-Ch-Ua-Mobile': '?0', 'Accept': '*/*', 'Sec-Fetch-Site': 'same-origin', 'Sec-Fetch-Mode': 'cors', 'Sec-Fetch-Dest': 'empty', 'Referer': 'http://localhost/courier-schedule', 'Accept-Encoding': 'gzip, deflate, br, zstd', 'Accept-Language': 'ru,en;q=0.9'}
2025-04-03 08:50:33,360 - __main__ - INFO - Обработка запроса на /api/couriers/shifts без CORS декораторов
2025-04-03 08:50:33,362 - __main__ - INFO - Получен запрос: GET /api/couriers/access/settings
2025-04-03 08:50:33,362 - __main__ - INFO - Заголовки: {'Host': 'localhost', 'X-Real-Ip': '172.19.0.1', 'X-Forwarded-For': '172.19.0.1', 'X-Forwarded-Proto': 'http', 'X-Forwarded-Host': 'localhost', 'X-Original-Uri': '/api/couriers/access/settings?chat_id=-1004755640016', 'Connection': 'close', 'Sec-Ch-Ua-Platform': '"Windows"', 'User-Agent': 'Mozilla/5.0 (Windows NT 10.0; Win64; x64) AppleWebKit/537.36 (KHTML, like Gecko) Chrome/132.0.0.0 YaBrowser/25.2.0.0 Safari/537.36', 'Sec-Ch-Ua': '"Not A(Brand";v="8", "Chromium";v="132", "YaBrowser";v="25.2", "Yowser";v="2.5"', 'Sec-Ch-Ua-Mobile': '?0', 'Accept': '*/*', 'Sec-Fetch-Site': 'same-origin', 'Sec-Fetch-Mode': 'cors', 'Sec-Fetch-Dest': 'empty', 'Referer': 'http://localhost/courier-schedule', 'Accept-Encoding': 'gzip, deflate, br, zstd', 'Accept-Language': 'ru,en;q=0.9'}
2025-04-03 08:50:33,362 - werkzeug - INFO - 172.19.0.8 - - [03/Apr/2025 08:50:33] "GET /api/couriers/shifts?chat_id=-1004755640016 HTTP/1.1" 200 -
2025-04-03 08:50:33,363 - api.couriers.access.routes - INFO - 📝 Запрос настроек доступа: chat_id=-1004755640016
2025-04-03 08:50:33,367 - __main__ - INFO - Получен запрос: GET /api/couriers/shifts
2025-04-03 08:50:33,368 - api.couriers.access.routes - INFO - ✅ Настройки загружены: 17 полей
2025-04-03 08:50:33,368 - __main__ - INFO - Заголовки: {'Host': 'localhost', 'X-Real-Ip': '172.19.0.1', 'X-Forwarded-For': '172.19.0.1', 'X-Forwarded-Proto': 'http', 'X-Forwarded-Host': 'localhost', 'X-Original-Uri': '/api/couriers/shifts?chat_id=-1004755640016', 'Connection': 'close', 'Sec-Ch-Ua-Platform': '"Windows"', 'User-Agent': 'Mozilla/5.0 (Windows NT 10.0; Win64; x64) AppleWebKit/537.36 (KHTML, like Gecko) Chrome/132.0.0.0 YaBrowser/25.2.0.0 Safari/537.36', 'Sec-Ch-Ua': '"Not A(Brand";v="8", "Chromium";v="132", "YaBrowser";v="25.2", "Yowser";v="2.5"', 'Sec-Ch-Ua-Mobile': '?0', 'Accept': '*/*', 'Sec-Fetch-Site': 'same-origin', 'Sec-Fetch-Mode': 'cors', 'Sec-Fetch-Dest': 'empty', 'Referer': 'http://localhost/courier-schedule', 'Accept-Encoding': 'gzip, deflate, br, zstd', 'Accept-Language': 'ru,en;q=0.9'}
2025-04-03 08:50:33,368 - werkzeug - INFO - 172.19.0.8 - - [03/Apr/2025 08:50:33] "GET /api/couriers/access/settings?chat_id=-1004755640016 HTTP/1.1" 200 -
2025-04-03 08:50:33,369 - __main__ - INFO - Обработка запроса на /api/couriers/shifts без CORS декораторов
2025-04-03 08:50:33,372 - werkzeug - INFO - 172.19.0.8 - - [03/Apr/2025 08:50:33] "GET /api/couriers/shifts?chat_id=-1004755640016 HTTP/1.1" 200 -
2025-04-03 08:50:33,374 - __main__ - INFO - Получен запрос: GET /api/couriers/access/settings
2025-04-03 08:50:33,375 - __main__ - INFO - Заголовки: {'Host': 'localhost', 'X-Real-Ip': '172.19.0.1', 'X-Forwarded-For': '172.19.0.1', 'X-Forwarded-Proto': 'http', 'X-Forwarded-Host': 'localhost', 'X-Original-Uri': '/api/couriers/access/settings?chat_id=-1004755640016', 'Connection': 'close', 'Sec-Ch-Ua-Platform': '"Windows"', 'User-Agent': 'Mozilla/5.0 (Windows NT 10.0; Win64; x64) AppleWebKit/537.36 (KHTML, like Gecko) Chrome/132.0.0.0 YaBrowser/25.2.0.0 Safari/537.36', 'Sec-Ch-Ua': '"Not A(Brand";v="8", "Chromium";v="132", "YaBrowser";v="25.2", "Yowser";v="2.5"', 'Sec-Ch-Ua-Mobile': '?0', 'Accept': '*/*', 'Sec-Fetch-Site': 'same-origin', 'Sec-Fetch-Mode': 'cors', 'Sec-Fetch-Dest': 'empty', 'Referer': 'http://localhost/courier-schedule', 'Accept-Encoding': 'gzip, deflate, br, zstd', 'Accept-Language': 'ru,en;q=0.9'}
2025-04-03 08:50:33,376 - api.couriers.access.routes - INFO - 📝 Запрос настроек доступа: chat_id=-1004755640016
2025-04-03 08:50:33,379 - api.couriers.access.routes - INFO - ✅ Настройки загружены: 17 полей
2025-04-03 08:50:33,380 - werkzeug - INFO - 172.19.0.8 - - [03/Apr/2025 08:50:33] "GET /api/couriers/access/settings?chat_id=-1004755640016 HTTP/1.1" 200 -
2025-04-03 08:50:33,822 - __main__ - INFO - Получен запрос: GET /api/couriers/shifts
2025-04-03 08:50:33,822 - __main__ - INFO - Заголовки: {'Host': 'localhost', 'X-Real-Ip': '172.19.0.1', 'X-Forwarded-For': '172.19.0.1', 'X-Forwarded-Proto': 'http', 'X-Forwarded-Host': 'localhost', 'X-Original-Uri': '/api/couriers/shifts?chat_id=-1004755640016', 'Connection': 'close', 'Sec-Ch-Ua-Platform': '"Windows"', 'User-Agent': 'Mozilla/5.0 (Windows NT 10.0; Win64; x64) AppleWebKit/537.36 (KHTML, like Gecko) Chrome/132.0.0.0 YaBrowser/25.2.0.0 Safari/537.36', 'Sec-Ch-Ua': '"Not A(Brand";v="8", "Chromium";v="132", "YaBrowser";v="25.2", "Yowser";v="2.5"', 'Sec-Ch-Ua-Mobile': '?0', 'Accept': '*/*', 'Sec-Fetch-Site': 'same-origin', 'Sec-Fetch-Mode': 'cors', 'Sec-Fetch-Dest': 'empty', 'Referer': 'http://localhost/courier-schedule', 'Accept-Encoding': 'gzip, deflate, br, zstd', 'Accept-Language': 'ru,en;q=0.9'}
2025-04-03 08:50:33,823 - __main__ - INFO - Обработка запроса на /api/couriers/shifts без CORS декораторов
2025-04-03 08:50:33,827 - werkzeug - INFO - 172.19.0.8 - - [03/Apr/2025 08:50:33] "GET /api/couriers/shifts?chat_id=-1004755640016 HTTP/1.1" 200 -
2025-04-03 08:52:27,239 - models.database - INFO - ✅ Соединение с базой данных установлено
2025-04-03 08:52:27,240 - models.database - INFO - ✅ Таблица access_settings успешно создана или уже существует
2025-04-03 08:52:27,243 - models.database - INFO - ✅ Таблица shifts успешно создана или уже существует
2025-04-03 08:52:27,243 - models.database - INFO - ✅ Все необходимые таблицы успешно созданы или уже существуют
2025-04-03 08:52:27,243 - models.database - INFO - ✅ DatabaseService инициализирован. Подключение к базе: postgres:5432/appninjabot
2025-04-03 08:52:27,335 - data.shifts - INFO - Основной путь к файлу смен: /app/data/shifts.json
2025-04-03 08:52:27,335 - data.shifts - INFO - Альтернативный путь: /app/data/shifts.json
2025-04-03 08:52:27,335 - data.shifts - INFO - Альтернативный путь: /app/backend/data/shifts.json
2025-04-03 08:52:27,335 - data.shifts - INFO - Альтернативный путь: /app/data/shifts.json
2025-04-03 08:52:27,336 - data.shifts - INFO - Альтернативный путь: shifts.json
2025-04-03 08:52:27,675 - telegramNinjaBot.bot - INFO - Бот запущен в окружении: development
2025-04-03 08:52:27,693 - werkzeug - INFO - [31m[1mWARNING: This is a development server. Do not use it in a production deployment. Use a production WSGI server instead.[0m
 * Running on all addresses (0.0.0.0)
 * Running on http://127.0.0.1:8000
 * Running on http://172.19.0.5:8000
2025-04-03 08:52:27,693 - werkzeug - INFO - [33mPress CTRL+C to quit[0m
2025-04-03 08:52:29,904 - __main__ - INFO - Получен запрос: GET /api/couriers/access/settings
2025-04-03 08:52:29,904 - __main__ - INFO - Заголовки: {'Host': 'localhost', 'X-Real-Ip': '172.19.0.1', 'X-Forwarded-For': '172.19.0.1', 'X-Forwarded-Proto': 'http', 'X-Forwarded-Host': 'localhost', 'X-Original-Uri': '/api/couriers/access/settings?chat_id=-1004755640016', 'Connection': 'close', 'Sec-Ch-Ua-Platform': '"Windows"', 'User-Agent': 'Mozilla/5.0 (Windows NT 10.0; Win64; x64) AppleWebKit/537.36 (KHTML, like Gecko) Chrome/132.0.0.0 YaBrowser/25.2.0.0 Safari/537.36', 'Sec-Ch-Ua': '"Not A(Brand";v="8", "Chromium";v="132", "YaBrowser";v="25.2", "Yowser";v="2.5"', 'Sec-Ch-Ua-Mobile': '?0', 'Accept': '*/*', 'Sec-Fetch-Site': 'same-origin', 'Sec-Fetch-Mode': 'cors', 'Sec-Fetch-Dest': 'empty', 'Referer': 'http://localhost/courier-schedule', 'Accept-Encoding': 'gzip, deflate, br, zstd', 'Accept-Language': 'ru,en;q=0.9'}
2025-04-03 08:52:29,904 - api.couriers.access.routes - INFO - 📝 Запрос настроек доступа: chat_id=-1004755640016
2025-04-03 08:52:29,914 - __main__ - INFO - Получен запрос: GET /api/couriers/1682142222/status
2025-04-03 08:52:29,914 - api.couriers.access.routes - INFO - ✅ Настройки загружены: 17 полей
2025-04-03 08:52:29,914 - __main__ - INFO - Заголовки: {'Host': 'localhost', 'X-Real-Ip': '172.19.0.1', 'X-Forwarded-For': '172.19.0.1', 'X-Forwarded-Proto': 'http', 'X-Forwarded-Host': 'localhost', 'X-Original-Uri': '/api/couriers/1682142222/status?chat_id=-1004755640016', 'Connection': 'close', 'Sec-Ch-Ua-Platform': '"Windows"', 'User-Agent': 'Mozilla/5.0 (Windows NT 10.0; Win64; x64) AppleWebKit/537.36 (KHTML, like Gecko) Chrome/132.0.0.0 YaBrowser/25.2.0.0 Safari/537.36', 'Accept': 'application/json, text/plain, */*', 'Sec-Ch-Ua': '"Not A(Brand";v="8", "Chromium";v="132", "YaBrowser";v="25.2", "Yowser";v="2.5"', 'Sec-Ch-Ua-Mobile': '?0', 'Sec-Fetch-Site': 'same-origin', 'Sec-Fetch-Mode': 'cors', 'Sec-Fetch-Dest': 'empty', 'Referer': 'http://localhost/courier-schedule', 'Accept-Encoding': 'gzip, deflate, br, zstd', 'Accept-Language': 'ru,en;q=0.9'}
2025-04-03 08:52:29,915 - werkzeug - INFO - 172.19.0.8 - - [03/Apr/2025 08:52:29] "GET /api/couriers/access/settings?chat_id=-1004755640016 HTTP/1.1" 200 -
2025-04-03 08:52:29,916 - api.couriers.routes - INFO - === Получение статуса курьера 1682142222 ===
2025-04-03 08:52:29,917 - api.couriers.routes - INFO - Chat ID из запроса: -1004755640016
2025-04-03 08:52:29,920 - __main__ - INFO - Получен запрос: GET /api/couriers/access/settings
2025-04-03 08:52:29,921 - __main__ - INFO - Заголовки: {'Host': 'localhost', 'X-Real-Ip': '172.19.0.1', 'X-Forwarded-For': '172.19.0.1', 'X-Forwarded-Proto': 'http', 'X-Forwarded-Host': 'localhost', 'X-Original-Uri': '/api/couriers/access/settings?chat_id=-1004755640016', 'Connection': 'close', 'Sec-Ch-Ua-Platform': '"Windows"', 'User-Agent': 'Mozilla/5.0 (Windows NT 10.0; Win64; x64) AppleWebKit/537.36 (KHTML, like Gecko) Chrome/132.0.0.0 YaBrowser/25.2.0.0 Safari/537.36', 'Sec-Ch-Ua': '"Not A(Brand";v="8", "Chromium";v="132", "YaBrowser";v="25.2", "Yowser";v="2.5"', 'Sec-Ch-Ua-Mobile': '?0', 'Accept': '*/*', 'Sec-Fetch-Site': 'same-origin', 'Sec-Fetch-Mode': 'cors', 'Sec-Fetch-Dest': 'empty', 'Referer': 'http://localhost/courier-schedule', 'Accept-Encoding': 'gzip, deflate, br, zstd', 'Accept-Language': 'ru,en;q=0.9'}
2025-04-03 08:52:29,922 - api.couriers.access.routes - INFO - 📝 Запрос настроек доступа: chat_id=-1004755640016
2025-04-03 08:52:29,929 - api.couriers.access.routes - INFO - ✅ Настройки загружены: 17 полей
2025-04-03 08:52:29,930 - werkzeug - INFO - 172.19.0.8 - - [03/Apr/2025 08:52:29] "GET /api/couriers/access/settings?chat_id=-1004755640016 HTTP/1.1" 200 -
2025-04-03 08:52:29,934 - __main__ - INFO - Получен запрос: GET /api/couriers/access/settings
2025-04-03 08:52:29,934 - __main__ - INFO - Заголовки: {'Host': 'localhost', 'X-Real-Ip': '172.19.0.1', 'X-Forwarded-For': '172.19.0.1', 'X-Forwarded-Proto': 'http', 'X-Forwarded-Host': 'localhost', 'X-Original-Uri': '/api/couriers/access/settings?chat_id=-1004755640016', 'Connection': 'close', 'Sec-Ch-Ua-Platform': '"Windows"', 'User-Agent': 'Mozilla/5.0 (Windows NT 10.0; Win64; x64) AppleWebKit/537.36 (KHTML, like Gecko) Chrome/132.0.0.0 YaBrowser/25.2.0.0 Safari/537.36', 'Sec-Ch-Ua': '"Not A(Brand";v="8", "Chromium";v="132", "YaBrowser";v="25.2", "Yowser";v="2.5"', 'Sec-Ch-Ua-Mobile': '?0', 'Accept': '*/*', 'Sec-Fetch-Site': 'same-origin', 'Sec-Fetch-Mode': 'cors', 'Sec-Fetch-Dest': 'empty', 'Referer': 'http://localhost/courier-schedule', 'Accept-Encoding': 'gzip, deflate, br, zstd', 'Accept-Language': 'ru,en;q=0.9'}
2025-04-03 08:52:29,934 - api.couriers.routes - INFO - Возвращаем статус курьера: {'user_id': 1682142222, 'first_name': 'Андрей', 'last_name': 'Николаевич', 'username': 'andrejnikolaevich1999', 'photo_url': 'https://api.telegram.org/file/bot7878489788:AAHupjPYeWpzVwo77F_BCR6fIA1I_P8p_Uc/photos/file_0.jpg', 'chat_id': '-1004755640016', 'is_admin': True, 'is_senior_courier': True, 'active_session': None, 'wallet': {'balance': 0, 'transactions_count': 0}, 'status': 'active'}
2025-04-03 08:52:29,936 - werkzeug - INFO - 172.19.0.8 - - [03/Apr/2025 08:52:29] "GET /api/couriers/1682142222/status?chat_id=-1004755640016 HTTP/1.1" 200 -
2025-04-03 08:52:29,935 - api.couriers.access.routes - INFO - 📝 Запрос настроек доступа: chat_id=-1004755640016
2025-04-03 08:52:29,940 - __main__ - INFO - Получен запрос: GET /api/couriers/1682142222/status
2025-04-03 08:52:29,941 - __main__ - INFO - Заголовки: {'Host': 'localhost', 'X-Real-Ip': '172.19.0.1', 'X-Forwarded-For': '172.19.0.1', 'X-Forwarded-Proto': 'http', 'X-Forwarded-Host': 'localhost', 'X-Original-Uri': '/api/couriers/1682142222/status?chat_id=-1004755640016', 'Connection': 'close', 'Sec-Ch-Ua-Platform': '"Windows"', 'User-Agent': 'Mozilla/5.0 (Windows NT 10.0; Win64; x64) AppleWebKit/537.36 (KHTML, like Gecko) Chrome/132.0.0.0 YaBrowser/25.2.0.0 Safari/537.36', 'Accept': 'application/json, text/plain, */*', 'Sec-Ch-Ua': '"Not A(Brand";v="8", "Chromium";v="132", "YaBrowser";v="25.2", "Yowser";v="2.5"', 'Sec-Ch-Ua-Mobile': '?0', 'Sec-Fetch-Site': 'same-origin', 'Sec-Fetch-Mode': 'cors', 'Sec-Fetch-Dest': 'empty', 'Referer': 'http://localhost/courier-schedule', 'Accept-Encoding': 'gzip, deflate, br, zstd', 'Accept-Language': 'ru,en;q=0.9'}
2025-04-03 08:52:29,944 - api.couriers.access.routes - INFO - ✅ Настройки загружены: 17 полей
2025-04-03 08:52:29,945 - api.couriers.routes - INFO - === Получение статуса курьера 1682142222 ===
2025-04-03 08:52:29,946 - werkzeug - INFO - 172.19.0.8 - - [03/Apr/2025 08:52:29] "GET /api/couriers/access/settings?chat_id=-1004755640016 HTTP/1.1" 200 -
2025-04-03 08:52:29,946 - api.couriers.routes - INFO - Chat ID из запроса: -1004755640016
2025-04-03 08:52:29,951 - __main__ - INFO - Получен запрос: GET /api/couriers/access/settings
2025-04-03 08:52:29,952 - __main__ - INFO - Заголовки: {'Host': 'localhost', 'X-Real-Ip': '172.19.0.1', 'X-Forwarded-For': '172.19.0.1', 'X-Forwarded-Proto': 'http', 'X-Forwarded-Host': 'localhost', 'X-Original-Uri': '/api/couriers/access/settings?chat_id=-1004755640016', 'Connection': 'close', 'Sec-Ch-Ua-Platform': '"Windows"', 'User-Agent': 'Mozilla/5.0 (Windows NT 10.0; Win64; x64) AppleWebKit/537.36 (KHTML, like Gecko) Chrome/132.0.0.0 YaBrowser/25.2.0.0 Safari/537.36', 'Sec-Ch-Ua': '"Not A(Brand";v="8", "Chromium";v="132", "YaBrowser";v="25.2", "Yowser";v="2.5"', 'Sec-Ch-Ua-Mobile': '?0', 'Accept': '*/*', 'Sec-Fetch-Site': 'same-origin', 'Sec-Fetch-Mode': 'cors', 'Sec-Fetch-Dest': 'empty', 'Referer': 'http://localhost/courier-schedule', 'Accept-Encoding': 'gzip, deflate, br, zstd', 'Accept-Language': 'ru,en;q=0.9'}
2025-04-03 08:52:29,952 - api.couriers.access.routes - INFO - 📝 Запрос настроек доступа: chat_id=-1004755640016
2025-04-03 08:52:29,957 - api.couriers.access.routes - INFO - ✅ Настройки загружены: 17 полей
2025-04-03 08:52:29,957 - werkzeug - INFO - 172.19.0.8 - - [03/Apr/2025 08:52:29] "GET /api/couriers/access/settings?chat_id=-1004755640016 HTTP/1.1" 200 -
2025-04-03 08:52:29,963 - api.couriers.routes - INFO - Возвращаем статус курьера: {'user_id': 1682142222, 'first_name': 'Андрей', 'last_name': 'Николаевич', 'username': 'andrejnikolaevich1999', 'photo_url': 'https://api.telegram.org/file/bot7878489788:AAHupjPYeWpzVwo77F_BCR6fIA1I_P8p_Uc/photos/file_0.jpg', 'chat_id': '-1004755640016', 'is_admin': True, 'is_senior_courier': True, 'active_session': None, 'wallet': {'balance': 0, 'transactions_count': 0}, 'status': 'active'}
2025-04-03 08:52:29,963 - werkzeug - INFO - 172.19.0.8 - - [03/Apr/2025 08:52:29] "GET /api/couriers/1682142222/status?chat_id=-1004755640016 HTTP/1.1" 200 -
2025-04-03 08:52:30,008 - __main__ - INFO - Получен запрос: GET /api/couriers/shifts
2025-04-03 08:52:30,008 - __main__ - INFO - Заголовки: {'Host': 'localhost', 'X-Real-Ip': '172.19.0.1', 'X-Forwarded-For': '172.19.0.1', 'X-Forwarded-Proto': 'http', 'X-Forwarded-Host': 'localhost', 'X-Original-Uri': '/api/couriers/shifts?chat_id=-1004755640016', 'Connection': 'close', 'Sec-Ch-Ua-Platform': '"Windows"', 'User-Agent': 'Mozilla/5.0 (Windows NT 10.0; Win64; x64) AppleWebKit/537.36 (KHTML, like Gecko) Chrome/132.0.0.0 YaBrowser/25.2.0.0 Safari/537.36', 'Sec-Ch-Ua': '"Not A(Brand";v="8", "Chromium";v="132", "YaBrowser";v="25.2", "Yowser";v="2.5"', 'Sec-Ch-Ua-Mobile': '?0', 'Accept': '*/*', 'Sec-Fetch-Site': 'same-origin', 'Sec-Fetch-Mode': 'cors', 'Sec-Fetch-Dest': 'empty', 'Referer': 'http://localhost/courier-schedule', 'Accept-Encoding': 'gzip, deflate, br, zstd', 'Accept-Language': 'ru,en;q=0.9'}
2025-04-03 08:52:30,011 - __main__ - INFO - Обработка запроса на /api/couriers/shifts без CORS декораторов
2025-04-03 08:52:30,014 - werkzeug - INFO - 172.19.0.8 - - [03/Apr/2025 08:52:30] "GET /api/couriers/shifts?chat_id=-1004755640016 HTTP/1.1" 200 -
2025-04-03 08:52:30,018 - __main__ - INFO - Получен запрос: GET /api/couriers/shifts
2025-04-03 08:52:30,019 - __main__ - INFO - Заголовки: {'Host': 'localhost', 'X-Real-Ip': '172.19.0.1', 'X-Forwarded-For': '172.19.0.1', 'X-Forwarded-Proto': 'http', 'X-Forwarded-Host': 'localhost', 'X-Original-Uri': '/api/couriers/shifts?chat_id=-1004755640016', 'Connection': 'close', 'Sec-Ch-Ua-Platform': '"Windows"', 'User-Agent': 'Mozilla/5.0 (Windows NT 10.0; Win64; x64) AppleWebKit/537.36 (KHTML, like Gecko) Chrome/132.0.0.0 YaBrowser/25.2.0.0 Safari/537.36', 'Sec-Ch-Ua': '"Not A(Brand";v="8", "Chromium";v="132", "YaBrowser";v="25.2", "Yowser";v="2.5"', 'Sec-Ch-Ua-Mobile': '?0', 'Accept': '*/*', 'Sec-Fetch-Site': 'same-origin', 'Sec-Fetch-Mode': 'cors', 'Sec-Fetch-Dest': 'empty', 'Referer': 'http://localhost/courier-schedule', 'Accept-Encoding': 'gzip, deflate, br, zstd', 'Accept-Language': 'ru,en;q=0.9'}
2025-04-03 08:52:30,019 - __main__ - INFO - Обработка запроса на /api/couriers/shifts без CORS декораторов
2025-04-03 08:52:30,021 - werkzeug - INFO - 172.19.0.8 - - [03/Apr/2025 08:52:30] "GET /api/couriers/shifts?chat_id=-1004755640016 HTTP/1.1" 200 -
2025-04-03 08:52:30,455 - __main__ - INFO - Получен запрос: GET /api/couriers/shifts
2025-04-03 08:52:30,455 - __main__ - INFO - Заголовки: {'Host': 'localhost', 'X-Real-Ip': '172.19.0.1', 'X-Forwarded-For': '172.19.0.1', 'X-Forwarded-Proto': 'http', 'X-Forwarded-Host': 'localhost', 'X-Original-Uri': '/api/couriers/shifts?chat_id=-1004755640016', 'Connection': 'close', 'Sec-Ch-Ua-Platform': '"Windows"', 'User-Agent': 'Mozilla/5.0 (Windows NT 10.0; Win64; x64) AppleWebKit/537.36 (KHTML, like Gecko) Chrome/132.0.0.0 YaBrowser/25.2.0.0 Safari/537.36', 'Sec-Ch-Ua': '"Not A(Brand";v="8", "Chromium";v="132", "YaBrowser";v="25.2", "Yowser";v="2.5"', 'Sec-Ch-Ua-Mobile': '?0', 'Accept': '*/*', 'Sec-Fetch-Site': 'same-origin', 'Sec-Fetch-Mode': 'cors', 'Sec-Fetch-Dest': 'empty', 'Referer': 'http://localhost/courier-schedule', 'Accept-Encoding': 'gzip, deflate, br, zstd', 'Accept-Language': 'ru,en;q=0.9'}
2025-04-03 08:52:30,455 - __main__ - INFO - Обработка запроса на /api/couriers/shifts без CORS декораторов
2025-04-03 08:52:30,457 - werkzeug - INFO - 172.19.0.8 - - [03/Apr/2025 08:52:30] "GET /api/couriers/shifts?chat_id=-1004755640016 HTTP/1.1" 200 -
2025-04-03 09:02:13,920 - __main__ - INFO - Получен запрос: GET /api/reserves
2025-04-03 09:02:13,921 - __main__ - INFO - Заголовки: {'Host': 'localhost', 'X-Real-Ip': '172.19.0.1', 'X-Forwarded-For': '172.19.0.1', 'X-Forwarded-Proto': 'http', 'X-Forwarded-Host': 'localhost', 'X-Original-Uri': '/api/reserves', 'Connection': 'close', 'Sec-Ch-Ua-Platform': '"Windows"', 'User-Agent': 'Mozilla/5.0 (Windows NT 10.0; Win64; x64) AppleWebKit/537.36 (KHTML, like Gecko) Chrome/132.0.0.0 YaBrowser/25.2.0.0 Safari/537.36', 'Sec-Ch-Ua': '"Not A(Brand";v="8", "Chromium";v="132", "YaBrowser";v="25.2", "Yowser";v="2.5"', 'Sec-Ch-Ua-Mobile': '?0', 'Accept': '*/*', 'Sec-Fetch-Site': 'same-origin', 'Sec-Fetch-Mode': 'cors', 'Sec-Fetch-Dest': 'empty', 'Referer': 'http://localhost/courier-schedule', 'Accept-Encoding': 'gzip, deflate, br, zstd', 'Accept-Language': 'ru,en;q=0.9'}
2025-04-03 09:02:13,921 - __main__ - INFO - Обработка запроса на /api/reserves без CORS декораторов
2025-04-03 09:02:13,928 - werkzeug - INFO - 172.19.0.8 - - [03/Apr/2025 09:02:13] "GET /api/reserves HTTP/1.1" 200 -
2025-04-03 09:02:14,072 - __main__ - INFO - Получен запрос: GET /api/reserves
2025-04-03 09:02:14,072 - __main__ - INFO - Заголовки: {'Host': 'localhost', 'X-Real-Ip': '172.19.0.1', 'X-Forwarded-For': '172.19.0.1', 'X-Forwarded-Proto': 'http', 'X-Forwarded-Host': 'localhost', 'X-Original-Uri': '/api/reserves', 'Connection': 'close', 'Sec-Ch-Ua-Platform': '"Windows"', 'User-Agent': 'Mozilla/5.0 (Windows NT 10.0; Win64; x64) AppleWebKit/537.36 (KHTML, like Gecko) Chrome/132.0.0.0 YaBrowser/25.2.0.0 Safari/537.36', 'Sec-Ch-Ua': '"Not A(Brand";v="8", "Chromium";v="132", "YaBrowser";v="25.2", "Yowser";v="2.5"', 'Sec-Ch-Ua-Mobile': '?0', 'Accept': '*/*', 'Sec-Fetch-Site': 'same-origin', 'Sec-Fetch-Mode': 'cors', 'Sec-Fetch-Dest': 'empty', 'Referer': 'http://localhost/courier-schedule', 'Accept-Encoding': 'gzip, deflate, br, zstd', 'Accept-Language': 'ru,en;q=0.9'}
2025-04-03 09:02:14,073 - __main__ - INFO - Обработка запроса на /api/reserves без CORS декораторов
2025-04-03 09:02:14,079 - werkzeug - INFO - 172.19.0.8 - - [03/Apr/2025 09:02:14] "GET /api/reserves HTTP/1.1" 200 -
2025-04-03 09:02:14,191 - __main__ - INFO - Получен запрос: GET /api/couriers/access/settings
2025-04-03 09:02:14,192 - __main__ - INFO - Заголовки: {'Host': 'localhost', 'X-Real-Ip': '172.19.0.1', 'X-Forwarded-For': '172.19.0.1', 'X-Forwarded-Proto': 'http', 'X-Forwarded-Host': 'localhost', 'X-Original-Uri': '/api/couriers/access/settings?chat_id=-1004755640016', 'Connection': 'close', 'Sec-Ch-Ua-Platform': '"Windows"', 'User-Agent': 'Mozilla/5.0 (Windows NT 10.0; Win64; x64) AppleWebKit/537.36 (KHTML, like Gecko) Chrome/132.0.0.0 YaBrowser/25.2.0.0 Safari/537.36', 'Sec-Ch-Ua': '"Not A(Brand";v="8", "Chromium";v="132", "YaBrowser";v="25.2", "Yowser";v="2.5"', 'Sec-Ch-Ua-Mobile': '?0', 'Accept': '*/*', 'Sec-Fetch-Site': 'same-origin', 'Sec-Fetch-Mode': 'cors', 'Sec-Fetch-Dest': 'empty', 'Referer': 'http://localhost/courier-schedule', 'Accept-Encoding': 'gzip, deflate, br, zstd', 'Accept-Language': 'ru,en;q=0.9'}
2025-04-03 09:02:14,193 - api.couriers.access.routes - INFO - 📝 Запрос настроек доступа: chat_id=-1004755640016
2025-04-03 09:02:14,197 - __main__ - INFO - Получен запрос: GET /api/couriers/1682142222/status
2025-04-03 09:02:14,197 - __main__ - INFO - Заголовки: {'Host': 'localhost', 'X-Real-Ip': '172.19.0.1', 'X-Forwarded-For': '172.19.0.1', 'X-Forwarded-Proto': 'http', 'X-Forwarded-Host': 'localhost', 'X-Original-Uri': '/api/couriers/1682142222/status?chat_id=-1004755640016', 'Connection': 'close', 'Sec-Ch-Ua-Platform': '"Windows"', 'User-Agent': 'Mozilla/5.0 (Windows NT 10.0; Win64; x64) AppleWebKit/537.36 (KHTML, like Gecko) Chrome/132.0.0.0 YaBrowser/25.2.0.0 Safari/537.36', 'Accept': 'application/json, text/plain, */*', 'Sec-Ch-Ua': '"Not A(Brand";v="8", "Chromium";v="132", "YaBrowser";v="25.2", "Yowser";v="2.5"', 'Sec-Ch-Ua-Mobile': '?0', 'Sec-Fetch-Site': 'same-origin', 'Sec-Fetch-Mode': 'cors', 'Sec-Fetch-Dest': 'empty', 'Referer': 'http://localhost/courier-schedule', 'Accept-Encoding': 'gzip, deflate, br, zstd', 'Accept-Language': 'ru,en;q=0.9'}
2025-04-03 09:02:14,198 - api.couriers.routes - INFO - === Получение статуса курьера 1682142222 ===
2025-04-03 09:02:14,199 - api.couriers.access.routes - INFO - ✅ Настройки загружены: 17 полей
2025-04-03 09:02:14,199 - api.couriers.routes - INFO - Chat ID из запроса: -1004755640016
2025-04-03 09:02:14,200 - werkzeug - INFO - 172.19.0.8 - - [03/Apr/2025 09:02:14] "GET /api/couriers/access/settings?chat_id=-1004755640016 HTTP/1.1" 200 -
2025-04-03 09:02:14,208 - __main__ - INFO - Получен запрос: GET /api/couriers/access/settings
2025-04-03 09:02:14,208 - __main__ - INFO - Заголовки: {'Host': 'localhost', 'X-Real-Ip': '172.19.0.1', 'X-Forwarded-For': '172.19.0.1', 'X-Forwarded-Proto': 'http', 'X-Forwarded-Host': 'localhost', 'X-Original-Uri': '/api/couriers/access/settings?chat_id=-1004755640016', 'Connection': 'close', 'Sec-Ch-Ua-Platform': '"Windows"', 'User-Agent': 'Mozilla/5.0 (Windows NT 10.0; Win64; x64) AppleWebKit/537.36 (KHTML, like Gecko) Chrome/132.0.0.0 YaBrowser/25.2.0.0 Safari/537.36', 'Sec-Ch-Ua': '"Not A(Brand";v="8", "Chromium";v="132", "YaBrowser";v="25.2", "Yowser";v="2.5"', 'Sec-Ch-Ua-Mobile': '?0', 'Accept': '*/*', 'Sec-Fetch-Site': 'same-origin', 'Sec-Fetch-Mode': 'cors', 'Sec-Fetch-Dest': 'empty', 'Referer': 'http://localhost/courier-schedule', 'Accept-Encoding': 'gzip, deflate, br, zstd', 'Accept-Language': 'ru,en;q=0.9'}
2025-04-03 09:02:14,209 - api.couriers.access.routes - INFO - 📝 Запрос настроек доступа: chat_id=-1004755640016
2025-04-03 09:02:14,212 - api.couriers.access.routes - INFO - ✅ Настройки загружены: 17 полей
2025-04-03 09:02:14,213 - werkzeug - INFO - 172.19.0.8 - - [03/Apr/2025 09:02:14] "GET /api/couriers/access/settings?chat_id=-1004755640016 HTTP/1.1" 200 -
2025-04-03 09:02:14,215 - api.couriers.routes - INFO - Возвращаем статус курьера: {'user_id': 1682142222, 'first_name': 'Андрей', 'last_name': 'Николаевич', 'username': 'andrejnikolaevich1999', 'photo_url': 'https://api.telegram.org/file/bot7878489788:AAHupjPYeWpzVwo77F_BCR6fIA1I_P8p_Uc/photos/file_0.jpg', 'chat_id': '-1004755640016', 'is_admin': True, 'is_senior_courier': True, 'active_session': None, 'wallet': {'balance': 0, 'transactions_count': 0}, 'status': 'active'}
2025-04-03 09:02:14,216 - werkzeug - INFO - 172.19.0.8 - - [03/Apr/2025 09:02:14] "GET /api/couriers/1682142222/status?chat_id=-1004755640016 HTTP/1.1" 200 -
2025-04-03 09:02:14,226 - __main__ - INFO - Получен запрос: GET /api/couriers/1682142222/status
2025-04-03 09:02:14,226 - __main__ - INFO - Заголовки: {'Host': 'localhost', 'X-Real-Ip': '172.19.0.1', 'X-Forwarded-For': '172.19.0.1', 'X-Forwarded-Proto': 'http', 'X-Forwarded-Host': 'localhost', 'X-Original-Uri': '/api/couriers/1682142222/status?chat_id=-1004755640016', 'Connection': 'close', 'Sec-Ch-Ua-Platform': '"Windows"', 'User-Agent': 'Mozilla/5.0 (Windows NT 10.0; Win64; x64) AppleWebKit/537.36 (KHTML, like Gecko) Chrome/132.0.0.0 YaBrowser/25.2.0.0 Safari/537.36', 'Accept': 'application/json, text/plain, */*', 'Sec-Ch-Ua': '"Not A(Brand";v="8", "Chromium";v="132", "YaBrowser";v="25.2", "Yowser";v="2.5"', 'Sec-Ch-Ua-Mobile': '?0', 'Sec-Fetch-Site': 'same-origin', 'Sec-Fetch-Mode': 'cors', 'Sec-Fetch-Dest': 'empty', 'Referer': 'http://localhost/courier-schedule', 'Accept-Encoding': 'gzip, deflate, br, zstd', 'Accept-Language': 'ru,en;q=0.9'}
2025-04-03 09:02:14,227 - api.couriers.routes - INFO - === Получение статуса курьера 1682142222 ===
2025-04-03 09:02:14,227 - api.couriers.routes - INFO - Chat ID из запроса: -1004755640016
2025-04-03 09:02:14,230 - __main__ - INFO - Получен запрос: GET /api/couriers/shifts
2025-04-03 09:02:14,230 - __main__ - INFO - Заголовки: {'Host': 'localhost', 'X-Real-Ip': '172.19.0.1', 'X-Forwarded-For': '172.19.0.1', 'X-Forwarded-Proto': 'http', 'X-Forwarded-Host': 'localhost', 'X-Original-Uri': '/api/couriers/shifts?chat_id=-1004755640016', 'Connection': 'close', 'Sec-Ch-Ua-Platform': '"Windows"', 'User-Agent': 'Mozilla/5.0 (Windows NT 10.0; Win64; x64) AppleWebKit/537.36 (KHTML, like Gecko) Chrome/132.0.0.0 YaBrowser/25.2.0.0 Safari/537.36', 'Sec-Ch-Ua': '"Not A(Brand";v="8", "Chromium";v="132", "YaBrowser";v="25.2", "Yowser";v="2.5"', 'Sec-Ch-Ua-Mobile': '?0', 'Accept': '*/*', 'Sec-Fetch-Site': 'same-origin', 'Sec-Fetch-Mode': 'cors', 'Sec-Fetch-Dest': 'empty', 'Referer': 'http://localhost/courier-schedule', 'Accept-Encoding': 'gzip, deflate, br, zstd', 'Accept-Language': 'ru,en;q=0.9'}
2025-04-03 09:02:14,231 - __main__ - INFO - Обработка запроса на /api/couriers/shifts без CORS декораторов
2025-04-03 09:02:14,232 - werkzeug - INFO - 172.19.0.8 - - [03/Apr/2025 09:02:14] "GET /api/couriers/shifts?chat_id=-1004755640016 HTTP/1.1" 200 -
2025-04-03 09:02:14,242 - api.couriers.routes - INFO - Возвращаем статус курьера: {'user_id': 1682142222, 'first_name': 'Андрей', 'last_name': 'Николаевич', 'username': 'andrejnikolaevich1999', 'photo_url': 'https://api.telegram.org/file/bot7878489788:AAHupjPYeWpzVwo77F_BCR6fIA1I_P8p_Uc/photos/file_0.jpg', 'chat_id': '-1004755640016', 'is_admin': True, 'is_senior_courier': True, 'active_session': None, 'wallet': {'balance': 0, 'transactions_count': 0}, 'status': 'active'}
2025-04-03 09:02:14,243 - werkzeug - INFO - 172.19.0.8 - - [03/Apr/2025 09:02:14] "GET /api/couriers/1682142222/status?chat_id=-1004755640016 HTTP/1.1" 200 -
2025-04-03 09:02:14,248 - __main__ - INFO - Получен запрос: GET /api/couriers/shifts
2025-04-03 09:02:14,249 - __main__ - INFO - Заголовки: {'Host': 'localhost', 'X-Real-Ip': '172.19.0.1', 'X-Forwarded-For': '172.19.0.1', 'X-Forwarded-Proto': 'http', 'X-Forwarded-Host': 'localhost', 'X-Original-Uri': '/api/couriers/shifts?chat_id=-1004755640016', 'Connection': 'close', 'Sec-Ch-Ua-Platform': '"Windows"', 'User-Agent': 'Mozilla/5.0 (Windows NT 10.0; Win64; x64) AppleWebKit/537.36 (KHTML, like Gecko) Chrome/132.0.0.0 YaBrowser/25.2.0.0 Safari/537.36', 'Sec-Ch-Ua': '"Not A(Brand";v="8", "Chromium";v="132", "YaBrowser";v="25.2", "Yowser";v="2.5"', 'Sec-Ch-Ua-Mobile': '?0', 'Accept': '*/*', 'Sec-Fetch-Site': 'same-origin', 'Sec-Fetch-Mode': 'cors', 'Sec-Fetch-Dest': 'empty', 'Referer': 'http://localhost/courier-schedule', 'Accept-Encoding': 'gzip, deflate, br, zstd', 'Accept-Language': 'ru,en;q=0.9'}
2025-04-03 09:02:14,249 - __main__ - INFO - Обработка запроса на /api/couriers/shifts без CORS декораторов
2025-04-03 09:02:14,253 - werkzeug - INFO - 172.19.0.8 - - [03/Apr/2025 09:02:14] "GET /api/couriers/shifts?chat_id=-1004755640016 HTTP/1.1" 200 -
2025-04-03 09:02:27,908 - __main__ - INFO - Получен запрос: POST /api/couriers/access/settings
2025-04-03 09:02:27,909 - __main__ - INFO - Заголовки: {'Host': 'localhost', 'X-Real-Ip': '172.19.0.1', 'X-Forwarded-For': '172.19.0.1', 'X-Forwarded-Proto': 'http', 'X-Forwarded-Host': 'localhost', 'X-Original-Uri': '/api/couriers/access/settings', 'Connection': 'close', 'Content-Length': '387', 'Sec-Ch-Ua-Platform': '"Windows"', 'User-Agent': 'Mozilla/5.0 (Windows NT 10.0; Win64; x64) AppleWebKit/537.36 (KHTML, like Gecko) Chrome/132.0.0.0 YaBrowser/25.2.0.0 Safari/537.36', 'Sec-Ch-Ua': '"Not A(Brand";v="8", "Chromium";v="132", "YaBrowser";v="25.2", "Yowser";v="2.5"', 'Content-Type': 'application/json', 'Sec-Ch-Ua-Mobile': '?0', 'Accept': '*/*', 'Origin': 'http://localhost', 'Sec-Fetch-Site': 'same-origin', 'Sec-Fetch-Mode': 'cors', 'Sec-Fetch-Dest': 'empty', 'Referer': 'http://localhost/courier-schedule', 'Accept-Encoding': 'gzip, deflate, br, zstd', 'Accept-Language': 'ru,en;q=0.9'}
2025-04-03 09:02:27,909 - api.couriers.access.routes - INFO - 📝 Получены данные для обновления настроек доступа:
2025-04-03 09:02:27,910 - api.couriers.access.routes - INFO - 🔑 Ключи в запросе: ['chat_id', 'allowMultipleShifts', 'autoApprove', 'allowSameDay', 'registrationStartDay', 'registrationStartHour', 'registrationStartMinute', 'offsetType', 'offsetAmount', 'periodLength', 'isAlwaysActive', 'activeStartDate', 'activeEndDate', 'daysAhead', 'enabledDates', 'restrictedUsers', 'lastUpdated']
2025-04-03 09:02:27,923 - api.couriers.access.routes - INFO - ✅ Настройки успешно обновлены
2025-04-03 09:02:27,924 - api.couriers.access.routes - INFO - 🔑 Ключи в обновленных настройках: ['chat_id', 'allowMultipleShifts', 'autoApprove', 'allowSameDay', 'registrationStartDay', 'registrationStartHour', 'registrationStartMinute', 'offsetType', 'offsetAmount', 'periodLength', 'isAlwaysActive', 'activeStartDate', 'activeEndDate', 'daysAhead', 'enabledDates', 'restrictedUsers', 'lastUpdated']
2025-04-03 09:02:27,924 - api.couriers.access.routes - INFO - 📤 Отправка запроса на применение настроек с chat_id=-1004755640016
2025-04-03 09:02:27,925 - urllib3.connectionpool - DEBUG - Starting new HTTP connection (1): scheduler:8002
2025-04-03 09:02:27,946 - urllib3.connectionpool - DEBUG - http://scheduler:8002 "POST /apply-access-settings HTTP/1.1" 200 297
2025-04-03 09:02:27,947 - api.couriers.access.routes - INFO - ✅ Запрос на применение настроек успешно отправлен
2025-04-03 09:02:27,947 - api.couriers.access.routes - INFO - 📤 Отправка запроса на перезагрузку задач
2025-04-03 09:02:27,948 - urllib3.connectionpool - DEBUG - Starting new HTTP connection (1): scheduler:8002
2025-04-03 09:02:27,959 - urllib3.connectionpool - DEBUG - http://scheduler:8002 "POST /scheduler/reload-tasks HTTP/1.1" 200 233
2025-04-03 09:02:27,959 - api.couriers.access.routes - INFO - ✅ Запрос на перезагрузку задач успешно отправлен
2025-04-03 09:02:27,960 - werkzeug - INFO - 172.19.0.8 - - [03/Apr/2025 09:02:27] "POST /api/couriers/access/settings HTTP/1.1" 200 -
2025-04-03 09:04:59,731 - models.database - INFO - ✅ Соединение с базой данных установлено
2025-04-03 09:04:59,732 - models.database - INFO - ✅ Таблица access_settings успешно создана или уже существует
2025-04-03 09:04:59,735 - models.database - INFO - ✅ Таблица shifts успешно создана или уже существует
2025-04-03 09:04:59,735 - models.database - INFO - ✅ Все необходимые таблицы успешно созданы или уже существуют
2025-04-03 09:04:59,735 - models.database - INFO - ✅ DatabaseService инициализирован. Подключение к базе: postgres:5432/appninjabot
2025-04-03 09:04:59,866 - data.shifts - INFO - Основной путь к файлу смен: /app/data/shifts.json
2025-04-03 09:04:59,867 - data.shifts - INFO - Альтернативный путь: /app/data/shifts.json
2025-04-03 09:04:59,867 - data.shifts - INFO - Альтернативный путь: /app/backend/data/shifts.json
2025-04-03 09:04:59,867 - data.shifts - INFO - Альтернативный путь: /app/data/shifts.json
2025-04-03 09:04:59,869 - data.shifts - INFO - Альтернативный путь: shifts.json
2025-04-03 09:05:00,341 - telegramNinjaBot.bot - INFO - Бот запущен в окружении: development
2025-04-03 09:05:00,359 - werkzeug - INFO - [31m[1mWARNING: This is a development server. Do not use it in a production deployment. Use a production WSGI server instead.[0m
 * Running on all addresses (0.0.0.0)
 * Running on http://127.0.0.1:8000
 * Running on http://172.19.0.5:8000
2025-04-03 09:05:00,360 - werkzeug - INFO - [33mPress CTRL+C to quit[0m
2025-04-03 09:05:21,700 - __main__ - INFO - Получен запрос: GET /api/reserves
2025-04-03 09:05:21,701 - __main__ - INFO - Заголовки: {'Host': 'localhost', 'X-Real-Ip': '172.19.0.1', 'X-Forwarded-For': '172.19.0.1', 'X-Forwarded-Proto': 'http', 'X-Forwarded-Host': 'localhost', 'X-Original-Uri': '/api/reserves', 'Connection': 'close', 'Sec-Ch-Ua-Platform': '"Windows"', 'User-Agent': 'Mozilla/5.0 (Windows NT 10.0; Win64; x64) AppleWebKit/537.36 (KHTML, like Gecko) Chrome/132.0.0.0 YaBrowser/25.2.0.0 Safari/537.36', 'Sec-Ch-Ua': '"Not A(Brand";v="8", "Chromium";v="132", "YaBrowser";v="25.2", "Yowser";v="2.5"', 'Sec-Ch-Ua-Mobile': '?0', 'Accept': '*/*', 'Sec-Fetch-Site': 'same-origin', 'Sec-Fetch-Mode': 'cors', 'Sec-Fetch-Dest': 'empty', 'Referer': 'http://localhost/courier-schedule', 'Accept-Encoding': 'gzip, deflate, br, zstd', 'Accept-Language': 'ru,en;q=0.9'}
2025-04-03 09:05:21,701 - __main__ - INFO - Обработка запроса на /api/reserves без CORS декораторов
2025-04-03 09:05:21,707 - werkzeug - INFO - 172.19.0.8 - - [03/Apr/2025 09:05:21] "GET /api/reserves HTTP/1.1" 200 -
2025-04-03 09:05:21,828 - __main__ - INFO - Получен запрос: GET /api/reserves
2025-04-03 09:05:21,829 - __main__ - INFO - Заголовки: {'Host': 'localhost', 'X-Real-Ip': '172.19.0.1', 'X-Forwarded-For': '172.19.0.1', 'X-Forwarded-Proto': 'http', 'X-Forwarded-Host': 'localhost', 'X-Original-Uri': '/api/reserves', 'Connection': 'close', 'Sec-Ch-Ua-Platform': '"Windows"', 'User-Agent': 'Mozilla/5.0 (Windows NT 10.0; Win64; x64) AppleWebKit/537.36 (KHTML, like Gecko) Chrome/132.0.0.0 YaBrowser/25.2.0.0 Safari/537.36', 'Sec-Ch-Ua': '"Not A(Brand";v="8", "Chromium";v="132", "YaBrowser";v="25.2", "Yowser";v="2.5"', 'Sec-Ch-Ua-Mobile': '?0', 'Accept': '*/*', 'Sec-Fetch-Site': 'same-origin', 'Sec-Fetch-Mode': 'cors', 'Sec-Fetch-Dest': 'empty', 'Referer': 'http://localhost/courier-schedule', 'Accept-Encoding': 'gzip, deflate, br, zstd', 'Accept-Language': 'ru,en;q=0.9'}
2025-04-03 09:05:21,829 - __main__ - INFO - Обработка запроса на /api/reserves без CORS декораторов
2025-04-03 09:05:21,837 - werkzeug - INFO - 172.19.0.8 - - [03/Apr/2025 09:05:21] "GET /api/reserves HTTP/1.1" 200 -
2025-04-03 09:05:21,953 - __main__ - INFO - Получен запрос: GET /api/couriers/access/settings
2025-04-03 09:05:21,953 - __main__ - INFO - Заголовки: {'Host': 'localhost', 'X-Real-Ip': '172.19.0.1', 'X-Forwarded-For': '172.19.0.1', 'X-Forwarded-Proto': 'http', 'X-Forwarded-Host': 'localhost', 'X-Original-Uri': '/api/couriers/access/settings?chat_id=-1004755640016', 'Connection': 'close', 'Sec-Ch-Ua-Platform': '"Windows"', 'User-Agent': 'Mozilla/5.0 (Windows NT 10.0; Win64; x64) AppleWebKit/537.36 (KHTML, like Gecko) Chrome/132.0.0.0 YaBrowser/25.2.0.0 Safari/537.36', 'Sec-Ch-Ua': '"Not A(Brand";v="8", "Chromium";v="132", "YaBrowser";v="25.2", "Yowser";v="2.5"', 'Sec-Ch-Ua-Mobile': '?0', 'Accept': '*/*', 'Sec-Fetch-Site': 'same-origin', 'Sec-Fetch-Mode': 'cors', 'Sec-Fetch-Dest': 'empty', 'Referer': 'http://localhost/courier-schedule', 'Accept-Encoding': 'gzip, deflate, br, zstd', 'Accept-Language': 'ru,en;q=0.9'}
2025-04-03 09:05:21,954 - api.couriers.access.routes - INFO - 📝 Запрос настроек доступа: chat_id=-1004755640016
2025-04-03 09:05:21,958 - __main__ - INFO - Получен запрос: GET /api/couriers/1682142222/status
2025-04-03 09:05:21,959 - __main__ - INFO - Заголовки: {'Host': 'localhost', 'X-Real-Ip': '172.19.0.1', 'X-Forwarded-For': '172.19.0.1', 'X-Forwarded-Proto': 'http', 'X-Forwarded-Host': 'localhost', 'X-Original-Uri': '/api/couriers/1682142222/status?chat_id=-1004755640016', 'Connection': 'close', 'Sec-Ch-Ua-Platform': '"Windows"', 'User-Agent': 'Mozilla/5.0 (Windows NT 10.0; Win64; x64) AppleWebKit/537.36 (KHTML, like Gecko) Chrome/132.0.0.0 YaBrowser/25.2.0.0 Safari/537.36', 'Accept': 'application/json, text/plain, */*', 'Sec-Ch-Ua': '"Not A(Brand";v="8", "Chromium";v="132", "YaBrowser";v="25.2", "Yowser";v="2.5"', 'Sec-Ch-Ua-Mobile': '?0', 'Sec-Fetch-Site': 'same-origin', 'Sec-Fetch-Mode': 'cors', 'Sec-Fetch-Dest': 'empty', 'Referer': 'http://localhost/courier-schedule', 'Accept-Encoding': 'gzip, deflate, br, zstd', 'Accept-Language': 'ru,en;q=0.9'}
2025-04-03 09:05:21,960 - api.couriers.routes - INFO - === Получение статуса курьера 1682142222 ===
2025-04-03 09:05:21,961 - api.couriers.routes - INFO - Chat ID из запроса: -1004755640016
2025-04-03 09:05:21,970 - api.couriers.access.routes - INFO - ✅ Настройки загружены: 17 полей
2025-04-03 09:05:21,971 - werkzeug - INFO - 172.19.0.8 - - [03/Apr/2025 09:05:21] "GET /api/couriers/access/settings?chat_id=-1004755640016 HTTP/1.1" 200 -
2025-04-03 09:05:21,974 - __main__ - INFO - Получен запрос: GET /api/couriers/access/settings
2025-04-03 09:05:21,974 - __main__ - INFO - Заголовки: {'Host': 'localhost', 'X-Real-Ip': '172.19.0.1', 'X-Forwarded-For': '172.19.0.1', 'X-Forwarded-Proto': 'http', 'X-Forwarded-Host': 'localhost', 'X-Original-Uri': '/api/couriers/access/settings?chat_id=-1004755640016', 'Connection': 'close', 'Sec-Ch-Ua-Platform': '"Windows"', 'User-Agent': 'Mozilla/5.0 (Windows NT 10.0; Win64; x64) AppleWebKit/537.36 (KHTML, like Gecko) Chrome/132.0.0.0 YaBrowser/25.2.0.0 Safari/537.36', 'Sec-Ch-Ua': '"Not A(Brand";v="8", "Chromium";v="132", "YaBrowser";v="25.2", "Yowser";v="2.5"', 'Sec-Ch-Ua-Mobile': '?0', 'Accept': '*/*', 'Sec-Fetch-Site': 'same-origin', 'Sec-Fetch-Mode': 'cors', 'Sec-Fetch-Dest': 'empty', 'Referer': 'http://localhost/courier-schedule', 'Accept-Encoding': 'gzip, deflate, br, zstd', 'Accept-Language': 'ru,en;q=0.9'}
2025-04-03 09:05:21,975 - api.couriers.access.routes - INFO - 📝 Запрос настроек доступа: chat_id=-1004755640016
2025-04-03 09:05:21,978 - api.couriers.routes - INFO - Возвращаем статус курьера: {'user_id': 1682142222, 'first_name': 'Андрей', 'last_name': 'Николаевич', 'username': 'andrejnikolaevich1999', 'photo_url': 'https://api.telegram.org/file/bot7878489788:AAHupjPYeWpzVwo77F_BCR6fIA1I_P8p_Uc/photos/file_0.jpg', 'chat_id': '-1004755640016', 'is_admin': True, 'is_senior_courier': True, 'active_session': None, 'wallet': {'balance': 0, 'transactions_count': 0}, 'status': 'active'}
2025-04-03 09:05:21,987 - werkzeug - INFO - 172.19.0.8 - - [03/Apr/2025 09:05:21] "GET /api/couriers/1682142222/status?chat_id=-1004755640016 HTTP/1.1" 200 -
2025-04-03 09:05:21,991 - api.couriers.access.routes - INFO - ✅ Настройки загружены: 17 полей
2025-04-03 09:05:21,993 - __main__ - INFO - Получен запрос: GET /api/couriers/1682142222/status
2025-04-03 09:05:21,994 - werkzeug - INFO - 172.19.0.8 - - [03/Apr/2025 09:05:21] "GET /api/couriers/access/settings?chat_id=-1004755640016 HTTP/1.1" 200 -
2025-04-03 09:05:21,998 - __main__ - INFO - Заголовки: {'Host': 'localhost', 'X-Real-Ip': '172.19.0.1', 'X-Forwarded-For': '172.19.0.1', 'X-Forwarded-Proto': 'http', 'X-Forwarded-Host': 'localhost', 'X-Original-Uri': '/api/couriers/1682142222/status?chat_id=-1004755640016', 'Connection': 'close', 'Sec-Ch-Ua-Platform': '"Windows"', 'User-Agent': 'Mozilla/5.0 (Windows NT 10.0; Win64; x64) AppleWebKit/537.36 (KHTML, like Gecko) Chrome/132.0.0.0 YaBrowser/25.2.0.0 Safari/537.36', 'Accept': 'application/json, text/plain, */*', 'Sec-Ch-Ua': '"Not A(Brand";v="8", "Chromium";v="132", "YaBrowser";v="25.2", "Yowser";v="2.5"', 'Sec-Ch-Ua-Mobile': '?0', 'Sec-Fetch-Site': 'same-origin', 'Sec-Fetch-Mode': 'cors', 'Sec-Fetch-Dest': 'empty', 'Referer': 'http://localhost/courier-schedule', 'Accept-Encoding': 'gzip, deflate, br, zstd', 'Accept-Language': 'ru,en;q=0.9'}
2025-04-03 09:05:22,000 - __main__ - INFO - Получен запрос: GET /api/couriers/shifts
2025-04-03 09:05:22,001 - api.couriers.routes - INFO - === Получение статуса курьера 1682142222 ===
2025-04-03 09:05:22,003 - __main__ - INFO - Заголовки: {'Host': 'localhost', 'X-Real-Ip': '172.19.0.1', 'X-Forwarded-For': '172.19.0.1', 'X-Forwarded-Proto': 'http', 'X-Forwarded-Host': 'localhost', 'X-Original-Uri': '/api/couriers/shifts?chat_id=-1004755640016', 'Connection': 'close', 'Sec-Ch-Ua-Platform': '"Windows"', 'User-Agent': 'Mozilla/5.0 (Windows NT 10.0; Win64; x64) AppleWebKit/537.36 (KHTML, like Gecko) Chrome/132.0.0.0 YaBrowser/25.2.0.0 Safari/537.36', 'Sec-Ch-Ua': '"Not A(Brand";v="8", "Chromium";v="132", "YaBrowser";v="25.2", "Yowser";v="2.5"', 'Sec-Ch-Ua-Mobile': '?0', 'Accept': '*/*', 'Sec-Fetch-Site': 'same-origin', 'Sec-Fetch-Mode': 'cors', 'Sec-Fetch-Dest': 'empty', 'Referer': 'http://localhost/courier-schedule', 'Accept-Encoding': 'gzip, deflate, br, zstd', 'Accept-Language': 'ru,en;q=0.9'}
2025-04-03 09:05:22,005 - api.couriers.routes - INFO - Chat ID из запроса: -1004755640016
2025-04-03 09:05:22,007 - __main__ - INFO - Обработка запроса на /api/couriers/shifts без CORS декораторов
2025-04-03 09:05:22,010 - werkzeug - INFO - 172.19.0.8 - - [03/Apr/2025 09:05:22] "GET /api/couriers/shifts?chat_id=-1004755640016 HTTP/1.1" 200 -
2025-04-03 09:05:22,022 - api.couriers.routes - INFO - Возвращаем статус курьера: {'user_id': 1682142222, 'first_name': 'Андрей', 'last_name': 'Николаевич', 'username': 'andrejnikolaevich1999', 'photo_url': 'https://api.telegram.org/file/bot7878489788:AAHupjPYeWpzVwo77F_BCR6fIA1I_P8p_Uc/photos/file_0.jpg', 'chat_id': '-1004755640016', 'is_admin': True, 'is_senior_courier': True, 'active_session': None, 'wallet': {'balance': 0, 'transactions_count': 0}, 'status': 'active'}
2025-04-03 09:05:22,023 - werkzeug - INFO - 172.19.0.8 - - [03/Apr/2025 09:05:22] "GET /api/couriers/1682142222/status?chat_id=-1004755640016 HTTP/1.1" 200 -
2025-04-03 09:05:22,030 - __main__ - INFO - Получен запрос: GET /api/couriers/shifts
2025-04-03 09:05:22,031 - __main__ - INFO - Заголовки: {'Host': 'localhost', 'X-Real-Ip': '172.19.0.1', 'X-Forwarded-For': '172.19.0.1', 'X-Forwarded-Proto': 'http', 'X-Forwarded-Host': 'localhost', 'X-Original-Uri': '/api/couriers/shifts?chat_id=-1004755640016', 'Connection': 'close', 'Sec-Ch-Ua-Platform': '"Windows"', 'User-Agent': 'Mozilla/5.0 (Windows NT 10.0; Win64; x64) AppleWebKit/537.36 (KHTML, like Gecko) Chrome/132.0.0.0 YaBrowser/25.2.0.0 Safari/537.36', 'Sec-Ch-Ua': '"Not A(Brand";v="8", "Chromium";v="132", "YaBrowser";v="25.2", "Yowser";v="2.5"', 'Sec-Ch-Ua-Mobile': '?0', 'Accept': '*/*', 'Sec-Fetch-Site': 'same-origin', 'Sec-Fetch-Mode': 'cors', 'Sec-Fetch-Dest': 'empty', 'Referer': 'http://localhost/courier-schedule', 'Accept-Encoding': 'gzip, deflate, br, zstd', 'Accept-Language': 'ru,en;q=0.9'}
2025-04-03 09:05:22,031 - __main__ - INFO - Обработка запроса на /api/couriers/shifts без CORS декораторов
2025-04-03 09:05:22,034 - werkzeug - INFO - 172.19.0.8 - - [03/Apr/2025 09:05:22] "GET /api/couriers/shifts?chat_id=-1004755640016 HTTP/1.1" 200 -
2025-04-03 09:05:39,639 - __main__ - INFO - Получен запрос: POST /api/couriers/access/settings
2025-04-03 09:05:39,639 - __main__ - INFO - Заголовки: {'Host': 'localhost', 'X-Real-Ip': '172.19.0.1', 'X-Forwarded-For': '172.19.0.1', 'X-Forwarded-Proto': 'http', 'X-Forwarded-Host': 'localhost', 'X-Original-Uri': '/api/couriers/access/settings', 'Connection': 'close', 'Content-Length': '388', 'Sec-Ch-Ua-Platform': '"Windows"', 'User-Agent': 'Mozilla/5.0 (Windows NT 10.0; Win64; x64) AppleWebKit/537.36 (KHTML, like Gecko) Chrome/132.0.0.0 YaBrowser/25.2.0.0 Safari/537.36', 'Sec-Ch-Ua': '"Not A(Brand";v="8", "Chromium";v="132", "YaBrowser";v="25.2", "Yowser";v="2.5"', 'Content-Type': 'application/json', 'Sec-Ch-Ua-Mobile': '?0', 'Accept': '*/*', 'Origin': 'http://localhost', 'Sec-Fetch-Site': 'same-origin', 'Sec-Fetch-Mode': 'cors', 'Sec-Fetch-Dest': 'empty', 'Referer': 'http://localhost/courier-schedule', 'Accept-Encoding': 'gzip, deflate, br, zstd', 'Accept-Language': 'ru,en;q=0.9'}
2025-04-03 09:05:39,640 - api.couriers.access.routes - INFO - 📝 Получены данные для обновления настроек доступа:
2025-04-03 09:05:39,640 - api.couriers.access.routes - INFO - 🔑 Ключи в запросе: ['chat_id', 'allowMultipleShifts', 'autoApprove', 'allowSameDay', 'registrationStartDay', 'registrationStartHour', 'registrationStartMinute', 'offsetType', 'offsetAmount', 'periodLength', 'isAlwaysActive', 'activeStartDate', 'activeEndDate', 'daysAhead', 'enabledDates', 'restrictedUsers', 'lastUpdated']
2025-04-03 09:05:39,655 - api.couriers.access.routes - INFO - ✅ Настройки успешно обновлены
2025-04-03 09:05:39,656 - api.couriers.access.routes - INFO - 🔑 Ключи в обновленных настройках: ['chat_id', 'allowMultipleShifts', 'autoApprove', 'allowSameDay', 'registrationStartDay', 'registrationStartHour', 'registrationStartMinute', 'offsetType', 'offsetAmount', 'periodLength', 'isAlwaysActive', 'activeStartDate', 'activeEndDate', 'daysAhead', 'enabledDates', 'restrictedUsers', 'lastUpdated']
2025-04-03 09:05:39,656 - api.couriers.access.routes - INFO - 📤 Отправка запроса на применение настроек с chat_id=-1004755640016
2025-04-03 09:05:39,658 - urllib3.connectionpool - DEBUG - Starting new HTTP connection (1): scheduler:8002
2025-04-03 09:05:39,678 - urllib3.connectionpool - DEBUG - http://scheduler:8002 "POST /apply-access-settings HTTP/1.1" 200 297
2025-04-03 09:05:39,680 - api.couriers.access.routes - INFO - ✅ Запрос на применение настроек успешно отправлен
2025-04-03 09:05:39,680 - api.couriers.access.routes - INFO - 📤 Отправка запроса на перезагрузку задач
2025-04-03 09:05:39,681 - urllib3.connectionpool - DEBUG - Starting new HTTP connection (1): scheduler:8002
2025-04-03 09:05:39,691 - urllib3.connectionpool - DEBUG - http://scheduler:8002 "POST /scheduler/reload-tasks HTTP/1.1" 200 233
2025-04-03 09:05:39,693 - api.couriers.access.routes - INFO - ✅ Запрос на перезагрузку задач успешно отправлен
2025-04-03 09:05:39,694 - werkzeug - INFO - 172.19.0.8 - - [03/Apr/2025 09:05:39] "POST /api/couriers/access/settings HTTP/1.1" 200 -
2025-04-03 09:05:43,592 - __main__ - INFO - Получен запрос: GET /api/couriers/shifts
2025-04-03 09:05:43,593 - __main__ - INFO - Заголовки: {'Host': 'localhost', 'X-Real-Ip': '172.19.0.1', 'X-Forwarded-For': '172.19.0.1', 'X-Forwarded-Proto': 'http', 'X-Forwarded-Host': 'localhost', 'X-Original-Uri': '/api/couriers/shifts?chat_id=-1004755640016', 'Connection': 'close', 'Sec-Ch-Ua-Platform': '"Windows"', 'User-Agent': 'Mozilla/5.0 (Windows NT 10.0; Win64; x64) AppleWebKit/537.36 (KHTML, like Gecko) Chrome/132.0.0.0 YaBrowser/25.2.0.0 Safari/537.36', 'Sec-Ch-Ua': '"Not A(Brand";v="8", "Chromium";v="132", "YaBrowser";v="25.2", "Yowser";v="2.5"', 'Sec-Ch-Ua-Mobile': '?0', 'Accept': '*/*', 'Sec-Fetch-Site': 'same-origin', 'Sec-Fetch-Mode': 'cors', 'Sec-Fetch-Dest': 'empty', 'Referer': 'http://localhost/courier-schedule', 'Accept-Encoding': 'gzip, deflate, br, zstd', 'Accept-Language': 'ru,en;q=0.9'}
2025-04-03 09:05:43,596 - __main__ - INFO - Обработка запроса на /api/couriers/shifts без CORS декораторов
2025-04-03 09:05:43,601 - werkzeug - INFO - 172.19.0.8 - - [03/Apr/2025 09:05:43] "GET /api/couriers/shifts?chat_id=-1004755640016 HTTP/1.1" 200 -
2025-04-03 09:05:43,602 - __main__ - INFO - Получен запрос: GET /api/couriers/access/settings
2025-04-03 09:05:43,603 - __main__ - INFO - Заголовки: {'Host': 'localhost', 'X-Real-Ip': '172.19.0.1', 'X-Forwarded-For': '172.19.0.1', 'X-Forwarded-Proto': 'http', 'X-Forwarded-Host': 'localhost', 'X-Original-Uri': '/api/couriers/access/settings?chat_id=-1004755640016', 'Connection': 'close', 'Sec-Ch-Ua-Platform': '"Windows"', 'User-Agent': 'Mozilla/5.0 (Windows NT 10.0; Win64; x64) AppleWebKit/537.36 (KHTML, like Gecko) Chrome/132.0.0.0 YaBrowser/25.2.0.0 Safari/537.36', 'Sec-Ch-Ua': '"Not A(Brand";v="8", "Chromium";v="132", "YaBrowser";v="25.2", "Yowser";v="2.5"', 'Sec-Ch-Ua-Mobile': '?0', 'Accept': '*/*', 'Sec-Fetch-Site': 'same-origin', 'Sec-Fetch-Mode': 'cors', 'Sec-Fetch-Dest': 'empty', 'Referer': 'http://localhost/courier-schedule', 'Accept-Encoding': 'gzip, deflate, br, zstd', 'Accept-Language': 'ru,en;q=0.9'}
2025-04-03 09:05:43,603 - api.couriers.access.routes - INFO - 📝 Запрос настроек доступа: chat_id=-1004755640016
2025-04-03 09:05:43,606 - __main__ - INFO - Получен запрос: GET /api/couriers/shifts
2025-04-03 09:05:43,606 - __main__ - INFO - Заголовки: {'Host': 'localhost', 'X-Real-Ip': '172.19.0.1', 'X-Forwarded-For': '172.19.0.1', 'X-Forwarded-Proto': 'http', 'X-Forwarded-Host': 'localhost', 'X-Original-Uri': '/api/couriers/shifts?chat_id=-1004755640016', 'Connection': 'close', 'Sec-Ch-Ua-Platform': '"Windows"', 'User-Agent': 'Mozilla/5.0 (Windows NT 10.0; Win64; x64) AppleWebKit/537.36 (KHTML, like Gecko) Chrome/132.0.0.0 YaBrowser/25.2.0.0 Safari/537.36', 'Sec-Ch-Ua': '"Not A(Brand";v="8", "Chromium";v="132", "YaBrowser";v="25.2", "Yowser";v="2.5"', 'Sec-Ch-Ua-Mobile': '?0', 'Accept': '*/*', 'Sec-Fetch-Site': 'same-origin', 'Sec-Fetch-Mode': 'cors', 'Sec-Fetch-Dest': 'empty', 'Referer': 'http://localhost/courier-schedule', 'Accept-Encoding': 'gzip, deflate, br, zstd', 'Accept-Language': 'ru,en;q=0.9'}
2025-04-03 09:05:43,606 - __main__ - INFO - Обработка запроса на /api/couriers/shifts без CORS декораторов
2025-04-03 09:05:43,607 - api.couriers.access.routes - INFO - ✅ Настройки загружены: 17 полей
2025-04-03 09:05:43,608 - werkzeug - INFO - 172.19.0.8 - - [03/Apr/2025 09:05:43] "GET /api/couriers/shifts?chat_id=-1004755640016 HTTP/1.1" 200 -
2025-04-03 09:05:43,608 - werkzeug - INFO - 172.19.0.8 - - [03/Apr/2025 09:05:43] "GET /api/couriers/access/settings?chat_id=-1004755640016 HTTP/1.1" 200 -
2025-04-03 09:05:43,614 - __main__ - INFO - Получен запрос: GET /api/couriers/access/settings
2025-04-03 09:05:43,614 - __main__ - INFO - Заголовки: {'Host': 'localhost', 'X-Real-Ip': '172.19.0.1', 'X-Forwarded-For': '172.19.0.1', 'X-Forwarded-Proto': 'http', 'X-Forwarded-Host': 'localhost', 'X-Original-Uri': '/api/couriers/access/settings?chat_id=-1004755640016', 'Connection': 'close', 'Sec-Ch-Ua-Platform': '"Windows"', 'User-Agent': 'Mozilla/5.0 (Windows NT 10.0; Win64; x64) AppleWebKit/537.36 (KHTML, like Gecko) Chrome/132.0.0.0 YaBrowser/25.2.0.0 Safari/537.36', 'Sec-Ch-Ua': '"Not A(Brand";v="8", "Chromium";v="132", "YaBrowser";v="25.2", "Yowser";v="2.5"', 'Sec-Ch-Ua-Mobile': '?0', 'Accept': '*/*', 'Sec-Fetch-Site': 'same-origin', 'Sec-Fetch-Mode': 'cors', 'Sec-Fetch-Dest': 'empty', 'Referer': 'http://localhost/courier-schedule', 'Accept-Encoding': 'gzip, deflate, br, zstd', 'Accept-Language': 'ru,en;q=0.9'}
2025-04-03 09:05:43,615 - api.couriers.access.routes - INFO - 📝 Запрос настроек доступа: chat_id=-1004755640016
2025-04-03 09:05:43,618 - api.couriers.access.routes - INFO - ✅ Настройки загружены: 17 полей
2025-04-03 09:05:43,619 - werkzeug - INFO - 172.19.0.8 - - [03/Apr/2025 09:05:43] "GET /api/couriers/access/settings?chat_id=-1004755640016 HTTP/1.1" 200 -
2025-04-03 09:05:44,053 - __main__ - INFO - Получен запрос: GET /api/couriers/shifts
2025-04-03 09:05:44,053 - __main__ - INFO - Заголовки: {'Host': 'localhost', 'X-Real-Ip': '172.19.0.1', 'X-Forwarded-For': '172.19.0.1', 'X-Forwarded-Proto': 'http', 'X-Forwarded-Host': 'localhost', 'X-Original-Uri': '/api/couriers/shifts?chat_id=-1004755640016', 'Connection': 'close', 'Sec-Ch-Ua-Platform': '"Windows"', 'User-Agent': 'Mozilla/5.0 (Windows NT 10.0; Win64; x64) AppleWebKit/537.36 (KHTML, like Gecko) Chrome/132.0.0.0 YaBrowser/25.2.0.0 Safari/537.36', 'Sec-Ch-Ua': '"Not A(Brand";v="8", "Chromium";v="132", "YaBrowser";v="25.2", "Yowser";v="2.5"', 'Sec-Ch-Ua-Mobile': '?0', 'Accept': '*/*', 'Sec-Fetch-Site': 'same-origin', 'Sec-Fetch-Mode': 'cors', 'Sec-Fetch-Dest': 'empty', 'Referer': 'http://localhost/courier-schedule', 'Accept-Encoding': 'gzip, deflate, br, zstd', 'Accept-Language': 'ru,en;q=0.9'}
2025-04-03 09:05:44,054 - __main__ - INFO - Обработка запроса на /api/couriers/shifts без CORS декораторов
2025-04-03 09:05:44,056 - werkzeug - INFO - 172.19.0.8 - - [03/Apr/2025 09:05:44] "GET /api/couriers/shifts?chat_id=-1004755640016 HTTP/1.1" 200 -
2025-04-03 09:26:10,191 - models.database - INFO - ✅ Соединение с базой данных установлено
2025-04-03 09:26:10,192 - models.database - INFO - ✅ Таблица access_settings успешно создана или уже существует
2025-04-03 09:26:10,195 - models.database - INFO - ✅ Таблица shifts успешно создана или уже существует
2025-04-03 09:26:10,195 - models.database - INFO - ✅ Все необходимые таблицы успешно созданы или уже существуют
2025-04-03 09:26:10,196 - models.database - INFO - ✅ DatabaseService инициализирован. Подключение к базе: postgres:5432/appninjabot
2025-04-03 09:26:10,305 - data.shifts - INFO - Основной путь к файлу смен: /app/data/shifts.json
2025-04-03 09:26:10,305 - data.shifts - INFO - Альтернативный путь: /app/data/shifts.json
2025-04-03 09:26:10,306 - data.shifts - INFO - Альтернативный путь: /app/backend/data/shifts.json
2025-04-03 09:26:10,306 - data.shifts - INFO - Альтернативный путь: /app/data/shifts.json
2025-04-03 09:26:10,306 - data.shifts - INFO - Альтернативный путь: shifts.json
2025-04-03 09:26:10,752 - telegramNinjaBot.bot - INFO - Бот запущен в окружении: development
2025-04-03 09:26:10,782 - werkzeug - INFO - [31m[1mWARNING: This is a development server. Do not use it in a production deployment. Use a production WSGI server instead.[0m
 * Running on all addresses (0.0.0.0)
 * Running on http://127.0.0.1:8000
 * Running on http://172.19.0.5:8000
2025-04-03 09:26:10,782 - werkzeug - INFO - [33mPress CTRL+C to quit[0m
2025-04-03 09:27:06,400 - __main__ - INFO - Получен запрос: POST /send_message
2025-04-03 09:27:06,400 - __main__ - INFO - Заголовки: {'Host': 'server:8000', 'User-Agent': 'curl/8.12.1', 'Accept': '*/*', 'Content-Type': 'application/json', 'Content-Length': '48'}
2025-04-03 09:27:06,401 - __main__ - INFO - Получен запрос на отправку сообщения
2025-04-03 09:27:06,402 - __main__ - ERROR - Ошибка при отправке сообщения: 400 Bad Request: The browser (or proxy) sent a request that this server could not understand.
2025-04-03 09:27:06,409 - __main__ - ERROR - Traceback (most recent call last):
  File "/usr/local/lib/python3.11/site-packages/werkzeug/wrappers/request.py", line 614, in get_json
    rv = self.json_module.loads(data)
         ^^^^^^^^^^^^^^^^^^^^^^^^^^^^
  File "/usr/local/lib/python3.11/site-packages/flask/json/provider.py", line 188, in loads
    return json.loads(s, **kwargs)
           ^^^^^^^^^^^^^^^^^^^^^^^
  File "/usr/local/lib/python3.11/json/__init__.py", line 346, in loads
    return _default_decoder.decode(s)
           ^^^^^^^^^^^^^^^^^^^^^^^^^^
  File "/usr/local/lib/python3.11/json/decoder.py", line 337, in decode
    obj, end = self.raw_decode(s, idx=_w(s, 0).end())
               ^^^^^^^^^^^^^^^^^^^^^^^^^^^^^^^^^^^^^^
  File "/usr/local/lib/python3.11/json/decoder.py", line 353, in raw_decode
    obj, end = self.scan_once(s, idx)
               ^^^^^^^^^^^^^^^^^^^^^^
json.decoder.JSONDecodeError: Expecting property name enclosed in double quotes: line 1 column 2 (char 1)

During handling of the above exception, another exception occurred:

Traceback (most recent call last):
  File "/usr/local/lib/python3.11/site-packages/flask/wrappers.py", line 130, in on_json_loading_failed
    return super().on_json_loading_failed(e)
           ^^^^^^^^^^^^^^^^^^^^^^^^^^^^^^^^^
  File "/usr/local/lib/python3.11/site-packages/werkzeug/wrappers/request.py", line 648, in on_json_loading_failed
    raise BadRequest(f"Failed to decode JSON object: {e}")
werkzeug.exceptions.BadRequest: 400 Bad Request: Failed to decode JSON object: Expecting property name enclosed in double quotes: line 1 column 2 (char 1)

The above exception was the direct cause of the following exception:

Traceback (most recent call last):
  File "/app/app.py", line 221, in send_message_proxy
    data = request.json
           ^^^^^^^^^^^^
  File "/usr/local/lib/python3.11/site-packages/werkzeug/wrappers/request.py", line 561, in json
    return self.get_json()
           ^^^^^^^^^^^^^^^
  File "/usr/local/lib/python3.11/site-packages/werkzeug/wrappers/request.py", line 623, in get_json
    rv = self.on_json_loading_failed(e)
         ^^^^^^^^^^^^^^^^^^^^^^^^^^^^^^
  File "/usr/local/lib/python3.11/site-packages/flask/wrappers.py", line 135, in on_json_loading_failed
    raise BadRequest() from e
werkzeug.exceptions.BadRequest: 400 Bad Request: The browser (or proxy) sent a request that this server could not understand.

2025-04-03 09:27:06,410 - werkzeug - INFO - 172.19.0.8 - - [03/Apr/2025 09:27:06] "[35m[1mPOST /send_message HTTP/1.1[0m" 500 -
2025-04-03 09:27:13,593 - __main__ - INFO - Получен запрос: POST /send_message
2025-04-03 09:27:13,594 - __main__ - INFO - Заголовки: {'Host': 'server:8000', 'User-Agent': 'curl/8.12.1', 'Accept': '*/*', 'Content-Type': 'application/json', 'Content-Length': '2'}
2025-04-03 09:27:13,595 - __main__ - INFO - Получен запрос на отправку сообщения
2025-04-03 09:27:13,595 - __main__ - ERROR - Ошибка при отправке сообщения: 400 Bad Request: The browser (or proxy) sent a request that this server could not understand.
2025-04-03 09:27:13,600 - __main__ - ERROR - Traceback (most recent call last):
  File "/usr/local/lib/python3.11/site-packages/werkzeug/wrappers/request.py", line 614, in get_json
    rv = self.json_module.loads(data)
         ^^^^^^^^^^^^^^^^^^^^^^^^^^^^
  File "/usr/local/lib/python3.11/site-packages/flask/json/provider.py", line 188, in loads
    return json.loads(s, **kwargs)
           ^^^^^^^^^^^^^^^^^^^^^^^
  File "/usr/local/lib/python3.11/json/__init__.py", line 346, in loads
    return _default_decoder.decode(s)
           ^^^^^^^^^^^^^^^^^^^^^^^^^^
  File "/usr/local/lib/python3.11/json/decoder.py", line 337, in decode
    obj, end = self.raw_decode(s, idx=_w(s, 0).end())
               ^^^^^^^^^^^^^^^^^^^^^^^^^^^^^^^^^^^^^^
  File "/usr/local/lib/python3.11/json/decoder.py", line 353, in raw_decode
    obj, end = self.scan_once(s, idx)
               ^^^^^^^^^^^^^^^^^^^^^^
json.decoder.JSONDecodeError: Expecting property name enclosed in double quotes: line 1 column 2 (char 1)

During handling of the above exception, another exception occurred:

Traceback (most recent call last):
  File "/usr/local/lib/python3.11/site-packages/flask/wrappers.py", line 130, in on_json_loading_failed
    return super().on_json_loading_failed(e)
           ^^^^^^^^^^^^^^^^^^^^^^^^^^^^^^^^^
  File "/usr/local/lib/python3.11/site-packages/werkzeug/wrappers/request.py", line 648, in on_json_loading_failed
    raise BadRequest(f"Failed to decode JSON object: {e}")
werkzeug.exceptions.BadRequest: 400 Bad Request: Failed to decode JSON object: Expecting property name enclosed in double quotes: line 1 column 2 (char 1)

The above exception was the direct cause of the following exception:

Traceback (most recent call last):
  File "/app/app.py", line 221, in send_message_proxy
    data = request.json
           ^^^^^^^^^^^^
  File "/usr/local/lib/python3.11/site-packages/werkzeug/wrappers/request.py", line 561, in json
    return self.get_json()
           ^^^^^^^^^^^^^^^
  File "/usr/local/lib/python3.11/site-packages/werkzeug/wrappers/request.py", line 623, in get_json
    rv = self.on_json_loading_failed(e)
         ^^^^^^^^^^^^^^^^^^^^^^^^^^^^^^
  File "/usr/local/lib/python3.11/site-packages/flask/wrappers.py", line 135, in on_json_loading_failed
    raise BadRequest() from e
werkzeug.exceptions.BadRequest: 400 Bad Request: The browser (or proxy) sent a request that this server could not understand.

2025-04-03 09:27:13,600 - werkzeug - INFO - 172.19.0.8 - - [03/Apr/2025 09:27:13] "[35m[1mPOST /send_message HTTP/1.1[0m" 500 -
2025-04-03 09:27:43,851 - models.database - INFO - ✅ Соединение с базой данных установлено
2025-04-03 09:27:43,852 - models.database - INFO - ✅ Таблица access_settings успешно создана или уже существует
2025-04-03 09:27:43,855 - models.database - INFO - ✅ Таблица shifts успешно создана или уже существует
2025-04-03 09:27:43,855 - models.database - INFO - ✅ Все необходимые таблицы успешно созданы или уже существуют
2025-04-03 09:27:43,855 - models.database - INFO - ✅ DatabaseService инициализирован. Подключение к базе: postgres:5432/appninjabot
2025-04-03 09:27:43,952 - data.shifts - INFO - Основной путь к файлу смен: /app/data/shifts.json
2025-04-03 09:27:43,953 - data.shifts - INFO - Альтернативный путь: /app/data/shifts.json
2025-04-03 09:27:43,953 - data.shifts - INFO - Альтернативный путь: /app/backend/data/shifts.json
2025-04-03 09:27:43,953 - data.shifts - INFO - Альтернативный путь: /app/data/shifts.json
2025-04-03 09:27:43,954 - data.shifts - INFO - Альтернативный путь: shifts.json
2025-04-03 09:27:44,320 - telegramNinjaBot.bot - INFO - Бот запущен в окружении: development
2025-04-03 09:27:44,338 - werkzeug - INFO - [31m[1mWARNING: This is a development server. Do not use it in a production deployment. Use a production WSGI server instead.[0m
 * Running on all addresses (0.0.0.0)
 * Running on http://127.0.0.1:8000
 * Running on http://172.19.0.5:8000
2025-04-03 09:27:44,338 - werkzeug - INFO - [33mPress CTRL+C to quit[0m
2025-04-03 09:28:53,880 - __main__ - INFO - Получен запрос: POST /send_message
2025-04-03 09:28:53,881 - __main__ - INFO - Заголовки: {'Host': 'localhost:8000', 'User-Agent': 'python-requests/2.31.0', 'Accept-Encoding': 'gzip, deflate', 'Accept': '*/*', 'Connection': 'keep-alive', 'Content-Length': '144', 'Content-Type': 'application/json'}
2025-04-03 09:28:53,881 - __main__ - INFO - Получен запрос на отправку сообщения
2025-04-03 09:28:53,881 - __main__ - INFO - Данные запроса: {'chat_id': '-1004755640016', 'text': 'Тестовое сообщение'}
2025-04-03 09:28:53,883 - urllib3.connectionpool - DEBUG - Starting new HTTP connection (1): bot:8001
2025-04-03 09:28:53,888 - urllib3.connectionpool - DEBUG - http://bot:8001 "POST /api/send_message HTTP/1.1" 404 232
2025-04-03 09:28:53,889 - __main__ - INFO - Ответ от бота: 404, <!DOCTYPE HTML PUBLIC "-//W3C//DTD HTML 3.2 Final//EN">
<title>404 Not Found</title>
<h1>Not Found</h1>
<p>The requested URL was not found on the server. If you entered the URL manually please check your spelling and try again.</p>

2025-04-03 09:28:53,891 - werkzeug - INFO - 127.0.0.1 - - [03/Apr/2025 09:28:53] "[33mPOST /send_message HTTP/1.1[0m" 404 -
2025-04-03 09:37:29,148 - __main__ - INFO - Получен запрос: GET /api/reserves
2025-04-03 09:37:29,148 - __main__ - INFO - Заголовки: {'Host': 'localhost', 'X-Real-Ip': '172.19.0.1', 'X-Forwarded-For': '172.19.0.1', 'X-Forwarded-Proto': 'http', 'X-Forwarded-Host': 'localhost', 'X-Original-Uri': '/api/reserves', 'Connection': 'close', 'Sec-Ch-Ua-Platform': '"Windows"', 'User-Agent': 'Mozilla/5.0 (Windows NT 10.0; Win64; x64) AppleWebKit/537.36 (KHTML, like Gecko) Chrome/132.0.0.0 YaBrowser/25.2.0.0 Safari/537.36', 'Sec-Ch-Ua': '"Not A(Brand";v="8", "Chromium";v="132", "YaBrowser";v="25.2", "Yowser";v="2.5"', 'Sec-Ch-Ua-Mobile': '?0', 'Accept': '*/*', 'Sec-Fetch-Site': 'same-origin', 'Sec-Fetch-Mode': 'cors', 'Sec-Fetch-Dest': 'empty', 'Referer': 'http://localhost/courier-schedule', 'Accept-Encoding': 'gzip, deflate, br, zstd', 'Accept-Language': 'ru,en;q=0.9'}
2025-04-03 09:37:29,149 - __main__ - INFO - Обработка запроса на /api/reserves без CORS декораторов
2025-04-03 09:37:29,154 - werkzeug - INFO - 172.19.0.8 - - [03/Apr/2025 09:37:29] "GET /api/reserves HTTP/1.1" 200 -
2025-04-03 09:37:29,258 - __main__ - INFO - Получен запрос: GET /api/reserves
2025-04-03 09:37:29,259 - __main__ - INFO - Заголовки: {'Host': 'localhost', 'X-Real-Ip': '172.19.0.1', 'X-Forwarded-For': '172.19.0.1', 'X-Forwarded-Proto': 'http', 'X-Forwarded-Host': 'localhost', 'X-Original-Uri': '/api/reserves', 'Connection': 'close', 'Sec-Ch-Ua-Platform': '"Windows"', 'User-Agent': 'Mozilla/5.0 (Windows NT 10.0; Win64; x64) AppleWebKit/537.36 (KHTML, like Gecko) Chrome/132.0.0.0 YaBrowser/25.2.0.0 Safari/537.36', 'Sec-Ch-Ua': '"Not A(Brand";v="8", "Chromium";v="132", "YaBrowser";v="25.2", "Yowser";v="2.5"', 'Sec-Ch-Ua-Mobile': '?0', 'Accept': '*/*', 'Sec-Fetch-Site': 'same-origin', 'Sec-Fetch-Mode': 'cors', 'Sec-Fetch-Dest': 'empty', 'Referer': 'http://localhost/courier-schedule', 'Accept-Encoding': 'gzip, deflate, br, zstd', 'Accept-Language': 'ru,en;q=0.9'}
2025-04-03 09:37:29,260 - __main__ - INFO - Обработка запроса на /api/reserves без CORS декораторов
2025-04-03 09:37:29,265 - werkzeug - INFO - 172.19.0.8 - - [03/Apr/2025 09:37:29] "GET /api/reserves HTTP/1.1" 200 -
2025-04-03 09:37:29,352 - __main__ - INFO - Получен запрос: GET /api/couriers/access/settings
2025-04-03 09:37:29,353 - __main__ - INFO - Заголовки: {'Host': 'localhost', 'X-Real-Ip': '172.19.0.1', 'X-Forwarded-For': '172.19.0.1', 'X-Forwarded-Proto': 'http', 'X-Forwarded-Host': 'localhost', 'X-Original-Uri': '/api/couriers/access/settings?chat_id=-1004755640016', 'Connection': 'close', 'Sec-Ch-Ua-Platform': '"Windows"', 'User-Agent': 'Mozilla/5.0 (Windows NT 10.0; Win64; x64) AppleWebKit/537.36 (KHTML, like Gecko) Chrome/132.0.0.0 YaBrowser/25.2.0.0 Safari/537.36', 'Sec-Ch-Ua': '"Not A(Brand";v="8", "Chromium";v="132", "YaBrowser";v="25.2", "Yowser";v="2.5"', 'Sec-Ch-Ua-Mobile': '?0', 'Accept': '*/*', 'Sec-Fetch-Site': 'same-origin', 'Sec-Fetch-Mode': 'cors', 'Sec-Fetch-Dest': 'empty', 'Referer': 'http://localhost/courier-schedule', 'Accept-Encoding': 'gzip, deflate, br, zstd', 'Accept-Language': 'ru,en;q=0.9'}
2025-04-03 09:37:29,354 - api.couriers.access.routes - INFO - 📝 Запрос настроек доступа: chat_id=-1004755640016
2025-04-03 09:37:29,360 - __main__ - INFO - Получен запрос: GET /api/couriers/1682142222/status
2025-04-03 09:37:29,361 - __main__ - INFO - Заголовки: {'Host': 'localhost', 'X-Real-Ip': '172.19.0.1', 'X-Forwarded-For': '172.19.0.1', 'X-Forwarded-Proto': 'http', 'X-Forwarded-Host': 'localhost', 'X-Original-Uri': '/api/couriers/1682142222/status?chat_id=-1004755640016', 'Connection': 'close', 'Sec-Ch-Ua-Platform': '"Windows"', 'User-Agent': 'Mozilla/5.0 (Windows NT 10.0; Win64; x64) AppleWebKit/537.36 (KHTML, like Gecko) Chrome/132.0.0.0 YaBrowser/25.2.0.0 Safari/537.36', 'Accept': 'application/json, text/plain, */*', 'Sec-Ch-Ua': '"Not A(Brand";v="8", "Chromium";v="132", "YaBrowser";v="25.2", "Yowser";v="2.5"', 'Sec-Ch-Ua-Mobile': '?0', 'Sec-Fetch-Site': 'same-origin', 'Sec-Fetch-Mode': 'cors', 'Sec-Fetch-Dest': 'empty', 'Referer': 'http://localhost/courier-schedule', 'Accept-Encoding': 'gzip, deflate, br, zstd', 'Accept-Language': 'ru,en;q=0.9'}
2025-04-03 09:37:29,362 - api.couriers.routes - INFO - === Получение статуса курьера 1682142222 ===
2025-04-03 09:37:29,363 - api.couriers.routes - INFO - Chat ID из запроса: -1004755640016
2025-04-03 09:37:29,367 - api.couriers.access.routes - INFO - ✅ Настройки загружены: 17 полей
2025-04-03 09:37:29,368 - werkzeug - INFO - 172.19.0.8 - - [03/Apr/2025 09:37:29] "GET /api/couriers/access/settings?chat_id=-1004755640016 HTTP/1.1" 200 -
2025-04-03 09:37:29,380 - __main__ - INFO - Получен запрос: GET /api/couriers/access/settings
2025-04-03 09:37:29,381 - __main__ - INFO - Заголовки: {'Host': 'localhost', 'X-Real-Ip': '172.19.0.1', 'X-Forwarded-For': '172.19.0.1', 'X-Forwarded-Proto': 'http', 'X-Forwarded-Host': 'localhost', 'X-Original-Uri': '/api/couriers/access/settings?chat_id=-1004755640016', 'Connection': 'close', 'Sec-Ch-Ua-Platform': '"Windows"', 'User-Agent': 'Mozilla/5.0 (Windows NT 10.0; Win64; x64) AppleWebKit/537.36 (KHTML, like Gecko) Chrome/132.0.0.0 YaBrowser/25.2.0.0 Safari/537.36', 'Sec-Ch-Ua': '"Not A(Brand";v="8", "Chromium";v="132", "YaBrowser";v="25.2", "Yowser";v="2.5"', 'Sec-Ch-Ua-Mobile': '?0', 'Accept': '*/*', 'Sec-Fetch-Site': 'same-origin', 'Sec-Fetch-Mode': 'cors', 'Sec-Fetch-Dest': 'empty', 'Referer': 'http://localhost/courier-schedule', 'Accept-Encoding': 'gzip, deflate, br, zstd', 'Accept-Language': 'ru,en;q=0.9'}
2025-04-03 09:37:29,387 - api.couriers.routes - ERROR - Пользователь 1682142222 не найден
2025-04-03 09:37:29,387 - api.couriers.access.routes - INFO - 📝 Запрос настроек доступа: chat_id=-1004755640016
2025-04-03 09:37:29,388 - werkzeug - INFO - 172.19.0.8 - - [03/Apr/2025 09:37:29] "[33mGET /api/couriers/1682142222/status?chat_id=-1004755640016 HTTP/1.1[0m" 404 -
2025-04-03 09:37:29,393 - api.couriers.access.routes - INFO - ✅ Настройки загружены: 17 полей
2025-04-03 09:37:29,397 - werkzeug - INFO - 172.19.0.8 - - [03/Apr/2025 09:37:29] "GET /api/couriers/access/settings?chat_id=-1004755640016 HTTP/1.1" 200 -
2025-04-03 09:37:29,397 - __main__ - INFO - Получен запрос: GET /api/couriers/1682142222/status
2025-04-03 09:37:29,398 - __main__ - INFO - Заголовки: {'Host': 'localhost', 'X-Real-Ip': '172.19.0.1', 'X-Forwarded-For': '172.19.0.1', 'X-Forwarded-Proto': 'http', 'X-Forwarded-Host': 'localhost', 'X-Original-Uri': '/api/couriers/1682142222/status?chat_id=-1004755640016', 'Connection': 'close', 'Sec-Ch-Ua-Platform': '"Windows"', 'User-Agent': 'Mozilla/5.0 (Windows NT 10.0; Win64; x64) AppleWebKit/537.36 (KHTML, like Gecko) Chrome/132.0.0.0 YaBrowser/25.2.0.0 Safari/537.36', 'Accept': 'application/json, text/plain, */*', 'Sec-Ch-Ua': '"Not A(Brand";v="8", "Chromium";v="132", "YaBrowser";v="25.2", "Yowser";v="2.5"', 'Sec-Ch-Ua-Mobile': '?0', 'Sec-Fetch-Site': 'same-origin', 'Sec-Fetch-Mode': 'cors', 'Sec-Fetch-Dest': 'empty', 'Referer': 'http://localhost/courier-schedule', 'Accept-Encoding': 'gzip, deflate, br, zstd', 'Accept-Language': 'ru,en;q=0.9'}
2025-04-03 09:37:29,400 - api.couriers.routes - INFO - === Получение статуса курьера 1682142222 ===
2025-04-03 09:37:29,401 - api.couriers.routes - INFO - Chat ID из запроса: -1004755640016
2025-04-03 09:37:29,413 - api.couriers.routes - ERROR - Пользователь 1682142222 не найден
2025-04-03 09:37:29,414 - werkzeug - INFO - 172.19.0.8 - - [03/Apr/2025 09:37:29] "[33mGET /api/couriers/1682142222/status?chat_id=-1004755640016 HTTP/1.1[0m" 404 -
2025-04-03 09:37:39,686 - __main__ - INFO - Получен запрос: GET /api/couriers/shifts
2025-04-03 09:37:39,686 - __main__ - INFO - Заголовки: {'Host': 'localhost', 'X-Real-Ip': '172.19.0.1', 'X-Forwarded-For': '172.19.0.1', 'X-Forwarded-Proto': 'http', 'X-Forwarded-Host': 'localhost', 'X-Original-Uri': '/api/couriers/shifts?chat_id=-1004755640016', 'Connection': 'close', 'Sec-Ch-Ua-Platform': '"Windows"', 'User-Agent': 'Mozilla/5.0 (Windows NT 10.0; Win64; x64) AppleWebKit/537.36 (KHTML, like Gecko) Chrome/132.0.0.0 YaBrowser/25.2.0.0 Safari/537.36', 'Sec-Ch-Ua': '"Not A(Brand";v="8", "Chromium";v="132", "YaBrowser";v="25.2", "Yowser";v="2.5"', 'Sec-Ch-Ua-Mobile': '?0', 'Accept': '*/*', 'Sec-Fetch-Site': 'same-origin', 'Sec-Fetch-Mode': 'cors', 'Sec-Fetch-Dest': 'empty', 'Referer': 'http://localhost/courier-schedule', 'Accept-Encoding': 'gzip, deflate, br, zstd', 'Accept-Language': 'ru,en;q=0.9'}
2025-04-03 09:37:39,687 - __main__ - INFO - Обработка запроса на /api/couriers/shifts без CORS декораторов
2025-04-03 09:37:39,689 - __main__ - INFO - Получен запрос: GET /api/couriers/access/settings
2025-04-03 09:37:39,694 - werkzeug - INFO - 172.19.0.8 - - [03/Apr/2025 09:37:39] "GET /api/couriers/shifts?chat_id=-1004755640016 HTTP/1.1" 200 -
2025-04-03 09:37:39,694 - __main__ - INFO - Заголовки: {'Host': 'localhost', 'X-Real-Ip': '172.19.0.1', 'X-Forwarded-For': '172.19.0.1', 'X-Forwarded-Proto': 'http', 'X-Forwarded-Host': 'localhost', 'X-Original-Uri': '/api/couriers/access/settings?chat_id=-1004755640016', 'Connection': 'close', 'Sec-Ch-Ua-Platform': '"Windows"', 'User-Agent': 'Mozilla/5.0 (Windows NT 10.0; Win64; x64) AppleWebKit/537.36 (KHTML, like Gecko) Chrome/132.0.0.0 YaBrowser/25.2.0.0 Safari/537.36', 'Sec-Ch-Ua': '"Not A(Brand";v="8", "Chromium";v="132", "YaBrowser";v="25.2", "Yowser";v="2.5"', 'Sec-Ch-Ua-Mobile': '?0', 'Accept': '*/*', 'Sec-Fetch-Site': 'same-origin', 'Sec-Fetch-Mode': 'cors', 'Sec-Fetch-Dest': 'empty', 'Referer': 'http://localhost/courier-schedule', 'Accept-Encoding': 'gzip, deflate, br, zstd', 'Accept-Language': 'ru,en;q=0.9'}
2025-04-03 09:37:39,695 - api.couriers.access.routes - INFO - 📝 Запрос настроек доступа: chat_id=-1004755640016
2025-04-03 09:37:39,698 - __main__ - INFO - Получен запрос: GET /api/couriers/shifts
2025-04-03 09:37:39,698 - __main__ - INFO - Заголовки: {'Host': 'localhost', 'X-Real-Ip': '172.19.0.1', 'X-Forwarded-For': '172.19.0.1', 'X-Forwarded-Proto': 'http', 'X-Forwarded-Host': 'localhost', 'X-Original-Uri': '/api/couriers/shifts?chat_id=-1004755640016', 'Connection': 'close', 'Sec-Ch-Ua-Platform': '"Windows"', 'User-Agent': 'Mozilla/5.0 (Windows NT 10.0; Win64; x64) AppleWebKit/537.36 (KHTML, like Gecko) Chrome/132.0.0.0 YaBrowser/25.2.0.0 Safari/537.36', 'Sec-Ch-Ua': '"Not A(Brand";v="8", "Chromium";v="132", "YaBrowser";v="25.2", "Yowser";v="2.5"', 'Sec-Ch-Ua-Mobile': '?0', 'Accept': '*/*', 'Sec-Fetch-Site': 'same-origin', 'Sec-Fetch-Mode': 'cors', 'Sec-Fetch-Dest': 'empty', 'Referer': 'http://localhost/courier-schedule', 'Accept-Encoding': 'gzip, deflate, br, zstd', 'Accept-Language': 'ru,en;q=0.9'}
2025-04-03 09:37:39,699 - __main__ - INFO - Обработка запроса на /api/couriers/shifts без CORS декораторов
2025-04-03 09:37:39,701 - werkzeug - INFO - 172.19.0.8 - - [03/Apr/2025 09:37:39] "GET /api/couriers/shifts?chat_id=-1004755640016 HTTP/1.1" 200 -
2025-04-03 09:37:39,701 - api.couriers.access.routes - INFO - ✅ Настройки загружены: 17 полей
2025-04-03 09:37:39,702 - werkzeug - INFO - 172.19.0.8 - - [03/Apr/2025 09:37:39] "GET /api/couriers/access/settings?chat_id=-1004755640016 HTTP/1.1" 200 -
2025-04-03 09:37:39,707 - __main__ - INFO - Получен запрос: GET /api/couriers/access/settings
2025-04-03 09:37:39,708 - __main__ - INFO - Заголовки: {'Host': 'localhost', 'X-Real-Ip': '172.19.0.1', 'X-Forwarded-For': '172.19.0.1', 'X-Forwarded-Proto': 'http', 'X-Forwarded-Host': 'localhost', 'X-Original-Uri': '/api/couriers/access/settings?chat_id=-1004755640016', 'Connection': 'close', 'Sec-Ch-Ua-Platform': '"Windows"', 'User-Agent': 'Mozilla/5.0 (Windows NT 10.0; Win64; x64) AppleWebKit/537.36 (KHTML, like Gecko) Chrome/132.0.0.0 YaBrowser/25.2.0.0 Safari/537.36', 'Sec-Ch-Ua': '"Not A(Brand";v="8", "Chromium";v="132", "YaBrowser";v="25.2", "Yowser";v="2.5"', 'Sec-Ch-Ua-Mobile': '?0', 'Accept': '*/*', 'Sec-Fetch-Site': 'same-origin', 'Sec-Fetch-Mode': 'cors', 'Sec-Fetch-Dest': 'empty', 'Referer': 'http://localhost/courier-schedule', 'Accept-Encoding': 'gzip, deflate, br, zstd', 'Accept-Language': 'ru,en;q=0.9'}
2025-04-03 09:37:39,708 - api.couriers.access.routes - INFO - 📝 Запрос настроек доступа: chat_id=-1004755640016
2025-04-03 09:37:39,716 - api.couriers.access.routes - INFO - ✅ Настройки загружены: 17 полей
2025-04-03 09:37:39,717 - werkzeug - INFO - 172.19.0.8 - - [03/Apr/2025 09:37:39] "GET /api/couriers/access/settings?chat_id=-1004755640016 HTTP/1.1" 200 -
2025-04-03 09:37:40,118 - __main__ - INFO - Получен запрос: GET /api/couriers/shifts
2025-04-03 09:37:40,119 - __main__ - INFO - Заголовки: {'Host': 'localhost', 'X-Real-Ip': '172.19.0.1', 'X-Forwarded-For': '172.19.0.1', 'X-Forwarded-Proto': 'http', 'X-Forwarded-Host': 'localhost', 'X-Original-Uri': '/api/couriers/shifts?chat_id=-1004755640016', 'Connection': 'close', 'Sec-Ch-Ua-Platform': '"Windows"', 'User-Agent': 'Mozilla/5.0 (Windows NT 10.0; Win64; x64) AppleWebKit/537.36 (KHTML, like Gecko) Chrome/132.0.0.0 YaBrowser/25.2.0.0 Safari/537.36', 'Sec-Ch-Ua': '"Not A(Brand";v="8", "Chromium";v="132", "YaBrowser";v="25.2", "Yowser";v="2.5"', 'Sec-Ch-Ua-Mobile': '?0', 'Accept': '*/*', 'Sec-Fetch-Site': 'same-origin', 'Sec-Fetch-Mode': 'cors', 'Sec-Fetch-Dest': 'empty', 'Referer': 'http://localhost/courier-schedule', 'Accept-Encoding': 'gzip, deflate, br, zstd', 'Accept-Language': 'ru,en;q=0.9'}
2025-04-03 09:37:40,119 - __main__ - INFO - Обработка запроса на /api/couriers/shifts без CORS декораторов
2025-04-03 09:37:40,122 - werkzeug - INFO - 172.19.0.8 - - [03/Apr/2025 09:37:40] "GET /api/couriers/shifts?chat_id=-1004755640016 HTTP/1.1" 200 -
2025-04-03 09:41:07,074 - __main__ - INFO - Получен запрос: GET /api/reserves
2025-04-03 09:41:07,074 - __main__ - INFO - Заголовки: {'Host': 'localhost', 'X-Real-Ip': '172.19.0.1', 'X-Forwarded-For': '172.19.0.1', 'X-Forwarded-Proto': 'http', 'X-Forwarded-Host': 'localhost', 'X-Original-Uri': '/api/reserves', 'Connection': 'close', 'Sec-Ch-Ua-Platform': '"Windows"', 'User-Agent': 'Mozilla/5.0 (Windows NT 10.0; Win64; x64) AppleWebKit/537.36 (KHTML, like Gecko) Chrome/132.0.0.0 YaBrowser/25.2.0.0 Safari/537.36', 'Sec-Ch-Ua': '"Not A(Brand";v="8", "Chromium";v="132", "YaBrowser";v="25.2", "Yowser";v="2.5"', 'Sec-Ch-Ua-Mobile': '?0', 'Accept': '*/*', 'Sec-Fetch-Site': 'same-origin', 'Sec-Fetch-Mode': 'cors', 'Sec-Fetch-Dest': 'empty', 'Referer': 'http://localhost/courier-schedule', 'Accept-Encoding': 'gzip, deflate, br, zstd', 'Accept-Language': 'ru,en;q=0.9'}
2025-04-03 09:41:07,075 - __main__ - INFO - Обработка запроса на /api/reserves без CORS декораторов
2025-04-03 09:41:07,080 - werkzeug - INFO - 172.19.0.8 - - [03/Apr/2025 09:41:07] "GET /api/reserves HTTP/1.1" 200 -
2025-04-03 09:41:07,180 - __main__ - INFO - Получен запрос: GET /api/reserves
2025-04-03 09:41:07,181 - __main__ - INFO - Заголовки: {'Host': 'localhost', 'X-Real-Ip': '172.19.0.1', 'X-Forwarded-For': '172.19.0.1', 'X-Forwarded-Proto': 'http', 'X-Forwarded-Host': 'localhost', 'X-Original-Uri': '/api/reserves', 'Connection': 'close', 'Sec-Ch-Ua-Platform': '"Windows"', 'User-Agent': 'Mozilla/5.0 (Windows NT 10.0; Win64; x64) AppleWebKit/537.36 (KHTML, like Gecko) Chrome/132.0.0.0 YaBrowser/25.2.0.0 Safari/537.36', 'Sec-Ch-Ua': '"Not A(Brand";v="8", "Chromium";v="132", "YaBrowser";v="25.2", "Yowser";v="2.5"', 'Sec-Ch-Ua-Mobile': '?0', 'Accept': '*/*', 'Sec-Fetch-Site': 'same-origin', 'Sec-Fetch-Mode': 'cors', 'Sec-Fetch-Dest': 'empty', 'Referer': 'http://localhost/courier-schedule', 'Accept-Encoding': 'gzip, deflate, br, zstd', 'Accept-Language': 'ru,en;q=0.9'}
2025-04-03 09:41:07,182 - __main__ - INFO - Обработка запроса на /api/reserves без CORS декораторов
2025-04-03 09:41:07,188 - werkzeug - INFO - 172.19.0.8 - - [03/Apr/2025 09:41:07] "GET /api/reserves HTTP/1.1" 200 -
2025-04-03 09:41:07,280 - __main__ - INFO - Получен запрос: GET /api/couriers/access/settings
2025-04-03 09:41:07,281 - __main__ - INFO - Заголовки: {'Host': 'localhost', 'X-Real-Ip': '172.19.0.1', 'X-Forwarded-For': '172.19.0.1', 'X-Forwarded-Proto': 'http', 'X-Forwarded-Host': 'localhost', 'X-Original-Uri': '/api/couriers/access/settings?chat_id=-1004755640016', 'Connection': 'close', 'Sec-Ch-Ua-Platform': '"Windows"', 'User-Agent': 'Mozilla/5.0 (Windows NT 10.0; Win64; x64) AppleWebKit/537.36 (KHTML, like Gecko) Chrome/132.0.0.0 YaBrowser/25.2.0.0 Safari/537.36', 'Sec-Ch-Ua': '"Not A(Brand";v="8", "Chromium";v="132", "YaBrowser";v="25.2", "Yowser";v="2.5"', 'Sec-Ch-Ua-Mobile': '?0', 'Accept': '*/*', 'Sec-Fetch-Site': 'same-origin', 'Sec-Fetch-Mode': 'cors', 'Sec-Fetch-Dest': 'empty', 'Referer': 'http://localhost/courier-schedule', 'Accept-Encoding': 'gzip, deflate, br, zstd', 'Accept-Language': 'ru,en;q=0.9'}
2025-04-03 09:41:07,285 - __main__ - INFO - Получен запрос: GET /api/couriers/1682142222/status
2025-04-03 09:41:07,286 - api.couriers.access.routes - INFO - 📝 Запрос настроек доступа: chat_id=-1004755640016
2025-04-03 09:41:07,286 - __main__ - INFO - Заголовки: {'Host': 'localhost', 'X-Real-Ip': '172.19.0.1', 'X-Forwarded-For': '172.19.0.1', 'X-Forwarded-Proto': 'http', 'X-Forwarded-Host': 'localhost', 'X-Original-Uri': '/api/couriers/1682142222/status?chat_id=-1004755640016', 'Connection': 'close', 'Sec-Ch-Ua-Platform': '"Windows"', 'User-Agent': 'Mozilla/5.0 (Windows NT 10.0; Win64; x64) AppleWebKit/537.36 (KHTML, like Gecko) Chrome/132.0.0.0 YaBrowser/25.2.0.0 Safari/537.36', 'Accept': 'application/json, text/plain, */*', 'Sec-Ch-Ua': '"Not A(Brand";v="8", "Chromium";v="132", "YaBrowser";v="25.2", "Yowser";v="2.5"', 'Sec-Ch-Ua-Mobile': '?0', 'Sec-Fetch-Site': 'same-origin', 'Sec-Fetch-Mode': 'cors', 'Sec-Fetch-Dest': 'empty', 'Referer': 'http://localhost/courier-schedule', 'Accept-Encoding': 'gzip, deflate, br, zstd', 'Accept-Language': 'ru,en;q=0.9'}
2025-04-03 09:41:07,287 - api.couriers.routes - INFO - === Получение статуса курьера 1682142222 ===
2025-04-03 09:41:07,289 - api.couriers.routes - INFO - Chat ID из запроса: -1004755640016
2025-04-03 09:41:07,293 - api.couriers.access.routes - INFO - ✅ Настройки загружены: 17 полей
2025-04-03 09:41:07,293 - werkzeug - INFO - 172.19.0.8 - - [03/Apr/2025 09:41:07] "GET /api/couriers/access/settings?chat_id=-1004755640016 HTTP/1.1" 200 -
2025-04-03 09:41:07,298 - __main__ - INFO - Получен запрос: GET /api/couriers/access/settings
2025-04-03 09:41:07,303 - api.couriers.routes - ERROR - Пользователь 1682142222 не найден
2025-04-03 09:41:07,306 - __main__ - INFO - Заголовки: {'Host': 'localhost', 'X-Real-Ip': '172.19.0.1', 'X-Forwarded-For': '172.19.0.1', 'X-Forwarded-Proto': 'http', 'X-Forwarded-Host': 'localhost', 'X-Original-Uri': '/api/couriers/access/settings?chat_id=-1004755640016', 'Connection': 'close', 'Sec-Ch-Ua-Platform': '"Windows"', 'User-Agent': 'Mozilla/5.0 (Windows NT 10.0; Win64; x64) AppleWebKit/537.36 (KHTML, like Gecko) Chrome/132.0.0.0 YaBrowser/25.2.0.0 Safari/537.36', 'Sec-Ch-Ua': '"Not A(Brand";v="8", "Chromium";v="132", "YaBrowser";v="25.2", "Yowser";v="2.5"', 'Sec-Ch-Ua-Mobile': '?0', 'Accept': '*/*', 'Sec-Fetch-Site': 'same-origin', 'Sec-Fetch-Mode': 'cors', 'Sec-Fetch-Dest': 'empty', 'Referer': 'http://localhost/courier-schedule', 'Accept-Encoding': 'gzip, deflate, br, zstd', 'Accept-Language': 'ru,en;q=0.9'}
2025-04-03 09:41:07,310 - werkzeug - INFO - 172.19.0.8 - - [03/Apr/2025 09:41:07] "[33mGET /api/couriers/1682142222/status?chat_id=-1004755640016 HTTP/1.1[0m" 404 -
2025-04-03 09:41:07,311 - api.couriers.access.routes - INFO - 📝 Запрос настроек доступа: chat_id=-1004755640016
2025-04-03 09:41:07,316 - api.couriers.access.routes - INFO - ✅ Настройки загружены: 17 полей
2025-04-03 09:41:07,320 - werkzeug - INFO - 172.19.0.8 - - [03/Apr/2025 09:41:07] "GET /api/couriers/access/settings?chat_id=-1004755640016 HTTP/1.1" 200 -
2025-04-03 09:41:07,321 - __main__ - INFO - Получен запрос: GET /api/couriers/1682142222/status
2025-04-03 09:41:07,324 - __main__ - INFO - Заголовки: {'Host': 'localhost', 'X-Real-Ip': '172.19.0.1', 'X-Forwarded-For': '172.19.0.1', 'X-Forwarded-Proto': 'http', 'X-Forwarded-Host': 'localhost', 'X-Original-Uri': '/api/couriers/1682142222/status?chat_id=-1004755640016', 'Connection': 'close', 'Sec-Ch-Ua-Platform': '"Windows"', 'User-Agent': 'Mozilla/5.0 (Windows NT 10.0; Win64; x64) AppleWebKit/537.36 (KHTML, like Gecko) Chrome/132.0.0.0 YaBrowser/25.2.0.0 Safari/537.36', 'Accept': 'application/json, text/plain, */*', 'Sec-Ch-Ua': '"Not A(Brand";v="8", "Chromium";v="132", "YaBrowser";v="25.2", "Yowser";v="2.5"', 'Sec-Ch-Ua-Mobile': '?0', 'Sec-Fetch-Site': 'same-origin', 'Sec-Fetch-Mode': 'cors', 'Sec-Fetch-Dest': 'empty', 'Referer': 'http://localhost/courier-schedule', 'Accept-Encoding': 'gzip, deflate, br, zstd', 'Accept-Language': 'ru,en;q=0.9'}
2025-04-03 09:41:07,325 - api.couriers.routes - INFO - === Получение статуса курьера 1682142222 ===
2025-04-03 09:41:07,326 - api.couriers.routes - INFO - Chat ID из запроса: -1004755640016
2025-04-03 09:41:07,340 - api.couriers.routes - ERROR - Пользователь 1682142222 не найден
2025-04-03 09:41:07,341 - werkzeug - INFO - 172.19.0.8 - - [03/Apr/2025 09:41:07] "[33mGET /api/couriers/1682142222/status?chat_id=-1004755640016 HTTP/1.1[0m" 404 -
2025-04-03 09:41:16,982 - __main__ - INFO - Получен запрос: POST /api/couriers/access/settings
2025-04-03 09:41:16,983 - __main__ - INFO - Заголовки: {'Host': 'localhost', 'X-Real-Ip': '172.19.0.1', 'X-Forwarded-For': '172.19.0.1', 'X-Forwarded-Proto': 'http', 'X-Forwarded-Host': 'localhost', 'X-Original-Uri': '/api/couriers/access/settings', 'Connection': 'close', 'Content-Length': '388', 'Sec-Ch-Ua-Platform': '"Windows"', 'User-Agent': 'Mozilla/5.0 (Windows NT 10.0; Win64; x64) AppleWebKit/537.36 (KHTML, like Gecko) Chrome/132.0.0.0 YaBrowser/25.2.0.0 Safari/537.36', 'Sec-Ch-Ua': '"Not A(Brand";v="8", "Chromium";v="132", "YaBrowser";v="25.2", "Yowser";v="2.5"', 'Content-Type': 'application/json', 'Sec-Ch-Ua-Mobile': '?0', 'Accept': '*/*', 'Origin': 'http://localhost', 'Sec-Fetch-Site': 'same-origin', 'Sec-Fetch-Mode': 'cors', 'Sec-Fetch-Dest': 'empty', 'Referer': 'http://localhost/courier-schedule', 'Accept-Encoding': 'gzip, deflate, br, zstd', 'Accept-Language': 'ru,en;q=0.9'}
2025-04-03 09:41:16,984 - api.couriers.access.routes - INFO - 📝 Получены данные для обновления настроек доступа:
2025-04-03 09:41:16,985 - api.couriers.access.routes - INFO - 🔑 Ключи в запросе: ['chat_id', 'allowMultipleShifts', 'autoApprove', 'allowSameDay', 'registrationStartDay', 'registrationStartHour', 'registrationStartMinute', 'offsetType', 'offsetAmount', 'periodLength', 'isAlwaysActive', 'activeStartDate', 'activeEndDate', 'daysAhead', 'enabledDates', 'restrictedUsers', 'lastUpdated']
2025-04-03 09:41:17,000 - api.couriers.access.routes - INFO - ✅ Настройки успешно обновлены
2025-04-03 09:41:17,001 - api.couriers.access.routes - INFO - 🔑 Ключи в обновленных настройках: ['chat_id', 'allowMultipleShifts', 'autoApprove', 'allowSameDay', 'registrationStartDay', 'registrationStartHour', 'registrationStartMinute', 'offsetType', 'offsetAmount', 'periodLength', 'isAlwaysActive', 'activeStartDate', 'activeEndDate', 'daysAhead', 'enabledDates', 'restrictedUsers', 'lastUpdated']
2025-04-03 09:41:17,002 - api.couriers.access.routes - INFO - 📤 Отправка запроса на применение настроек с chat_id=-1004755640016
2025-04-03 09:41:17,004 - urllib3.connectionpool - DEBUG - Starting new HTTP connection (1): scheduler:8002
2025-04-03 09:41:17,036 - urllib3.connectionpool - DEBUG - http://scheduler:8002 "POST /apply-access-settings HTTP/1.1" 200 297
2025-04-03 09:41:17,037 - api.couriers.access.routes - INFO - ✅ Запрос на применение настроек успешно отправлен
2025-04-03 09:41:17,038 - api.couriers.access.routes - INFO - 📤 Отправка запроса на перезагрузку задач
2025-04-03 09:41:17,039 - urllib3.connectionpool - DEBUG - Starting new HTTP connection (1): scheduler:8002
2025-04-03 09:41:17,051 - urllib3.connectionpool - DEBUG - http://scheduler:8002 "POST /scheduler/reload-tasks HTTP/1.1" 200 233
2025-04-03 09:41:17,052 - api.couriers.access.routes - INFO - ✅ Запрос на перезагрузку задач успешно отправлен
2025-04-03 09:41:17,053 - werkzeug - INFO - 172.19.0.8 - - [03/Apr/2025 09:41:17] "POST /api/couriers/access/settings HTTP/1.1" 200 -
2025-04-03 10:40:07,040 - __main__ - INFO - Получен запрос: GET /api/reserves
2025-04-03 10:40:07,043 - __main__ - INFO - Заголовки: {'Host': 'localhost', 'X-Real-Ip': '172.19.0.1', 'X-Forwarded-For': '172.19.0.1', 'X-Forwarded-Proto': 'http', 'X-Forwarded-Host': 'localhost', 'X-Original-Uri': '/api/reserves', 'Connection': 'close', 'Sec-Ch-Ua-Platform': '"Windows"', 'User-Agent': 'Mozilla/5.0 (Windows NT 10.0; Win64; x64) AppleWebKit/537.36 (KHTML, like Gecko) Chrome/134.0.0.0 Safari/537.36', 'Sec-Ch-Ua': '"Chromium";v="134", "Not:A-Brand";v="24", "Google Chrome";v="134"', 'Sec-Ch-Ua-Mobile': '?0', 'Accept': '*/*', 'Origin': 'http://localhost:3000', 'Sec-Fetch-Site': 'same-site', 'Sec-Fetch-Mode': 'cors', 'Sec-Fetch-Dest': 'empty', 'Referer': 'http://localhost:3000/', 'Accept-Encoding': 'gzip, deflate, br, zstd', 'Accept-Language': 'ru-RU,ru;q=0.9,en-RU;q=0.8,en;q=0.7,en-US;q=0.6'}
2025-04-03 10:40:07,043 - __main__ - INFO - Обработка запроса на /api/reserves без CORS декораторов
2025-04-03 10:40:07,054 - werkzeug - INFO - 172.19.0.8 - - [03/Apr/2025 10:40:07] "GET /api/reserves HTTP/1.1" 200 -
2025-04-03 10:40:07,096 - __main__ - INFO - Получен запрос: GET /api/reserves
2025-04-03 10:40:07,096 - __main__ - INFO - Заголовки: {'Host': 'localhost', 'X-Real-Ip': '172.19.0.1', 'X-Forwarded-For': '172.19.0.1', 'X-Forwarded-Proto': 'http', 'X-Forwarded-Host': 'localhost', 'X-Original-Uri': '/api/reserves', 'Connection': 'close', 'Sec-Ch-Ua-Platform': '"Windows"', 'User-Agent': 'Mozilla/5.0 (Windows NT 10.0; Win64; x64) AppleWebKit/537.36 (KHTML, like Gecko) Chrome/134.0.0.0 Safari/537.36', 'Sec-Ch-Ua': '"Chromium";v="134", "Not:A-Brand";v="24", "Google Chrome";v="134"', 'Sec-Ch-Ua-Mobile': '?0', 'Accept': '*/*', 'Origin': 'http://localhost:3000', 'Sec-Fetch-Site': 'same-site', 'Sec-Fetch-Mode': 'cors', 'Sec-Fetch-Dest': 'empty', 'Referer': 'http://localhost:3000/', 'Accept-Encoding': 'gzip, deflate, br, zstd', 'Accept-Language': 'ru-RU,ru;q=0.9,en-RU;q=0.8,en;q=0.7,en-US;q=0.6'}
2025-04-03 10:40:07,097 - __main__ - INFO - Обработка запроса на /api/reserves без CORS декораторов
2025-04-03 10:40:07,102 - werkzeug - INFO - 172.19.0.8 - - [03/Apr/2025 10:40:07] "GET /api/reserves HTTP/1.1" 200 -
2025-04-03 10:40:10,317 - __main__ - INFO - Получен запрос: GET /api/couriers/access/settings
2025-04-03 10:40:10,318 - __main__ - INFO - Заголовки: {'Host': 'localhost', 'X-Real-Ip': '172.19.0.1', 'X-Forwarded-For': '172.19.0.1', 'X-Forwarded-Proto': 'http', 'X-Forwarded-Host': 'localhost', 'X-Original-Uri': '/api/couriers/access/settings?chat_id=-1004755640016', 'Connection': 'close', 'Sec-Ch-Ua-Platform': '"Windows"', 'User-Agent': 'Mozilla/5.0 (Windows NT 10.0; Win64; x64) AppleWebKit/537.36 (KHTML, like Gecko) Chrome/134.0.0.0 Safari/537.36', 'Sec-Ch-Ua': '"Chromium";v="134", "Not:A-Brand";v="24", "Google Chrome";v="134"', 'Sec-Ch-Ua-Mobile': '?0', 'Accept': '*/*', 'Origin': 'http://localhost:3000', 'Sec-Fetch-Site': 'same-site', 'Sec-Fetch-Mode': 'cors', 'Sec-Fetch-Dest': 'empty', 'Referer': 'http://localhost:3000/', 'Accept-Encoding': 'gzip, deflate, br, zstd', 'Accept-Language': 'ru-RU,ru;q=0.9,en-RU;q=0.8,en;q=0.7,en-US;q=0.6'}
2025-04-03 10:40:10,319 - api.couriers.access.routes - INFO - 📝 Запрос настроек доступа: chat_id=-1004755640016
2025-04-03 10:40:10,324 - __main__ - INFO - Получен запрос: GET /api/couriers/1682142222/status
2025-04-03 10:40:10,324 - __main__ - INFO - Заголовки: {'Host': 'localhost', 'X-Real-Ip': '172.19.0.1', 'X-Forwarded-For': '172.19.0.1', 'X-Forwarded-Proto': 'http', 'X-Forwarded-Host': 'localhost', 'X-Original-Uri': '/api/couriers/1682142222/status?chat_id=-1004755640016', 'Connection': 'close', 'Sec-Ch-Ua-Platform': '"Windows"', 'User-Agent': 'Mozilla/5.0 (Windows NT 10.0; Win64; x64) AppleWebKit/537.36 (KHTML, like Gecko) Chrome/134.0.0.0 Safari/537.36', 'Accept': 'application/json, text/plain, */*', 'Sec-Ch-Ua': '"Chromium";v="134", "Not:A-Brand";v="24", "Google Chrome";v="134"', 'Sec-Ch-Ua-Mobile': '?0', 'Origin': 'http://localhost:3000', 'Sec-Fetch-Site': 'same-site', 'Sec-Fetch-Mode': 'cors', 'Sec-Fetch-Dest': 'empty', 'Referer': 'http://localhost:3000/', 'Accept-Encoding': 'gzip, deflate, br, zstd', 'Accept-Language': 'ru-RU,ru;q=0.9,en-RU;q=0.8,en;q=0.7,en-US;q=0.6'}
2025-04-03 10:40:10,327 - api.couriers.routes - INFO - === Получение статуса курьера 1682142222 ===
2025-04-03 10:40:10,327 - api.couriers.routes - INFO - Chat ID из запроса: -1004755640016
2025-04-03 10:40:10,337 - api.couriers.access.routes - INFO - ✅ Настройки загружены: 17 полей
2025-04-03 10:40:10,338 - werkzeug - INFO - 172.19.0.8 - - [03/Apr/2025 10:40:10] "GET /api/couriers/access/settings?chat_id=-1004755640016 HTTP/1.1" 200 -
2025-04-03 10:40:10,342 - __main__ - INFO - Получен запрос: GET /api/couriers/access/settings
2025-04-03 10:40:10,343 - __main__ - INFO - Заголовки: {'Host': 'localhost', 'X-Real-Ip': '172.19.0.1', 'X-Forwarded-For': '172.19.0.1', 'X-Forwarded-Proto': 'http', 'X-Forwarded-Host': 'localhost', 'X-Original-Uri': '/api/couriers/access/settings?chat_id=-1004755640016', 'Connection': 'close', 'Sec-Ch-Ua-Platform': '"Windows"', 'User-Agent': 'Mozilla/5.0 (Windows NT 10.0; Win64; x64) AppleWebKit/537.36 (KHTML, like Gecko) Chrome/134.0.0.0 Safari/537.36', 'Sec-Ch-Ua': '"Chromium";v="134", "Not:A-Brand";v="24", "Google Chrome";v="134"', 'Sec-Ch-Ua-Mobile': '?0', 'Accept': '*/*', 'Origin': 'http://localhost:3000', 'Sec-Fetch-Site': 'same-site', 'Sec-Fetch-Mode': 'cors', 'Sec-Fetch-Dest': 'empty', 'Referer': 'http://localhost:3000/', 'Accept-Encoding': 'gzip, deflate, br, zstd', 'Accept-Language': 'ru-RU,ru;q=0.9,en-RU;q=0.8,en;q=0.7,en-US;q=0.6'}
2025-04-03 10:40:10,343 - api.couriers.access.routes - INFO - 📝 Запрос настроек доступа: chat_id=-1004755640016
2025-04-03 10:40:10,347 - api.couriers.access.routes - INFO - ✅ Настройки загружены: 17 полей
2025-04-03 10:40:10,348 - werkzeug - INFO - 172.19.0.8 - - [03/Apr/2025 10:40:10] "GET /api/couriers/access/settings?chat_id=-1004755640016 HTTP/1.1" 200 -
2025-04-03 10:40:10,358 - api.couriers.routes - ERROR - Пользователь 1682142222 не найден
2025-04-03 10:40:10,360 - werkzeug - INFO - 172.19.0.8 - - [03/Apr/2025 10:40:10] "[33mGET /api/couriers/1682142222/status?chat_id=-1004755640016 HTTP/1.1[0m" 404 -
2025-04-03 10:40:10,364 - __main__ - INFO - Получен запрос: GET /api/couriers/1682142222/status
2025-04-03 10:40:10,365 - __main__ - INFO - Заголовки: {'Host': 'localhost', 'X-Real-Ip': '172.19.0.1', 'X-Forwarded-For': '172.19.0.1', 'X-Forwarded-Proto': 'http', 'X-Forwarded-Host': 'localhost', 'X-Original-Uri': '/api/couriers/1682142222/status?chat_id=-1004755640016', 'Connection': 'close', 'Sec-Ch-Ua-Platform': '"Windows"', 'User-Agent': 'Mozilla/5.0 (Windows NT 10.0; Win64; x64) AppleWebKit/537.36 (KHTML, like Gecko) Chrome/134.0.0.0 Safari/537.36', 'Accept': 'application/json, text/plain, */*', 'Sec-Ch-Ua': '"Chromium";v="134", "Not:A-Brand";v="24", "Google Chrome";v="134"', 'Sec-Ch-Ua-Mobile': '?0', 'Origin': 'http://localhost:3000', 'Sec-Fetch-Site': 'same-site', 'Sec-Fetch-Mode': 'cors', 'Sec-Fetch-Dest': 'empty', 'Referer': 'http://localhost:3000/', 'Accept-Encoding': 'gzip, deflate, br, zstd', 'Accept-Language': 'ru-RU,ru;q=0.9,en-RU;q=0.8,en;q=0.7,en-US;q=0.6'}
2025-04-03 10:40:10,366 - api.couriers.routes - INFO - === Получение статуса курьера 1682142222 ===
2025-04-03 10:40:10,367 - api.couriers.routes - INFO - Chat ID из запроса: -1004755640016
2025-04-03 10:40:10,377 - api.couriers.routes - ERROR - Пользователь 1682142222 не найден
2025-04-03 10:40:10,378 - werkzeug - INFO - 172.19.0.8 - - [03/Apr/2025 10:40:10] "[33mGET /api/couriers/1682142222/status?chat_id=-1004755640016 HTTP/1.1[0m" 404 -
2025-04-03 10:40:49,170 - __main__ - INFO - Получен запрос: GET /api/reserves
2025-04-03 10:40:49,171 - __main__ - INFO - Заголовки: {'Host': 'localhost', 'X-Real-Ip': '172.19.0.1', 'X-Forwarded-For': '172.19.0.1', 'X-Forwarded-Proto': 'http', 'X-Forwarded-Host': 'localhost', 'X-Original-Uri': '/api/reserves', 'Connection': 'close', 'User-Agent': 'Mozilla/5.0 (iPhone; CPU iPhone OS 16_6 like Mac OS X) AppleWebKit/605.1.15 (KHTML, like Gecko) Version/16.6 Mobile/15E148 Safari/604.1', 'Accept': '*/*', 'Origin': 'http://localhost:3000', 'Sec-Fetch-Site': 'same-site', 'Sec-Fetch-Mode': 'cors', 'Sec-Fetch-Dest': 'empty', 'Referer': 'http://localhost:3000/', 'Accept-Encoding': 'gzip, deflate, br, zstd', 'Accept-Language': 'ru-RU,ru;q=0.9,en-RU;q=0.8,en;q=0.7,en-US;q=0.6'}
2025-04-03 10:40:49,172 - __main__ - INFO - Обработка запроса на /api/reserves без CORS декораторов
2025-04-03 10:40:49,178 - werkzeug - INFO - 172.19.0.8 - - [03/Apr/2025 10:40:49] "GET /api/reserves HTTP/1.1" 200 -
2025-04-03 10:40:49,268 - __main__ - INFO - Получен запрос: GET /api/reserves
2025-04-03 10:40:49,269 - __main__ - INFO - Заголовки: {'Host': 'localhost', 'X-Real-Ip': '172.19.0.1', 'X-Forwarded-For': '172.19.0.1', 'X-Forwarded-Proto': 'http', 'X-Forwarded-Host': 'localhost', 'X-Original-Uri': '/api/reserves', 'Connection': 'close', 'User-Agent': 'Mozilla/5.0 (iPhone; CPU iPhone OS 16_6 like Mac OS X) AppleWebKit/605.1.15 (KHTML, like Gecko) Version/16.6 Mobile/15E148 Safari/604.1', 'Accept': '*/*', 'Origin': 'http://localhost:3000', 'Sec-Fetch-Site': 'same-site', 'Sec-Fetch-Mode': 'cors', 'Sec-Fetch-Dest': 'empty', 'Referer': 'http://localhost:3000/', 'Accept-Encoding': 'gzip, deflate, br, zstd', 'Accept-Language': 'ru-RU,ru;q=0.9,en-RU;q=0.8,en;q=0.7,en-US;q=0.6'}
2025-04-03 10:40:49,269 - __main__ - INFO - Обработка запроса на /api/reserves без CORS декораторов
2025-04-03 10:40:49,278 - werkzeug - INFO - 172.19.0.8 - - [03/Apr/2025 10:40:49] "GET /api/reserves HTTP/1.1" 200 -
2025-04-03 10:40:49,427 - __main__ - INFO - Получен запрос: GET /api/couriers/access/settings
2025-04-03 10:40:49,428 - __main__ - INFO - Получен запрос: GET /api/couriers/1682142222/status
2025-04-03 10:40:49,428 - __main__ - INFO - Заголовки: {'Host': 'localhost', 'X-Real-Ip': '172.19.0.1', 'X-Forwarded-For': '172.19.0.1', 'X-Forwarded-Proto': 'http', 'X-Forwarded-Host': 'localhost', 'X-Original-Uri': '/api/couriers/access/settings?chat_id=-1004755640016', 'Connection': 'close', 'User-Agent': 'Mozilla/5.0 (iPhone; CPU iPhone OS 16_6 like Mac OS X) AppleWebKit/605.1.15 (KHTML, like Gecko) Version/16.6 Mobile/15E148 Safari/604.1', 'Accept': '*/*', 'Origin': 'http://localhost:3000', 'Sec-Fetch-Site': 'same-site', 'Sec-Fetch-Mode': 'cors', 'Sec-Fetch-Dest': 'empty', 'Referer': 'http://localhost:3000/', 'Accept-Encoding': 'gzip, deflate, br, zstd', 'Accept-Language': 'ru-RU,ru;q=0.9,en-RU;q=0.8,en;q=0.7,en-US;q=0.6'}
2025-04-03 10:40:49,429 - __main__ - INFO - Заголовки: {'Host': 'localhost', 'X-Real-Ip': '172.19.0.1', 'X-Forwarded-For': '172.19.0.1', 'X-Forwarded-Proto': 'http', 'X-Forwarded-Host': 'localhost', 'X-Original-Uri': '/api/couriers/1682142222/status?chat_id=-1004755640016', 'Connection': 'close', 'User-Agent': 'Mozilla/5.0 (iPhone; CPU iPhone OS 16_6 like Mac OS X) AppleWebKit/605.1.15 (KHTML, like Gecko) Version/16.6 Mobile/15E148 Safari/604.1', 'Accept': 'application/json, text/plain, */*', 'Origin': 'http://localhost:3000', 'Sec-Fetch-Site': 'same-site', 'Sec-Fetch-Mode': 'cors', 'Sec-Fetch-Dest': 'empty', 'Referer': 'http://localhost:3000/', 'Accept-Encoding': 'gzip, deflate, br, zstd', 'Accept-Language': 'ru-RU,ru;q=0.9,en-RU;q=0.8,en;q=0.7,en-US;q=0.6'}
2025-04-03 10:40:49,429 - api.couriers.access.routes - INFO - 📝 Запрос настроек доступа: chat_id=-1004755640016
2025-04-03 10:40:49,430 - api.couriers.routes - INFO - === Получение статуса курьера 1682142222 ===
2025-04-03 10:40:49,431 - api.couriers.routes - INFO - Chat ID из запроса: -1004755640016
2025-04-03 10:40:49,437 - api.couriers.access.routes - INFO - ✅ Настройки загружены: 17 полей
2025-04-03 10:40:49,437 - werkzeug - INFO - 172.19.0.8 - - [03/Apr/2025 10:40:49] "GET /api/couriers/access/settings?chat_id=-1004755640016 HTTP/1.1" 200 -
2025-04-03 10:40:49,443 - __main__ - INFO - Получен запрос: GET /api/couriers/access/settings
2025-04-03 10:40:49,443 - __main__ - INFO - Заголовки: {'Host': 'localhost', 'X-Real-Ip': '172.19.0.1', 'X-Forwarded-For': '172.19.0.1', 'X-Forwarded-Proto': 'http', 'X-Forwarded-Host': 'localhost', 'X-Original-Uri': '/api/couriers/access/settings?chat_id=-1004755640016', 'Connection': 'close', 'User-Agent': 'Mozilla/5.0 (iPhone; CPU iPhone OS 16_6 like Mac OS X) AppleWebKit/605.1.15 (KHTML, like Gecko) Version/16.6 Mobile/15E148 Safari/604.1', 'Accept': '*/*', 'Origin': 'http://localhost:3000', 'Sec-Fetch-Site': 'same-site', 'Sec-Fetch-Mode': 'cors', 'Sec-Fetch-Dest': 'empty', 'Referer': 'http://localhost:3000/', 'Accept-Encoding': 'gzip, deflate, br, zstd', 'Accept-Language': 'ru-RU,ru;q=0.9,en-RU;q=0.8,en;q=0.7,en-US;q=0.6'}
2025-04-03 10:40:49,444 - api.couriers.access.routes - INFO - 📝 Запрос настроек доступа: chat_id=-1004755640016
2025-04-03 10:40:49,447 - api.couriers.access.routes - INFO - ✅ Настройки загружены: 17 полей
2025-04-03 10:40:49,447 - werkzeug - INFO - 172.19.0.8 - - [03/Apr/2025 10:40:49] "GET /api/couriers/access/settings?chat_id=-1004755640016 HTTP/1.1" 200 -
2025-04-03 10:40:49,449 - api.couriers.routes - ERROR - Пользователь 1682142222 не найден
2025-04-03 10:40:49,451 - werkzeug - INFO - 172.19.0.8 - - [03/Apr/2025 10:40:49] "[33mGET /api/couriers/1682142222/status?chat_id=-1004755640016 HTTP/1.1[0m" 404 -
2025-04-03 10:40:49,456 - __main__ - INFO - Получен запрос: GET /api/couriers/1682142222/status
2025-04-03 10:40:49,456 - __main__ - INFO - Заголовки: {'Host': 'localhost', 'X-Real-Ip': '172.19.0.1', 'X-Forwarded-For': '172.19.0.1', 'X-Forwarded-Proto': 'http', 'X-Forwarded-Host': 'localhost', 'X-Original-Uri': '/api/couriers/1682142222/status?chat_id=-1004755640016', 'Connection': 'close', 'User-Agent': 'Mozilla/5.0 (iPhone; CPU iPhone OS 16_6 like Mac OS X) AppleWebKit/605.1.15 (KHTML, like Gecko) Version/16.6 Mobile/15E148 Safari/604.1', 'Accept': 'application/json, text/plain, */*', 'Origin': 'http://localhost:3000', 'Sec-Fetch-Site': 'same-site', 'Sec-Fetch-Mode': 'cors', 'Sec-Fetch-Dest': 'empty', 'Referer': 'http://localhost:3000/', 'Accept-Encoding': 'gzip, deflate, br, zstd', 'Accept-Language': 'ru-RU,ru;q=0.9,en-RU;q=0.8,en;q=0.7,en-US;q=0.6'}
2025-04-03 10:40:49,457 - api.couriers.routes - INFO - === Получение статуса курьера 1682142222 ===
2025-04-03 10:40:49,457 - api.couriers.routes - INFO - Chat ID из запроса: -1004755640016
2025-04-03 10:40:49,469 - api.couriers.routes - ERROR - Пользователь 1682142222 не найден
2025-04-03 10:40:49,470 - werkzeug - INFO - 172.19.0.8 - - [03/Apr/2025 10:40:49] "[33mGET /api/couriers/1682142222/status?chat_id=-1004755640016 HTTP/1.1[0m" 404 -
2025-04-03 10:45:12,186 - models.database - INFO - ✅ Соединение с базой данных установлено
2025-04-03 10:45:12,188 - models.database - INFO - ✅ Таблица access_settings успешно создана или уже существует
2025-04-03 10:45:12,196 - models.database - INFO - ✅ Таблица shifts успешно создана или уже существует
2025-04-03 10:45:12,196 - models.database - INFO - ✅ Все необходимые таблицы успешно созданы или уже существуют
2025-04-03 10:45:12,197 - models.database - INFO - ✅ DatabaseService инициализирован. Подключение к базе: postgres:5432/appninjabot
2025-04-03 10:45:12,357 - data.shifts - INFO - Основной путь к файлу смен: /app/data/shifts.json
2025-04-03 10:45:12,357 - data.shifts - INFO - Альтернативный путь: /app/data/shifts.json
2025-04-03 10:45:12,357 - data.shifts - INFO - Альтернативный путь: /app/backend/data/shifts.json
2025-04-03 10:45:12,359 - data.shifts - INFO - Альтернативный путь: /app/data/shifts.json
2025-04-03 10:45:12,359 - data.shifts - INFO - Альтернативный путь: shifts.json
2025-04-03 10:45:12,818 - telegramNinjaBot.bot - INFO - Бот запущен в окружении: development
2025-04-03 10:45:14,740 - models.database - INFO - ✅ Соединение с базой данных установлено
2025-04-03 10:45:14,741 - models.database - INFO - ✅ Таблица access_settings успешно создана или уже существует
2025-04-03 10:45:14,744 - models.database - INFO - ✅ Таблица shifts успешно создана или уже существует
2025-04-03 10:45:14,744 - models.database - INFO - ✅ Все необходимые таблицы успешно созданы или уже существуют
2025-04-03 10:45:14,745 - models.database - INFO - ✅ DatabaseService инициализирован. Подключение к базе: postgres:5432/appninjabot
2025-04-03 10:45:14,847 - data.shifts - INFO - Основной путь к файлу смен: /app/data/shifts.json
2025-04-03 10:45:14,847 - data.shifts - INFO - Альтернативный путь: /app/data/shifts.json
2025-04-03 10:45:14,847 - data.shifts - INFO - Альтернативный путь: /app/backend/data/shifts.json
2025-04-03 10:45:14,850 - data.shifts - INFO - Альтернативный путь: /app/data/shifts.json
2025-04-03 10:45:14,850 - data.shifts - INFO - Альтернативный путь: shifts.json
2025-04-03 10:45:15,209 - telegramNinjaBot.bot - INFO - Бот запущен в окружении: development
2025-04-03 10:45:17,153 - models.database - INFO - ✅ Соединение с базой данных установлено
2025-04-03 10:45:17,154 - models.database - INFO - ✅ Таблица access_settings успешно создана или уже существует
2025-04-03 10:45:17,156 - models.database - INFO - ✅ Таблица shifts успешно создана или уже существует
2025-04-03 10:45:17,156 - models.database - INFO - ✅ Все необходимые таблицы успешно созданы или уже существуют
2025-04-03 10:45:17,156 - models.database - INFO - ✅ DatabaseService инициализирован. Подключение к базе: postgres:5432/appninjabot
2025-04-03 10:45:17,251 - data.shifts - INFO - Основной путь к файлу смен: /app/data/shifts.json
2025-04-03 10:45:17,251 - data.shifts - INFO - Альтернативный путь: /app/data/shifts.json
2025-04-03 10:45:17,251 - data.shifts - INFO - Альтернативный путь: /app/backend/data/shifts.json
2025-04-03 10:45:17,253 - data.shifts - INFO - Альтернативный путь: /app/data/shifts.json
2025-04-03 10:45:17,253 - data.shifts - INFO - Альтернативный путь: shifts.json
2025-04-03 10:45:17,618 - telegramNinjaBot.bot - INFO - Бот запущен в окружении: development
2025-04-03 10:45:19,551 - models.database - INFO - ✅ Соединение с базой данных установлено
2025-04-03 10:45:19,552 - models.database - INFO - ✅ Таблица access_settings успешно создана или уже существует
2025-04-03 10:45:19,554 - models.database - INFO - ✅ Таблица shifts успешно создана или уже существует
2025-04-03 10:45:19,554 - models.database - INFO - ✅ Все необходимые таблицы успешно созданы или уже существуют
2025-04-03 10:45:19,554 - models.database - INFO - ✅ DatabaseService инициализирован. Подключение к базе: postgres:5432/appninjabot
2025-04-03 10:45:19,646 - data.shifts - INFO - Основной путь к файлу смен: /app/data/shifts.json
2025-04-03 10:45:19,646 - data.shifts - INFO - Альтернативный путь: /app/data/shifts.json
2025-04-03 10:45:19,646 - data.shifts - INFO - Альтернативный путь: /app/backend/data/shifts.json
2025-04-03 10:45:19,647 - data.shifts - INFO - Альтернативный путь: /app/data/shifts.json
2025-04-03 10:45:19,647 - data.shifts - INFO - Альтернативный путь: shifts.json
2025-04-03 10:45:20,011 - telegramNinjaBot.bot - INFO - Бот запущен в окружении: development
2025-04-03 10:45:22,123 - models.database - INFO - ✅ Соединение с базой данных установлено
2025-04-03 10:45:22,125 - models.database - INFO - ✅ Таблица access_settings успешно создана или уже существует
2025-04-03 10:45:22,127 - models.database - INFO - ✅ Таблица shifts успешно создана или уже существует
2025-04-03 10:45:22,127 - models.database - INFO - ✅ Все необходимые таблицы успешно созданы или уже существуют
2025-04-03 10:45:22,127 - models.database - INFO - ✅ DatabaseService инициализирован. Подключение к базе: postgres:5432/appninjabot
2025-04-03 10:45:22,243 - data.shifts - INFO - Основной путь к файлу смен: /app/data/shifts.json
2025-04-03 10:45:22,244 - data.shifts - INFO - Альтернативный путь: /app/data/shifts.json
2025-04-03 10:45:22,245 - data.shifts - INFO - Альтернативный путь: /app/backend/data/shifts.json
2025-04-03 10:45:22,246 - data.shifts - INFO - Альтернативный путь: /app/data/shifts.json
2025-04-03 10:45:22,248 - data.shifts - INFO - Альтернативный путь: shifts.json
2025-04-03 10:45:22,671 - telegramNinjaBot.bot - INFO - Бот запущен в окружении: development
2025-04-03 10:45:25,558 - models.database - INFO - ✅ Соединение с базой данных установлено
2025-04-03 10:45:25,560 - models.database - INFO - ✅ Таблица access_settings успешно создана или уже существует
2025-04-03 10:45:25,563 - models.database - INFO - ✅ Таблица shifts успешно создана или уже существует
2025-04-03 10:45:25,564 - models.database - INFO - ✅ Все необходимые таблицы успешно созданы или уже существуют
2025-04-03 10:45:25,564 - models.database - INFO - ✅ DatabaseService инициализирован. Подключение к базе: postgres:5432/appninjabot
2025-04-03 10:45:25,673 - data.shifts - INFO - Основной путь к файлу смен: /app/data/shifts.json
2025-04-03 10:45:25,673 - data.shifts - INFO - Альтернативный путь: /app/data/shifts.json
2025-04-03 10:45:25,673 - data.shifts - INFO - Альтернативный путь: /app/backend/data/shifts.json
2025-04-03 10:45:25,674 - data.shifts - INFO - Альтернативный путь: /app/data/shifts.json
2025-04-03 10:45:25,674 - data.shifts - INFO - Альтернативный путь: shifts.json
2025-04-03 10:45:26,049 - telegramNinjaBot.bot - INFO - Бот запущен в окружении: development
2025-04-03 10:45:30,525 - models.database - INFO - ✅ Соединение с базой данных установлено
2025-04-03 10:45:30,526 - models.database - INFO - ✅ Таблица access_settings успешно создана или уже существует
2025-04-03 10:45:30,534 - models.database - INFO - ✅ Таблица shifts успешно создана или уже существует
2025-04-03 10:45:30,534 - models.database - INFO - ✅ Все необходимые таблицы успешно созданы или уже существуют
2025-04-03 10:45:30,534 - models.database - INFO - ✅ DatabaseService инициализирован. Подключение к базе: postgres:5432/appninjabot
2025-04-03 10:45:30,652 - data.shifts - INFO - Основной путь к файлу смен: /app/data/shifts.json
2025-04-03 10:45:30,653 - data.shifts - INFO - Альтернативный путь: /app/data/shifts.json
2025-04-03 10:45:30,653 - data.shifts - INFO - Альтернативный путь: /app/backend/data/shifts.json
2025-04-03 10:45:30,653 - data.shifts - INFO - Альтернативный путь: /app/data/shifts.json
2025-04-03 10:45:30,654 - data.shifts - INFO - Альтернативный путь: shifts.json
2025-04-03 10:45:31,014 - telegramNinjaBot.bot - INFO - Бот запущен в окружении: development
2025-04-03 10:45:38,788 - models.database - INFO - ✅ Соединение с базой данных установлено
2025-04-03 10:45:38,789 - models.database - INFO - ✅ Таблица access_settings успешно создана или уже существует
2025-04-03 10:45:38,791 - models.database - INFO - ✅ Таблица shifts успешно создана или уже существует
2025-04-03 10:45:38,791 - models.database - INFO - ✅ Все необходимые таблицы успешно созданы или уже существуют
2025-04-03 10:45:38,792 - models.database - INFO - ✅ DatabaseService инициализирован. Подключение к базе: postgres:5432/appninjabot
2025-04-03 10:45:38,899 - data.shifts - INFO - Основной путь к файлу смен: /app/data/shifts.json
2025-04-03 10:45:38,900 - data.shifts - INFO - Альтернативный путь: /app/data/shifts.json
2025-04-03 10:45:38,903 - data.shifts - INFO - Альтернативный путь: /app/backend/data/shifts.json
2025-04-03 10:45:38,903 - data.shifts - INFO - Альтернативный путь: /app/data/shifts.json
2025-04-03 10:45:38,904 - data.shifts - INFO - Альтернативный путь: shifts.json
2025-04-03 10:45:39,283 - telegramNinjaBot.bot - INFO - Бот запущен в окружении: development
2025-04-03 10:45:53,442 - models.database - INFO - ✅ Соединение с базой данных установлено
2025-04-03 10:45:53,443 - models.database - INFO - ✅ Таблица access_settings успешно создана или уже существует
2025-04-03 10:45:53,446 - models.database - INFO - ✅ Таблица shifts успешно создана или уже существует
2025-04-03 10:45:53,446 - models.database - INFO - ✅ Все необходимые таблицы успешно созданы или уже существуют
2025-04-03 10:45:53,446 - models.database - INFO - ✅ DatabaseService инициализирован. Подключение к базе: postgres:5432/appninjabot
2025-04-03 10:45:53,538 - data.shifts - INFO - Основной путь к файлу смен: /app/data/shifts.json
2025-04-03 10:45:53,539 - data.shifts - INFO - Альтернативный путь: /app/data/shifts.json
2025-04-03 10:45:53,539 - data.shifts - INFO - Альтернативный путь: /app/backend/data/shifts.json
2025-04-03 10:45:53,540 - data.shifts - INFO - Альтернативный путь: /app/data/shifts.json
2025-04-03 10:45:53,541 - data.shifts - INFO - Альтернативный путь: shifts.json
2025-04-03 10:45:53,919 - telegramNinjaBot.bot - INFO - Бот запущен в окружении: development
2025-04-03 10:46:20,701 - models.database - INFO - ✅ Соединение с базой данных установлено
2025-04-03 10:46:20,702 - models.database - INFO - ✅ Таблица access_settings успешно создана или уже существует
2025-04-03 10:46:20,704 - models.database - INFO - ✅ Таблица shifts успешно создана или уже существует
2025-04-03 10:46:20,704 - models.database - INFO - ✅ Все необходимые таблицы успешно созданы или уже существуют
2025-04-03 10:46:20,705 - models.database - INFO - ✅ DatabaseService инициализирован. Подключение к базе: postgres:5432/appninjabot
2025-04-03 10:46:20,793 - data.shifts - INFO - Основной путь к файлу смен: /app/data/shifts.json
2025-04-03 10:46:20,793 - data.shifts - INFO - Альтернативный путь: /app/data/shifts.json
2025-04-03 10:46:20,793 - data.shifts - INFO - Альтернативный путь: /app/backend/data/shifts.json
2025-04-03 10:46:20,793 - data.shifts - INFO - Альтернативный путь: /app/data/shifts.json
2025-04-03 10:46:20,794 - data.shifts - INFO - Альтернативный путь: shifts.json
2025-04-03 10:46:21,157 - telegramNinjaBot.bot - INFO - Бот запущен в окружении: development
2025-04-03 10:47:13,549 - models.database - INFO - ✅ Соединение с базой данных установлено
2025-04-03 10:47:13,552 - models.database - INFO - ✅ Таблица access_settings успешно создана или уже существует
2025-04-03 10:47:13,554 - models.database - INFO - ✅ Таблица shifts успешно создана или уже существует
2025-04-03 10:47:13,554 - models.database - INFO - ✅ Все необходимые таблицы успешно созданы или уже существуют
2025-04-03 10:47:13,554 - models.database - INFO - ✅ DatabaseService инициализирован. Подключение к базе: postgres:5432/appninjabot
2025-04-03 10:47:13,648 - data.shifts - INFO - Основной путь к файлу смен: /app/data/shifts.json
2025-04-03 10:47:13,648 - data.shifts - INFO - Альтернативный путь: /app/data/shifts.json
2025-04-03 10:47:13,649 - data.shifts - INFO - Альтернативный путь: /app/backend/data/shifts.json
2025-04-03 10:47:13,649 - data.shifts - INFO - Альтернативный путь: /app/data/shifts.json
2025-04-03 10:47:13,650 - data.shifts - INFO - Альтернативный путь: shifts.json
2025-04-03 10:47:14,024 - telegramNinjaBot.bot - INFO - Бот запущен в окружении: development
2025-04-03 10:47:14,043 - werkzeug - INFO - [31m[1mWARNING: This is a development server. Do not use it in a production deployment. Use a production WSGI server instead.[0m
 * Running on all addresses (0.0.0.0)
 * Running on http://127.0.0.1:8000
 * Running on http://172.19.0.5:8000
2025-04-03 10:47:14,044 - werkzeug - INFO - [33mPress CTRL+C to quit[0m
2025-04-03 10:48:44,698 - __main__ - INFO - Получен запрос: GET /api/reserves
2025-04-03 10:48:44,698 - __main__ - INFO - Заголовки: Host: localhost
X-Real-Ip: 172.19.0.1
X-Forwarded-For: 172.19.0.1
X-Forwarded-Proto: http
X-Forwarded-Host: localhost
X-Original-Uri: /api/reserves
Connection: close
User-Agent: Mozilla/5.0 (iPhone; CPU iPhone OS 16_6 like Mac OS X) AppleWebKit/605.1.15 (KHTML, like Gecko) Version/16.6 Mobile/15E148 Safari/604.1
Accept: */*
Origin: http://localhost:3000
Sec-Fetch-Site: same-site
Sec-Fetch-Mode: cors
Sec-Fetch-Dest: empty
Referer: http://localhost:3000/
Accept-Encoding: gzip, deflate, br, zstd
Accept-Language: ru-RU,ru;q=0.9,en-RU;q=0.8,en;q=0.7,en-US;q=0.6


2025-04-03 10:48:44,699 - __main__ - INFO - Обработка запроса на /api/reserves без CORS декораторов
2025-04-03 10:48:44,709 - werkzeug - INFO - 172.19.0.8 - - [03/Apr/2025 10:48:44] "GET /api/reserves HTTP/1.1" 200 -
2025-04-03 10:48:44,852 - __main__ - INFO - Получен запрос: GET /api/reserves
2025-04-03 10:48:44,852 - __main__ - INFO - Заголовки: Host: localhost
X-Real-Ip: 172.19.0.1
X-Forwarded-For: 172.19.0.1
X-Forwarded-Proto: http
X-Forwarded-Host: localhost
X-Original-Uri: /api/reserves
Connection: close
User-Agent: Mozilla/5.0 (iPhone; CPU iPhone OS 16_6 like Mac OS X) AppleWebKit/605.1.15 (KHTML, like Gecko) Version/16.6 Mobile/15E148 Safari/604.1
Accept: */*
Origin: http://localhost:3000
Sec-Fetch-Site: same-site
Sec-Fetch-Mode: cors
Sec-Fetch-Dest: empty
Referer: http://localhost:3000/
Accept-Encoding: gzip, deflate, br, zstd
Accept-Language: ru-RU,ru;q=0.9,en-RU;q=0.8,en;q=0.7,en-US;q=0.6


2025-04-03 10:48:44,854 - __main__ - INFO - Обработка запроса на /api/reserves без CORS декораторов
2025-04-03 10:48:44,864 - werkzeug - INFO - 172.19.0.8 - - [03/Apr/2025 10:48:44] "GET /api/reserves HTTP/1.1" 200 -
2025-04-03 10:48:57,664 - __main__ - INFO - Получен запрос: GET /api/couriers/access/settings
2025-04-03 10:48:57,665 - __main__ - INFO - Заголовки: Host: localhost
X-Real-Ip: 172.19.0.1
X-Forwarded-For: 172.19.0.1
X-Forwarded-Proto: http
X-Forwarded-Host: localhost
X-Original-Uri: /api/couriers/access/settings?chat_id=-1004755640016
Connection: close
User-Agent: Mozilla/5.0 (iPhone; CPU iPhone OS 16_6 like Mac OS X) AppleWebKit/605.1.15 (KHTML, like Gecko) Version/16.6 Mobile/15E148 Safari/604.1
Accept: */*
Origin: http://localhost:3000
Sec-Fetch-Site: same-site
Sec-Fetch-Mode: cors
Sec-Fetch-Dest: empty
Referer: http://localhost:3000/
Accept-Encoding: gzip, deflate, br, zstd
Accept-Language: ru-RU,ru;q=0.9,en-RU;q=0.8,en;q=0.7,en-US;q=0.6


2025-04-03 10:48:57,665 - api.couriers.access.routes - INFO - 📝 Запрос настроек доступа: chat_id=-1004755640016
2025-04-03 10:48:57,672 - __main__ - INFO - Получен запрос: GET /api/couriers/1682142222/status
2025-04-03 10:48:57,672 - __main__ - INFO - Заголовки: Host: localhost
X-Real-Ip: 172.19.0.1
X-Forwarded-For: 172.19.0.1
X-Forwarded-Proto: http
X-Forwarded-Host: localhost
X-Original-Uri: /api/couriers/1682142222/status?chat_id=-1004755640016
Connection: close
User-Agent: Mozilla/5.0 (iPhone; CPU iPhone OS 16_6 like Mac OS X) AppleWebKit/605.1.15 (KHTML, like Gecko) Version/16.6 Mobile/15E148 Safari/604.1
Accept: application/json, text/plain, */*
Origin: http://localhost:3000
Sec-Fetch-Site: same-site
Sec-Fetch-Mode: cors
Sec-Fetch-Dest: empty
Referer: http://localhost:3000/
Accept-Encoding: gzip, deflate, br, zstd
Accept-Language: ru-RU,ru;q=0.9,en-RU;q=0.8,en;q=0.7,en-US;q=0.6


2025-04-03 10:48:57,673 - api.couriers.routes - INFO - === Получение статуса курьера 1682142222 ===
2025-04-03 10:48:57,674 - api.couriers.routes - INFO - Chat ID из запроса: -1004755640016
2025-04-03 10:48:57,680 - api.couriers.access.routes - INFO - ✅ Настройки загружены: 17 полей
2025-04-03 10:48:57,681 - werkzeug - INFO - 172.19.0.8 - - [03/Apr/2025 10:48:57] "GET /api/couriers/access/settings?chat_id=-1004755640016 HTTP/1.1" 200 -
2025-04-03 10:48:57,685 - __main__ - INFO - Получен запрос: GET /api/couriers/access/settings
2025-04-03 10:48:57,686 - __main__ - INFO - Заголовки: Host: localhost
X-Real-Ip: 172.19.0.1
X-Forwarded-For: 172.19.0.1
X-Forwarded-Proto: http
X-Forwarded-Host: localhost
X-Original-Uri: /api/couriers/access/settings?chat_id=-1004755640016
Connection: close
User-Agent: Mozilla/5.0 (iPhone; CPU iPhone OS 16_6 like Mac OS X) AppleWebKit/605.1.15 (KHTML, like Gecko) Version/16.6 Mobile/15E148 Safari/604.1
Accept: */*
Origin: http://localhost:3000
Sec-Fetch-Site: same-site
Sec-Fetch-Mode: cors
Sec-Fetch-Dest: empty
Referer: http://localhost:3000/
Accept-Encoding: gzip, deflate, br, zstd
Accept-Language: ru-RU,ru;q=0.9,en-RU;q=0.8,en;q=0.7,en-US;q=0.6


2025-04-03 10:48:57,687 - api.couriers.access.routes - INFO - 📝 Запрос настроек доступа: chat_id=-1004755640016
2025-04-03 10:48:57,689 - api.couriers.routes - ERROR - Пользователь 1682142222 не найден
2025-04-03 10:48:57,691 - api.couriers.access.routes - INFO - ✅ Настройки загружены: 17 полей
2025-04-03 10:48:57,692 - werkzeug - INFO - 172.19.0.8 - - [03/Apr/2025 10:48:57] "[33mGET /api/couriers/1682142222/status?chat_id=-1004755640016 HTTP/1.1[0m" 404 -
2025-04-03 10:48:57,692 - werkzeug - INFO - 172.19.0.8 - - [03/Apr/2025 10:48:57] "GET /api/couriers/access/settings?chat_id=-1004755640016 HTTP/1.1" 200 -
2025-04-03 10:48:57,698 - __main__ - INFO - Получен запрос: GET /api/couriers/1682142222/status
2025-04-03 10:48:57,699 - __main__ - INFO - Заголовки: Host: localhost
X-Real-Ip: 172.19.0.1
X-Forwarded-For: 172.19.0.1
X-Forwarded-Proto: http
X-Forwarded-Host: localhost
X-Original-Uri: /api/couriers/1682142222/status?chat_id=-1004755640016
Connection: close
User-Agent: Mozilla/5.0 (iPhone; CPU iPhone OS 16_6 like Mac OS X) AppleWebKit/605.1.15 (KHTML, like Gecko) Version/16.6 Mobile/15E148 Safari/604.1
Accept: application/json, text/plain, */*
Origin: http://localhost:3000
Sec-Fetch-Site: same-site
Sec-Fetch-Mode: cors
Sec-Fetch-Dest: empty
Referer: http://localhost:3000/
Accept-Encoding: gzip, deflate, br, zstd
Accept-Language: ru-RU,ru;q=0.9,en-RU;q=0.8,en;q=0.7,en-US;q=0.6


2025-04-03 10:48:57,700 - api.couriers.routes - INFO - === Получение статуса курьера 1682142222 ===
2025-04-03 10:48:57,701 - api.couriers.routes - INFO - Chat ID из запроса: -1004755640016
2025-04-03 10:48:57,713 - api.couriers.routes - ERROR - Пользователь 1682142222 не найден
2025-04-03 10:48:57,714 - werkzeug - INFO - 172.19.0.8 - - [03/Apr/2025 10:48:57] "[33mGET /api/couriers/1682142222/status?chat_id=-1004755640016 HTTP/1.1[0m" 404 -
2025-04-03 10:49:24,880 - __main__ - INFO - Получен запрос: POST /api/couriers/access/settings
2025-04-03 10:49:24,880 - __main__ - INFO - Заголовки: Host: localhost
X-Real-Ip: 172.19.0.1
X-Forwarded-For: 172.19.0.1
X-Forwarded-Proto: http
X-Forwarded-Host: localhost
X-Original-Uri: /api/couriers/access/settings
Connection: close
Content-Length: 388
User-Agent: Mozilla/5.0 (iPhone; CPU iPhone OS 16_6 like Mac OS X) AppleWebKit/605.1.15 (KHTML, like Gecko) Version/16.6 Mobile/15E148 Safari/604.1
Content-Type: application/json
Accept: */*
Origin: http://localhost:3000
Sec-Fetch-Site: same-site
Sec-Fetch-Mode: cors
Sec-Fetch-Dest: empty
Referer: http://localhost:3000/
Accept-Encoding: gzip, deflate, br, zstd
Accept-Language: ru-RU,ru;q=0.9,en-RU;q=0.8,en;q=0.7,en-US;q=0.6


2025-04-03 10:49:24,881 - api.couriers.access.routes - INFO - 📝 Получены данные для обновления настроек доступа:
2025-04-03 10:49:24,882 - api.couriers.access.routes - INFO - 🔑 Ключи в запросе: ['chat_id', 'allowMultipleShifts', 'autoApprove', 'allowSameDay', 'registrationStartDay', 'registrationStartHour', 'registrationStartMinute', 'offsetType', 'offsetAmount', 'periodLength', 'isAlwaysActive', 'activeStartDate', 'activeEndDate', 'daysAhead', 'enabledDates', 'restrictedUsers', 'lastUpdated']
2025-04-03 10:49:24,902 - api.couriers.access.routes - INFO - ✅ Настройки успешно обновлены
2025-04-03 10:49:24,902 - api.couriers.access.routes - INFO - 🔑 Ключи в обновленных настройках: ['chat_id', 'allowMultipleShifts', 'autoApprove', 'allowSameDay', 'registrationStartDay', 'registrationStartHour', 'registrationStartMinute', 'offsetType', 'offsetAmount', 'periodLength', 'isAlwaysActive', 'activeStartDate', 'activeEndDate', 'daysAhead', 'enabledDates', 'restrictedUsers', 'lastUpdated']
2025-04-03 10:49:24,903 - api.couriers.access.routes - INFO - 📤 Отправка запроса на применение настроек с chat_id=-1004755640016
2025-04-03 10:49:24,905 - urllib3.connectionpool - DEBUG - Starting new HTTP connection (1): scheduler:8002
2025-04-03 10:49:24,960 - urllib3.connectionpool - DEBUG - http://scheduler:8002 "POST /apply-access-settings HTTP/1.1" 200 297
2025-04-03 10:49:24,961 - api.couriers.access.routes - INFO - ✅ Запрос на применение настроек успешно отправлен
2025-04-03 10:49:24,961 - api.couriers.access.routes - INFO - 📤 Отправка запроса на перезагрузку задач
2025-04-03 10:49:24,966 - urllib3.connectionpool - DEBUG - Starting new HTTP connection (1): scheduler:8002
2025-04-03 10:49:24,979 - urllib3.connectionpool - DEBUG - http://scheduler:8002 "POST /scheduler/reload-tasks HTTP/1.1" 200 233
2025-04-03 10:49:24,980 - api.couriers.access.routes - INFO - ✅ Запрос на перезагрузку задач успешно отправлен
2025-04-03 10:49:24,982 - werkzeug - INFO - 172.19.0.8 - - [03/Apr/2025 10:49:24] "POST /api/couriers/access/settings HTTP/1.1" 200 -
2025-04-03 11:12:51,458 - __main__ - INFO - Получен запрос: GET /api/reserves
2025-04-03 11:12:51,459 - __main__ - INFO - Заголовки: Host: localhost
X-Real-Ip: 172.19.0.1
X-Forwarded-For: 172.19.0.1
X-Forwarded-Proto: http
X-Forwarded-Host: localhost
X-Original-Uri: /api/reserves
Connection: close
User-Agent: Mozilla/5.0 (iPhone; CPU iPhone OS 16_6 like Mac OS X) AppleWebKit/605.1.15 (KHTML, like Gecko) Version/16.6 Mobile/15E148 Safari/604.1
Accept: */*
Origin: http://localhost:3000
Sec-Fetch-Site: same-site
Sec-Fetch-Mode: cors
Sec-Fetch-Dest: empty
Referer: http://localhost:3000/
Accept-Encoding: gzip, deflate, br, zstd
Accept-Language: ru-RU,ru;q=0.9,en-RU;q=0.8,en;q=0.7,en-US;q=0.6


2025-04-03 11:12:51,460 - __main__ - INFO - Обработка запроса на /api/reserves без CORS декораторов
2025-04-03 11:12:51,468 - werkzeug - INFO - 172.19.0.8 - - [03/Apr/2025 11:12:51] "GET /api/reserves HTTP/1.1" 200 -
2025-04-03 11:12:51,580 - __main__ - INFO - Получен запрос: GET /api/reserves
2025-04-03 11:12:51,580 - __main__ - INFO - Заголовки: Host: localhost
X-Real-Ip: 172.19.0.1
X-Forwarded-For: 172.19.0.1
X-Forwarded-Proto: http
X-Forwarded-Host: localhost
X-Original-Uri: /api/reserves
Connection: close
User-Agent: Mozilla/5.0 (iPhone; CPU iPhone OS 16_6 like Mac OS X) AppleWebKit/605.1.15 (KHTML, like Gecko) Version/16.6 Mobile/15E148 Safari/604.1
Accept: */*
Origin: http://localhost:3000
Sec-Fetch-Site: same-site
Sec-Fetch-Mode: cors
Sec-Fetch-Dest: empty
Referer: http://localhost:3000/
Accept-Encoding: gzip, deflate, br, zstd
Accept-Language: ru-RU,ru;q=0.9,en-RU;q=0.8,en;q=0.7,en-US;q=0.6


2025-04-03 11:12:51,581 - __main__ - INFO - Обработка запроса на /api/reserves без CORS декораторов
2025-04-03 11:12:51,589 - werkzeug - INFO - 172.19.0.8 - - [03/Apr/2025 11:12:51] "GET /api/reserves HTTP/1.1" 200 -
2025-04-03 11:12:51,699 - __main__ - INFO - Получен запрос: GET /api/couriers/access/settings
2025-04-03 11:12:51,699 - __main__ - INFO - Заголовки: Host: localhost
X-Real-Ip: 172.19.0.1
X-Forwarded-For: 172.19.0.1
X-Forwarded-Proto: http
X-Forwarded-Host: localhost
X-Original-Uri: /api/couriers/access/settings?chat_id=-1004755640016
Connection: close
User-Agent: Mozilla/5.0 (iPhone; CPU iPhone OS 16_6 like Mac OS X) AppleWebKit/605.1.15 (KHTML, like Gecko) Version/16.6 Mobile/15E148 Safari/604.1
Accept: */*
Origin: http://localhost:3000
Sec-Fetch-Site: same-site
Sec-Fetch-Mode: cors
Sec-Fetch-Dest: empty
Referer: http://localhost:3000/
Accept-Encoding: gzip, deflate, br, zstd
Accept-Language: ru-RU,ru;q=0.9,en-RU;q=0.8,en;q=0.7,en-US;q=0.6


2025-04-03 11:12:51,700 - api.couriers.access.routes - INFO - 📝 Запрос настроек доступа: chat_id=-1004755640016
2025-04-03 11:12:51,711 - api.couriers.access.routes - INFO - ✅ Настройки загружены: 17 полей
2025-04-03 11:12:51,712 - __main__ - INFO - Получен запрос: GET /api/couriers/1682142222/status
2025-04-03 11:12:51,713 - werkzeug - INFO - 172.19.0.8 - - [03/Apr/2025 11:12:51] "GET /api/couriers/access/settings?chat_id=-1004755640016 HTTP/1.1" 200 -
2025-04-03 11:12:51,713 - __main__ - INFO - Заголовки: Host: localhost
X-Real-Ip: 172.19.0.1
X-Forwarded-For: 172.19.0.1
X-Forwarded-Proto: http
X-Forwarded-Host: localhost
X-Original-Uri: /api/couriers/1682142222/status?chat_id=-1004755640016
Connection: close
User-Agent: Mozilla/5.0 (iPhone; CPU iPhone OS 16_6 like Mac OS X) AppleWebKit/605.1.15 (KHTML, like Gecko) Version/16.6 Mobile/15E148 Safari/604.1
Accept: application/json, text/plain, */*
Origin: http://localhost:3000
Sec-Fetch-Site: same-site
Sec-Fetch-Mode: cors
Sec-Fetch-Dest: empty
Referer: http://localhost:3000/
Accept-Encoding: gzip, deflate, br, zstd
Accept-Language: ru-RU,ru;q=0.9,en-RU;q=0.8,en;q=0.7,en-US;q=0.6


2025-04-03 11:12:51,723 - api.couriers.routes - INFO - === Получение статуса курьера 1682142222 ===
2025-04-03 11:12:51,724 - __main__ - INFO - Получен запрос: GET /api/couriers/access/settings
2025-04-03 11:12:51,725 - api.couriers.routes - INFO - Chat ID из запроса: -1004755640016
2025-04-03 11:12:51,725 - __main__ - INFO - Заголовки: Host: localhost
X-Real-Ip: 172.19.0.1
X-Forwarded-For: 172.19.0.1
X-Forwarded-Proto: http
X-Forwarded-Host: localhost
X-Original-Uri: /api/couriers/access/settings?chat_id=-1004755640016
Connection: close
User-Agent: Mozilla/5.0 (iPhone; CPU iPhone OS 16_6 like Mac OS X) AppleWebKit/605.1.15 (KHTML, like Gecko) Version/16.6 Mobile/15E148 Safari/604.1
Accept: */*
Origin: http://localhost:3000
Sec-Fetch-Site: same-site
Sec-Fetch-Mode: cors
Sec-Fetch-Dest: empty
Referer: http://localhost:3000/
Accept-Encoding: gzip, deflate, br, zstd
Accept-Language: ru-RU,ru;q=0.9,en-RU;q=0.8,en;q=0.7,en-US;q=0.6


2025-04-03 11:12:51,728 - api.couriers.access.routes - INFO - 📝 Запрос настроек доступа: chat_id=-1004755640016
2025-04-03 11:12:51,732 - api.couriers.access.routes - INFO - ✅ Настройки загружены: 17 полей
2025-04-03 11:12:51,742 - werkzeug - INFO - 172.19.0.8 - - [03/Apr/2025 11:12:51] "GET /api/couriers/access/settings?chat_id=-1004755640016 HTTP/1.1" 200 -
2025-04-03 11:12:51,755 - api.couriers.routes - ERROR - Пользователь 1682142222 не найден
2025-04-03 11:12:51,756 - werkzeug - INFO - 172.19.0.8 - - [03/Apr/2025 11:12:51] "[33mGET /api/couriers/1682142222/status?chat_id=-1004755640016 HTTP/1.1[0m" 404 -
2025-04-03 11:12:51,761 - __main__ - INFO - Получен запрос: GET /api/couriers/1682142222/status
2025-04-03 11:12:51,761 - __main__ - INFO - Заголовки: Host: localhost
X-Real-Ip: 172.19.0.1
X-Forwarded-For: 172.19.0.1
X-Forwarded-Proto: http
X-Forwarded-Host: localhost
X-Original-Uri: /api/couriers/1682142222/status?chat_id=-1004755640016
Connection: close
User-Agent: Mozilla/5.0 (iPhone; CPU iPhone OS 16_6 like Mac OS X) AppleWebKit/605.1.15 (KHTML, like Gecko) Version/16.6 Mobile/15E148 Safari/604.1
Accept: application/json, text/plain, */*
Origin: http://localhost:3000
Sec-Fetch-Site: same-site
Sec-Fetch-Mode: cors
Sec-Fetch-Dest: empty
Referer: http://localhost:3000/
Accept-Encoding: gzip, deflate, br, zstd
Accept-Language: ru-RU,ru;q=0.9,en-RU;q=0.8,en;q=0.7,en-US;q=0.6


2025-04-03 11:12:51,762 - api.couriers.routes - INFO - === Получение статуса курьера 1682142222 ===
2025-04-03 11:12:51,763 - api.couriers.routes - INFO - Chat ID из запроса: -1004755640016
2025-04-03 11:12:51,774 - api.couriers.routes - ERROR - Пользователь 1682142222 не найден
2025-04-03 11:12:51,775 - werkzeug - INFO - 172.19.0.8 - - [03/Apr/2025 11:12:51] "[33mGET /api/couriers/1682142222/status?chat_id=-1004755640016 HTTP/1.1[0m" 404 -
2025-04-03 11:13:47,533 - __main__ - INFO - Получен запрос: GET /api/reserves
2025-04-03 11:13:47,533 - __main__ - INFO - Заголовки: Host: localhost
X-Real-Ip: 172.19.0.1
X-Forwarded-For: 172.19.0.1
X-Forwarded-Proto: http
X-Forwarded-Host: localhost
X-Original-Uri: /api/reserves
Connection: close
User-Agent: Mozilla/5.0 (iPhone; CPU iPhone OS 16_6 like Mac OS X) AppleWebKit/605.1.15 (KHTML, like Gecko) Version/16.6 Mobile/15E148 Safari/604.1
Accept: */*
Origin: http://localhost:3000
Sec-Fetch-Site: same-site
Sec-Fetch-Mode: cors
Sec-Fetch-Dest: empty
Referer: http://localhost:3000/
Accept-Encoding: gzip, deflate, br, zstd
Accept-Language: ru-RU,ru;q=0.9,en-RU;q=0.8,en;q=0.7,en-US;q=0.6


2025-04-03 11:13:47,534 - __main__ - INFO - Обработка запроса на /api/reserves без CORS декораторов
2025-04-03 11:13:47,541 - werkzeug - INFO - 172.19.0.8 - - [03/Apr/2025 11:13:47] "GET /api/reserves HTTP/1.1" 200 -
2025-04-03 11:13:47,646 - __main__ - INFO - Получен запрос: GET /api/reserves
2025-04-03 11:13:47,647 - __main__ - INFO - Заголовки: Host: localhost
X-Real-Ip: 172.19.0.1
X-Forwarded-For: 172.19.0.1
X-Forwarded-Proto: http
X-Forwarded-Host: localhost
X-Original-Uri: /api/reserves
Connection: close
User-Agent: Mozilla/5.0 (iPhone; CPU iPhone OS 16_6 like Mac OS X) AppleWebKit/605.1.15 (KHTML, like Gecko) Version/16.6 Mobile/15E148 Safari/604.1
Accept: */*
Origin: http://localhost:3000
Sec-Fetch-Site: same-site
Sec-Fetch-Mode: cors
Sec-Fetch-Dest: empty
Referer: http://localhost:3000/
Accept-Encoding: gzip, deflate, br, zstd
Accept-Language: ru-RU,ru;q=0.9,en-RU;q=0.8,en;q=0.7,en-US;q=0.6


2025-04-03 11:13:47,648 - __main__ - INFO - Обработка запроса на /api/reserves без CORS декораторов
2025-04-03 11:13:47,660 - werkzeug - INFO - 172.19.0.8 - - [03/Apr/2025 11:13:47] "GET /api/reserves HTTP/1.1" 200 -
2025-04-03 11:13:47,818 - __main__ - INFO - Получен запрос: GET /api/couriers/access/settings
2025-04-03 11:13:47,819 - __main__ - INFO - Получен запрос: GET /api/couriers/1682142222/status
2025-04-03 11:13:47,819 - __main__ - INFO - Заголовки: Host: localhost
X-Real-Ip: 172.19.0.1
X-Forwarded-For: 172.19.0.1
X-Forwarded-Proto: http
X-Forwarded-Host: localhost
X-Original-Uri: /api/couriers/access/settings?chat_id=-1004755640016
Connection: close
User-Agent: Mozilla/5.0 (iPhone; CPU iPhone OS 16_6 like Mac OS X) AppleWebKit/605.1.15 (KHTML, like Gecko) Version/16.6 Mobile/15E148 Safari/604.1
Accept: */*
Origin: http://localhost:3000
Sec-Fetch-Site: same-site
Sec-Fetch-Mode: cors
Sec-Fetch-Dest: empty
Referer: http://localhost:3000/
Accept-Encoding: gzip, deflate, br, zstd
Accept-Language: ru-RU,ru;q=0.9,en-RU;q=0.8,en;q=0.7,en-US;q=0.6


2025-04-03 11:13:47,820 - __main__ - INFO - Заголовки: Host: localhost
X-Real-Ip: 172.19.0.1
X-Forwarded-For: 172.19.0.1
X-Forwarded-Proto: http
X-Forwarded-Host: localhost
X-Original-Uri: /api/couriers/1682142222/status?chat_id=-1004755640016
Connection: close
User-Agent: Mozilla/5.0 (iPhone; CPU iPhone OS 16_6 like Mac OS X) AppleWebKit/605.1.15 (KHTML, like Gecko) Version/16.6 Mobile/15E148 Safari/604.1
Accept: application/json, text/plain, */*
Origin: http://localhost:3000
Sec-Fetch-Site: same-site
Sec-Fetch-Mode: cors
Sec-Fetch-Dest: empty
Referer: http://localhost:3000/
Accept-Encoding: gzip, deflate, br, zstd
Accept-Language: ru-RU,ru;q=0.9,en-RU;q=0.8,en;q=0.7,en-US;q=0.6


2025-04-03 11:13:47,821 - api.couriers.access.routes - INFO - 📝 Запрос настроек доступа: chat_id=-1004755640016
2025-04-03 11:13:47,823 - api.couriers.routes - INFO - === Получение статуса курьера 1682142222 ===
2025-04-03 11:13:47,827 - api.couriers.routes - INFO - Chat ID из запроса: -1004755640016
2025-04-03 11:13:47,829 - api.couriers.access.routes - INFO - ✅ Настройки загружены: 17 полей
2025-04-03 11:13:47,832 - werkzeug - INFO - 172.19.0.8 - - [03/Apr/2025 11:13:47] "GET /api/couriers/access/settings?chat_id=-1004755640016 HTTP/1.1" 200 -
2025-04-03 11:13:47,853 - __main__ - INFO - Получен запрос: GET /api/couriers/access/settings
2025-04-03 11:13:47,854 - __main__ - INFO - Заголовки: Host: localhost
X-Real-Ip: 172.19.0.1
X-Forwarded-For: 172.19.0.1
X-Forwarded-Proto: http
X-Forwarded-Host: localhost
X-Original-Uri: /api/couriers/access/settings?chat_id=-1004755640016
Connection: close
User-Agent: Mozilla/5.0 (iPhone; CPU iPhone OS 16_6 like Mac OS X) AppleWebKit/605.1.15 (KHTML, like Gecko) Version/16.6 Mobile/15E148 Safari/604.1
Accept: */*
Origin: http://localhost:3000
Sec-Fetch-Site: same-site
Sec-Fetch-Mode: cors
Sec-Fetch-Dest: empty
Referer: http://localhost:3000/
Accept-Encoding: gzip, deflate, br, zstd
Accept-Language: ru-RU,ru;q=0.9,en-RU;q=0.8,en;q=0.7,en-US;q=0.6


2025-04-03 11:13:47,855 - api.couriers.access.routes - INFO - 📝 Запрос настроек доступа: chat_id=-1004755640016
2025-04-03 11:13:47,859 - api.couriers.routes - ERROR - Пользователь 1682142222 не найден
2025-04-03 11:13:47,860 - werkzeug - INFO - 172.19.0.8 - - [03/Apr/2025 11:13:47] "[33mGET /api/couriers/1682142222/status?chat_id=-1004755640016 HTTP/1.1[0m" 404 -
2025-04-03 11:13:47,865 - __main__ - INFO - Получен запрос: GET /api/couriers/1682142222/status
2025-04-03 11:13:47,865 - __main__ - INFO - Заголовки: Host: localhost
X-Real-Ip: 172.19.0.1
X-Forwarded-For: 172.19.0.1
X-Forwarded-Proto: http
X-Forwarded-Host: localhost
X-Original-Uri: /api/couriers/1682142222/status?chat_id=-1004755640016
Connection: close
User-Agent: Mozilla/5.0 (iPhone; CPU iPhone OS 16_6 like Mac OS X) AppleWebKit/605.1.15 (KHTML, like Gecko) Version/16.6 Mobile/15E148 Safari/604.1
Accept: application/json, text/plain, */*
Origin: http://localhost:3000
Sec-Fetch-Site: same-site
Sec-Fetch-Mode: cors
Sec-Fetch-Dest: empty
Referer: http://localhost:3000/
Accept-Encoding: gzip, deflate, br, zstd
Accept-Language: ru-RU,ru;q=0.9,en-RU;q=0.8,en;q=0.7,en-US;q=0.6


2025-04-03 11:13:47,865 - api.couriers.access.routes - INFO - ✅ Настройки загружены: 17 полей
2025-04-03 11:13:47,866 - api.couriers.routes - INFO - === Получение статуса курьера 1682142222 ===
2025-04-03 11:13:47,867 - werkzeug - INFO - 172.19.0.8 - - [03/Apr/2025 11:13:47] "GET /api/couriers/access/settings?chat_id=-1004755640016 HTTP/1.1" 200 -
2025-04-03 11:13:47,868 - api.couriers.routes - INFO - Chat ID из запроса: -1004755640016
2025-04-03 11:13:47,885 - api.couriers.routes - ERROR - Пользователь 1682142222 не найден
2025-04-03 11:13:47,885 - werkzeug - INFO - 172.19.0.8 - - [03/Apr/2025 11:13:47] "[33mGET /api/couriers/1682142222/status?chat_id=-1004755640016 HTTP/1.1[0m" 404 -
2025-04-03 11:29:37,780 - __main__ - INFO - Получен запрос: GET /api/reserves
2025-04-03 11:29:37,782 - __main__ - INFO - Заголовки: Host: localhost
X-Real-Ip: 172.19.0.1
X-Forwarded-For: 172.19.0.1
X-Forwarded-Proto: http
X-Forwarded-Host: localhost
X-Original-Uri: /api/reserves
Connection: close
User-Agent: Mozilla/5.0 (iPhone; CPU iPhone OS 16_6 like Mac OS X) AppleWebKit/605.1.15 (KHTML, like Gecko) Version/16.6 Mobile/15E148 Safari/604.1
Accept: */*
Origin: http://localhost:3000
Sec-Fetch-Site: same-site
Sec-Fetch-Mode: cors
Sec-Fetch-Dest: empty
Referer: http://localhost:3000/
Accept-Encoding: gzip, deflate, br, zstd
Accept-Language: ru-RU,ru;q=0.9,en-RU;q=0.8,en;q=0.7,en-US;q=0.6


2025-04-03 11:29:37,785 - __main__ - INFO - Обработка запроса на /api/reserves без CORS декораторов
2025-04-03 11:29:37,796 - werkzeug - INFO - 172.19.0.8 - - [03/Apr/2025 11:29:37] "GET /api/reserves HTTP/1.1" 200 -
2025-04-03 11:29:37,890 - __main__ - INFO - Получен запрос: GET /api/reserves
2025-04-03 11:29:37,891 - __main__ - INFO - Заголовки: Host: localhost
X-Real-Ip: 172.19.0.1
X-Forwarded-For: 172.19.0.1
X-Forwarded-Proto: http
X-Forwarded-Host: localhost
X-Original-Uri: /api/reserves
Connection: close
User-Agent: Mozilla/5.0 (iPhone; CPU iPhone OS 16_6 like Mac OS X) AppleWebKit/605.1.15 (KHTML, like Gecko) Version/16.6 Mobile/15E148 Safari/604.1
Accept: */*
Origin: http://localhost:3000
Sec-Fetch-Site: same-site
Sec-Fetch-Mode: cors
Sec-Fetch-Dest: empty
Referer: http://localhost:3000/
Accept-Encoding: gzip, deflate, br, zstd
Accept-Language: ru-RU,ru;q=0.9,en-RU;q=0.8,en;q=0.7,en-US;q=0.6


2025-04-03 11:29:37,892 - __main__ - INFO - Обработка запроса на /api/reserves без CORS декораторов
2025-04-03 11:29:37,898 - werkzeug - INFO - 172.19.0.8 - - [03/Apr/2025 11:29:37] "GET /api/reserves HTTP/1.1" 200 -
2025-04-03 11:29:38,004 - __main__ - INFO - Получен запрос: GET /api/couriers/access/settings
2025-04-03 11:29:38,004 - __main__ - INFO - Заголовки: Host: localhost
X-Real-Ip: 172.19.0.1
X-Forwarded-For: 172.19.0.1
X-Forwarded-Proto: http
X-Forwarded-Host: localhost
X-Original-Uri: /api/couriers/access/settings?chat_id=-1004755640016
Connection: close
User-Agent: Mozilla/5.0 (iPhone; CPU iPhone OS 16_6 like Mac OS X) AppleWebKit/605.1.15 (KHTML, like Gecko) Version/16.6 Mobile/15E148 Safari/604.1
Accept: */*
Origin: http://localhost:3000
Sec-Fetch-Site: same-site
Sec-Fetch-Mode: cors
Sec-Fetch-Dest: empty
Referer: http://localhost:3000/
Accept-Encoding: gzip, deflate, br, zstd
Accept-Language: ru-RU,ru;q=0.9,en-RU;q=0.8,en;q=0.7,en-US;q=0.6


2025-04-03 11:29:38,010 - api.couriers.access.routes - INFO - 📝 Запрос настроек доступа: chat_id=-1004755640016
2025-04-03 11:29:38,011 - __main__ - INFO - Получен запрос: GET /api/couriers/1682142222/status
2025-04-03 11:29:38,012 - __main__ - INFO - Заголовки: Host: localhost
X-Real-Ip: 172.19.0.1
X-Forwarded-For: 172.19.0.1
X-Forwarded-Proto: http
X-Forwarded-Host: localhost
X-Original-Uri: /api/couriers/1682142222/status?chat_id=-1004755640016
Connection: close
User-Agent: Mozilla/5.0 (iPhone; CPU iPhone OS 16_6 like Mac OS X) AppleWebKit/605.1.15 (KHTML, like Gecko) Version/16.6 Mobile/15E148 Safari/604.1
Accept: application/json, text/plain, */*
Origin: http://localhost:3000
Sec-Fetch-Site: same-site
Sec-Fetch-Mode: cors
Sec-Fetch-Dest: empty
Referer: http://localhost:3000/
Accept-Encoding: gzip, deflate, br, zstd
Accept-Language: ru-RU,ru;q=0.9,en-RU;q=0.8,en;q=0.7,en-US;q=0.6


2025-04-03 11:29:38,013 - api.couriers.routes - INFO - === Получение статуса курьера 1682142222 ===
2025-04-03 11:29:38,013 - api.couriers.routes - INFO - Chat ID из запроса: -1004755640016
2025-04-03 11:29:38,019 - api.couriers.access.routes - INFO - ✅ Настройки загружены: 17 полей
2025-04-03 11:29:38,021 - werkzeug - INFO - 172.19.0.8 - - [03/Apr/2025 11:29:38] "GET /api/couriers/access/settings?chat_id=-1004755640016 HTTP/1.1" 200 -
2025-04-03 11:29:38,033 - __main__ - INFO - Получен запрос: GET /api/couriers/access/settings
2025-04-03 11:29:38,037 - __main__ - INFO - Заголовки: Host: localhost
X-Real-Ip: 172.19.0.1
X-Forwarded-For: 172.19.0.1
X-Forwarded-Proto: http
X-Forwarded-Host: localhost
X-Original-Uri: /api/couriers/access/settings?chat_id=-1004755640016
Connection: close
User-Agent: Mozilla/5.0 (iPhone; CPU iPhone OS 16_6 like Mac OS X) AppleWebKit/605.1.15 (KHTML, like Gecko) Version/16.6 Mobile/15E148 Safari/604.1
Accept: */*
Origin: http://localhost:3000
Sec-Fetch-Site: same-site
Sec-Fetch-Mode: cors
Sec-Fetch-Dest: empty
Referer: http://localhost:3000/
Accept-Encoding: gzip, deflate, br, zstd
Accept-Language: ru-RU,ru;q=0.9,en-RU;q=0.8,en;q=0.7,en-US;q=0.6


2025-04-03 11:29:38,038 - api.couriers.access.routes - INFO - 📝 Запрос настроек доступа: chat_id=-1004755640016
2025-04-03 11:29:38,043 - api.couriers.routes - ERROR - Пользователь 1682142222 не найден
2025-04-03 11:29:38,049 - werkzeug - INFO - 172.19.0.8 - - [03/Apr/2025 11:29:38] "[33mGET /api/couriers/1682142222/status?chat_id=-1004755640016 HTTP/1.1[0m" 404 -
2025-04-03 11:29:38,053 - api.couriers.access.routes - INFO - ✅ Настройки загружены: 17 полей
2025-04-03 11:29:38,054 - werkzeug - INFO - 172.19.0.8 - - [03/Apr/2025 11:29:38] "GET /api/couriers/access/settings?chat_id=-1004755640016 HTTP/1.1" 200 -
2025-04-03 11:29:38,055 - __main__ - INFO - Получен запрос: GET /api/couriers/1682142222/status
2025-04-03 11:29:38,057 - __main__ - INFO - Заголовки: Host: localhost
X-Real-Ip: 172.19.0.1
X-Forwarded-For: 172.19.0.1
X-Forwarded-Proto: http
X-Forwarded-Host: localhost
X-Original-Uri: /api/couriers/1682142222/status?chat_id=-1004755640016
Connection: close
User-Agent: Mozilla/5.0 (iPhone; CPU iPhone OS 16_6 like Mac OS X) AppleWebKit/605.1.15 (KHTML, like Gecko) Version/16.6 Mobile/15E148 Safari/604.1
Accept: application/json, text/plain, */*
Origin: http://localhost:3000
Sec-Fetch-Site: same-site
Sec-Fetch-Mode: cors
Sec-Fetch-Dest: empty
Referer: http://localhost:3000/
Accept-Encoding: gzip, deflate, br, zstd
Accept-Language: ru-RU,ru;q=0.9,en-RU;q=0.8,en;q=0.7,en-US;q=0.6


2025-04-03 11:29:38,058 - api.couriers.routes - INFO - === Получение статуса курьера 1682142222 ===
2025-04-03 11:29:38,059 - api.couriers.routes - INFO - Chat ID из запроса: -1004755640016
2025-04-03 11:29:38,070 - api.couriers.routes - ERROR - Пользователь 1682142222 не найден
2025-04-03 11:29:38,070 - werkzeug - INFO - 172.19.0.8 - - [03/Apr/2025 11:29:38] "[33mGET /api/couriers/1682142222/status?chat_id=-1004755640016 HTTP/1.1[0m" 404 -
2025-04-03 11:29:39,631 - __main__ - INFO - Получен запрос: GET /api/couriers/shifts
2025-04-03 11:29:39,631 - __main__ - INFO - Заголовки: Host: localhost
X-Real-Ip: 172.19.0.1
X-Forwarded-For: 172.19.0.1
X-Forwarded-Proto: http
X-Forwarded-Host: localhost
X-Original-Uri: /api/couriers/shifts?chat_id=-1004755640016
Connection: close
User-Agent: Mozilla/5.0 (iPhone; CPU iPhone OS 16_6 like Mac OS X) AppleWebKit/605.1.15 (KHTML, like Gecko) Version/16.6 Mobile/15E148 Safari/604.1
Accept: */*
Origin: http://localhost:3000
Sec-Fetch-Site: same-site
Sec-Fetch-Mode: cors
Sec-Fetch-Dest: empty
Referer: http://localhost:3000/
Accept-Encoding: gzip, deflate, br, zstd
Accept-Language: ru-RU,ru;q=0.9,en-RU;q=0.8,en;q=0.7,en-US;q=0.6


2025-04-03 11:29:39,632 - __main__ - INFO - Получен запрос: GET /api/couriers/access/settings
2025-04-03 11:29:39,635 - werkzeug - INFO - 172.19.0.8 - - [03/Apr/2025 11:29:39] "[33mGET /api/couriers/shifts?chat_id=-1004755640016 HTTP/1.1[0m" 404 -
2025-04-03 11:29:39,635 - __main__ - INFO - Заголовки: Host: localhost
X-Real-Ip: 172.19.0.1
X-Forwarded-For: 172.19.0.1
X-Forwarded-Proto: http
X-Forwarded-Host: localhost
X-Original-Uri: /api/couriers/access/settings?chat_id=-1004755640016
Connection: close
User-Agent: Mozilla/5.0 (iPhone; CPU iPhone OS 16_6 like Mac OS X) AppleWebKit/605.1.15 (KHTML, like Gecko) Version/16.6 Mobile/15E148 Safari/604.1
Accept: */*
Origin: http://localhost:3000
Sec-Fetch-Site: same-site
Sec-Fetch-Mode: cors
Sec-Fetch-Dest: empty
Referer: http://localhost:3000/
Accept-Encoding: gzip, deflate, br, zstd
Accept-Language: ru-RU,ru;q=0.9,en-RU;q=0.8,en;q=0.7,en-US;q=0.6


2025-04-03 11:29:39,637 - api.couriers.access.routes - INFO - 📝 Запрос настроек доступа: chat_id=-1004755640016
2025-04-03 11:29:39,642 - api.couriers.access.routes - INFO - ✅ Настройки загружены: 17 полей
2025-04-03 11:29:39,642 - werkzeug - INFO - 172.19.0.8 - - [03/Apr/2025 11:29:39] "GET /api/couriers/access/settings?chat_id=-1004755640016 HTTP/1.1" 200 -
2025-04-03 11:29:39,650 - __main__ - INFO - Получен запрос: GET /api/couriers/shifts
2025-04-03 11:29:39,650 - __main__ - INFO - Заголовки: Host: localhost
X-Real-Ip: 172.19.0.1
X-Forwarded-For: 172.19.0.1
X-Forwarded-Proto: http
X-Forwarded-Host: localhost
X-Original-Uri: /api/couriers/shifts?chat_id=-1004755640016
Connection: close
User-Agent: Mozilla/5.0 (iPhone; CPU iPhone OS 16_6 like Mac OS X) AppleWebKit/605.1.15 (KHTML, like Gecko) Version/16.6 Mobile/15E148 Safari/604.1
Accept: */*
Origin: http://localhost:3000
Sec-Fetch-Site: same-site
Sec-Fetch-Mode: cors
Sec-Fetch-Dest: empty
Referer: http://localhost:3000/
Accept-Encoding: gzip, deflate, br, zstd
Accept-Language: ru-RU,ru;q=0.9,en-RU;q=0.8,en;q=0.7,en-US;q=0.6


2025-04-03 11:29:39,651 - __main__ - INFO - Получен запрос: GET /api/couriers/access/settings
2025-04-03 11:29:39,651 - werkzeug - INFO - 172.19.0.8 - - [03/Apr/2025 11:29:39] "[33mGET /api/couriers/shifts?chat_id=-1004755640016 HTTP/1.1[0m" 404 -
2025-04-03 11:29:39,652 - __main__ - INFO - Заголовки: Host: localhost
X-Real-Ip: 172.19.0.1
X-Forwarded-For: 172.19.0.1
X-Forwarded-Proto: http
X-Forwarded-Host: localhost
X-Original-Uri: /api/couriers/access/settings?chat_id=-1004755640016
Connection: close
User-Agent: Mozilla/5.0 (iPhone; CPU iPhone OS 16_6 like Mac OS X) AppleWebKit/605.1.15 (KHTML, like Gecko) Version/16.6 Mobile/15E148 Safari/604.1
Accept: */*
Origin: http://localhost:3000
Sec-Fetch-Site: same-site
Sec-Fetch-Mode: cors
Sec-Fetch-Dest: empty
Referer: http://localhost:3000/
Accept-Encoding: gzip, deflate, br, zstd
Accept-Language: ru-RU,ru;q=0.9,en-RU;q=0.8,en;q=0.7,en-US;q=0.6


2025-04-03 11:29:39,653 - api.couriers.access.routes - INFO - 📝 Запрос настроек доступа: chat_id=-1004755640016
2025-04-03 11:29:39,657 - api.couriers.access.routes - INFO - ✅ Настройки загружены: 17 полей
2025-04-03 11:29:39,658 - werkzeug - INFO - 172.19.0.8 - - [03/Apr/2025 11:29:39] "GET /api/couriers/access/settings?chat_id=-1004755640016 HTTP/1.1" 200 -
2025-04-03 11:29:40,225 - __main__ - INFO - Получен запрос: GET /api/couriers/shifts
2025-04-03 11:29:40,226 - __main__ - INFO - Заголовки: Host: localhost
X-Real-Ip: 172.19.0.1
X-Forwarded-For: 172.19.0.1
X-Forwarded-Proto: http
X-Forwarded-Host: localhost
X-Original-Uri: /api/couriers/shifts?chat_id=-1004755640016
Connection: close
User-Agent: Mozilla/5.0 (iPhone; CPU iPhone OS 16_6 like Mac OS X) AppleWebKit/605.1.15 (KHTML, like Gecko) Version/16.6 Mobile/15E148 Safari/604.1
Accept: */*
Origin: http://localhost:3000
Sec-Fetch-Site: same-site
Sec-Fetch-Mode: cors
Sec-Fetch-Dest: empty
Referer: http://localhost:3000/
Accept-Encoding: gzip, deflate, br, zstd
Accept-Language: ru-RU,ru;q=0.9,en-RU;q=0.8,en;q=0.7,en-US;q=0.6


2025-04-03 11:29:40,227 - werkzeug - INFO - 172.19.0.8 - - [03/Apr/2025 11:29:40] "[33mGET /api/couriers/shifts?chat_id=-1004755640016 HTTP/1.1[0m" 404 -
2025-04-03 11:32:22,479 - __main__ - INFO - Получен запрос: GET /api/reserves
2025-04-03 11:32:22,479 - __main__ - INFO - Заголовки: Host: localhost
X-Real-Ip: 172.19.0.1
X-Forwarded-For: 172.19.0.1
X-Forwarded-Proto: http
X-Forwarded-Host: localhost
X-Original-Uri: /api/reserves
Connection: close
Sec-Ch-Ua-Platform: "Windows"
User-Agent: Mozilla/5.0 (Windows NT 10.0; Win64; x64) AppleWebKit/537.36 (KHTML, like Gecko) Chrome/134.0.0.0 Safari/537.36
Sec-Ch-Ua: "Chromium";v="134", "Not:A-Brand";v="24", "Google Chrome";v="134"
Sec-Ch-Ua-Mobile: ?0
Accept: */*
Origin: http://localhost:3000
Sec-Fetch-Site: same-site
Sec-Fetch-Mode: cors
Sec-Fetch-Dest: empty
Referer: http://localhost:3000/
Accept-Encoding: gzip, deflate, br, zstd
Accept-Language: ru-RU,ru;q=0.9,en-RU;q=0.8,en;q=0.7,en-US;q=0.6


2025-04-03 11:32:22,480 - __main__ - INFO - Обработка запроса на /api/reserves без CORS декораторов
2025-04-03 11:32:22,486 - werkzeug - INFO - 172.19.0.8 - - [03/Apr/2025 11:32:22] "GET /api/reserves HTTP/1.1" 200 -
2025-04-03 11:32:22,629 - __main__ - INFO - Получен запрос: GET /api/reserves
2025-04-03 11:32:22,629 - __main__ - INFO - Заголовки: Host: localhost
X-Real-Ip: 172.19.0.1
X-Forwarded-For: 172.19.0.1
X-Forwarded-Proto: http
X-Forwarded-Host: localhost
X-Original-Uri: /api/reserves
Connection: close
Sec-Ch-Ua-Platform: "Windows"
User-Agent: Mozilla/5.0 (Windows NT 10.0; Win64; x64) AppleWebKit/537.36 (KHTML, like Gecko) Chrome/134.0.0.0 Safari/537.36
Sec-Ch-Ua: "Chromium";v="134", "Not:A-Brand";v="24", "Google Chrome";v="134"
Sec-Ch-Ua-Mobile: ?0
Accept: */*
Origin: http://localhost:3000
Sec-Fetch-Site: same-site
Sec-Fetch-Mode: cors
Sec-Fetch-Dest: empty
Referer: http://localhost:3000/
Accept-Encoding: gzip, deflate, br, zstd
Accept-Language: ru-RU,ru;q=0.9,en-RU;q=0.8,en;q=0.7,en-US;q=0.6


2025-04-03 11:32:22,630 - __main__ - INFO - Обработка запроса на /api/reserves без CORS декораторов
2025-04-03 11:32:22,639 - werkzeug - INFO - 172.19.0.8 - - [03/Apr/2025 11:32:22] "GET /api/reserves HTTP/1.1" 200 -
2025-04-03 11:32:46,170 - __main__ - INFO - Получен запрос: GET /api/chats
2025-04-03 11:32:46,170 - __main__ - INFO - Заголовки: Host: localhost
X-Real-Ip: 172.19.0.1
X-Forwarded-For: 172.19.0.1
X-Forwarded-Proto: http
X-Forwarded-Host: localhost
X-Original-Uri: /api/chats
Connection: close
Sec-Ch-Ua-Platform: "Windows"
User-Agent: Mozilla/5.0 (Windows NT 10.0; Win64; x64) AppleWebKit/537.36 (KHTML, like Gecko) Chrome/134.0.0.0 Safari/537.36
Accept: application/json, text/plain, */*
Sec-Ch-Ua: "Chromium";v="134", "Not:A-Brand";v="24", "Google Chrome";v="134"
Sec-Ch-Ua-Mobile: ?0
Origin: http://localhost:3000
Sec-Fetch-Site: same-site
Sec-Fetch-Mode: cors
Sec-Fetch-Dest: empty
Referer: http://localhost:3000/
Accept-Encoding: gzip, deflate, br, zstd
Accept-Language: ru-RU,ru;q=0.9,en-RU;q=0.8,en;q=0.7,en-US;q=0.6


2025-04-03 11:32:46,171 - werkzeug - INFO - 172.19.0.8 - - [03/Apr/2025 11:32:46] "[33mGET /api/chats HTTP/1.1[0m" 404 -
2025-04-03 11:32:46,182 - __main__ - INFO - Получен запрос: GET /api/chats
2025-04-03 11:32:46,184 - __main__ - INFO - Заголовки: Host: localhost
X-Real-Ip: 172.19.0.1
X-Forwarded-For: 172.19.0.1
X-Forwarded-Proto: http
X-Forwarded-Host: localhost
X-Original-Uri: /api/chats
Connection: close
Sec-Ch-Ua-Platform: "Windows"
User-Agent: Mozilla/5.0 (Windows NT 10.0; Win64; x64) AppleWebKit/537.36 (KHTML, like Gecko) Chrome/134.0.0.0 Safari/537.36
Accept: application/json, text/plain, */*
Sec-Ch-Ua: "Chromium";v="134", "Not:A-Brand";v="24", "Google Chrome";v="134"
Sec-Ch-Ua-Mobile: ?0
Origin: http://localhost:3000
Sec-Fetch-Site: same-site
Sec-Fetch-Mode: cors
Sec-Fetch-Dest: empty
Referer: http://localhost:3000/
Accept-Encoding: gzip, deflate, br, zstd
Accept-Language: ru-RU,ru;q=0.9,en-RU;q=0.8,en;q=0.7,en-US;q=0.6


2025-04-03 11:32:46,185 - werkzeug - INFO - 172.19.0.8 - - [03/Apr/2025 11:32:46] "[33mGET /api/chats HTTP/1.1[0m" 404 -
2025-04-03 11:32:46,706 - __main__ - INFO - Получен запрос: GET /api/chats
2025-04-03 11:32:46,706 - __main__ - INFO - Заголовки: Host: localhost
X-Real-Ip: 172.19.0.1
X-Forwarded-For: 172.19.0.1
X-Forwarded-Proto: http
X-Forwarded-Host: localhost
X-Original-Uri: /api/chats
Connection: close
Sec-Ch-Ua-Platform: "Windows"
User-Agent: Mozilla/5.0 (Windows NT 10.0; Win64; x64) AppleWebKit/537.36 (KHTML, like Gecko) Chrome/134.0.0.0 Safari/537.36
Accept: application/json, text/plain, */*
Sec-Ch-Ua: "Chromium";v="134", "Not:A-Brand";v="24", "Google Chrome";v="134"
Sec-Ch-Ua-Mobile: ?0
Origin: http://localhost:3000
Sec-Fetch-Site: same-site
Sec-Fetch-Mode: cors
Sec-Fetch-Dest: empty
Referer: http://localhost:3000/
Accept-Encoding: gzip, deflate, br, zstd
Accept-Language: ru-RU,ru;q=0.9,en-RU;q=0.8,en;q=0.7,en-US;q=0.6


2025-04-03 11:32:46,709 - werkzeug - INFO - 172.19.0.8 - - [03/Apr/2025 11:32:46] "[33mGET /api/chats HTTP/1.1[0m" 404 -
2025-04-03 11:32:54,494 - __main__ - INFO - Получен запрос: GET /api/couriers/access/settings
2025-04-03 11:32:54,494 - __main__ - INFO - Получен запрос: GET /api/couriers/1682142222/status
2025-04-03 11:32:54,495 - __main__ - INFO - Заголовки: Host: localhost
X-Real-Ip: 172.19.0.1
X-Forwarded-For: 172.19.0.1
X-Forwarded-Proto: http
X-Forwarded-Host: localhost
X-Original-Uri: /api/couriers/access/settings?chat_id=-1004755640016
Connection: close
Sec-Ch-Ua-Platform: "Windows"
User-Agent: Mozilla/5.0 (Windows NT 10.0; Win64; x64) AppleWebKit/537.36 (KHTML, like Gecko) Chrome/134.0.0.0 Safari/537.36
Sec-Ch-Ua: "Chromium";v="134", "Not:A-Brand";v="24", "Google Chrome";v="134"
Sec-Ch-Ua-Mobile: ?0
Accept: */*
Origin: http://localhost:3000
Sec-Fetch-Site: same-site
Sec-Fetch-Mode: cors
Sec-Fetch-Dest: empty
Referer: http://localhost:3000/
Accept-Encoding: gzip, deflate, br, zstd
Accept-Language: ru-RU,ru;q=0.9,en-RU;q=0.8,en;q=0.7,en-US;q=0.6


2025-04-03 11:32:54,495 - __main__ - INFO - Заголовки: Host: localhost
X-Real-Ip: 172.19.0.1
X-Forwarded-For: 172.19.0.1
X-Forwarded-Proto: http
X-Forwarded-Host: localhost
X-Original-Uri: /api/couriers/1682142222/status?chat_id=-1004755640016
Connection: close
Sec-Ch-Ua-Platform: "Windows"
User-Agent: Mozilla/5.0 (Windows NT 10.0; Win64; x64) AppleWebKit/537.36 (KHTML, like Gecko) Chrome/134.0.0.0 Safari/537.36
Accept: application/json, text/plain, */*
Sec-Ch-Ua: "Chromium";v="134", "Not:A-Brand";v="24", "Google Chrome";v="134"
Sec-Ch-Ua-Mobile: ?0
Origin: http://localhost:3000
Sec-Fetch-Site: same-site
Sec-Fetch-Mode: cors
Sec-Fetch-Dest: empty
Referer: http://localhost:3000/
Accept-Encoding: gzip, deflate, br, zstd
Accept-Language: ru-RU,ru;q=0.9,en-RU;q=0.8,en;q=0.7,en-US;q=0.6


2025-04-03 11:32:54,496 - api.couriers.access.routes - INFO - 📝 Запрос настроек доступа: chat_id=-1004755640016
2025-04-03 11:32:54,500 - api.couriers.routes - INFO - === Получение статуса курьера 1682142222 ===
2025-04-03 11:32:54,502 - api.couriers.routes - INFO - Chat ID из запроса: -1004755640016
2025-04-03 11:32:54,503 - api.couriers.access.routes - INFO - ✅ Настройки загружены: 17 полей
2025-04-03 11:32:54,505 - werkzeug - INFO - 172.19.0.8 - - [03/Apr/2025 11:32:54] "GET /api/couriers/access/settings?chat_id=-1004755640016 HTTP/1.1" 200 -
2025-04-03 11:32:54,509 - __main__ - INFO - Получен запрос: GET /api/couriers/access/settings
2025-04-03 11:32:54,510 - __main__ - INFO - Заголовки: Host: localhost
X-Real-Ip: 172.19.0.1
X-Forwarded-For: 172.19.0.1
X-Forwarded-Proto: http
X-Forwarded-Host: localhost
X-Original-Uri: /api/couriers/access/settings?chat_id=-1004755640016
Connection: close
Sec-Ch-Ua-Platform: "Windows"
User-Agent: Mozilla/5.0 (Windows NT 10.0; Win64; x64) AppleWebKit/537.36 (KHTML, like Gecko) Chrome/134.0.0.0 Safari/537.36
Sec-Ch-Ua: "Chromium";v="134", "Not:A-Brand";v="24", "Google Chrome";v="134"
Sec-Ch-Ua-Mobile: ?0
Accept: */*
Origin: http://localhost:3000
Sec-Fetch-Site: same-site
Sec-Fetch-Mode: cors
Sec-Fetch-Dest: empty
Referer: http://localhost:3000/
Accept-Encoding: gzip, deflate, br, zstd
Accept-Language: ru-RU,ru;q=0.9,en-RU;q=0.8,en;q=0.7,en-US;q=0.6


2025-04-03 11:32:54,510 - api.couriers.access.routes - INFO - 📝 Запрос настроек доступа: chat_id=-1004755640016
2025-04-03 11:32:54,516 - api.couriers.access.routes - INFO - ✅ Настройки загружены: 17 полей
2025-04-03 11:32:54,517 - werkzeug - INFO - 172.19.0.8 - - [03/Apr/2025 11:32:54] "GET /api/couriers/access/settings?chat_id=-1004755640016 HTTP/1.1" 200 -
2025-04-03 11:32:54,517 - api.couriers.routes - ERROR - Пользователь 1682142222 не найден
2025-04-03 11:32:54,520 - werkzeug - INFO - 172.19.0.8 - - [03/Apr/2025 11:32:54] "[33mGET /api/couriers/1682142222/status?chat_id=-1004755640016 HTTP/1.1[0m" 404 -
2025-04-03 11:32:54,525 - __main__ - INFO - Получен запрос: GET /api/couriers/1682142222/status
2025-04-03 11:32:54,525 - __main__ - INFO - Заголовки: Host: localhost
X-Real-Ip: 172.19.0.1
X-Forwarded-For: 172.19.0.1
X-Forwarded-Proto: http
X-Forwarded-Host: localhost
X-Original-Uri: /api/couriers/1682142222/status?chat_id=-1004755640016
Connection: close
Sec-Ch-Ua-Platform: "Windows"
User-Agent: Mozilla/5.0 (Windows NT 10.0; Win64; x64) AppleWebKit/537.36 (KHTML, like Gecko) Chrome/134.0.0.0 Safari/537.36
Accept: application/json, text/plain, */*
Sec-Ch-Ua: "Chromium";v="134", "Not:A-Brand";v="24", "Google Chrome";v="134"
Sec-Ch-Ua-Mobile: ?0
Origin: http://localhost:3000
Sec-Fetch-Site: same-site
Sec-Fetch-Mode: cors
Sec-Fetch-Dest: empty
Referer: http://localhost:3000/
Accept-Encoding: gzip, deflate, br, zstd
Accept-Language: ru-RU,ru;q=0.9,en-RU;q=0.8,en;q=0.7,en-US;q=0.6


2025-04-03 11:32:54,525 - api.couriers.routes - INFO - === Получение статуса курьера 1682142222 ===
2025-04-03 11:32:54,526 - api.couriers.routes - INFO - Chat ID из запроса: -1004755640016
2025-04-03 11:32:54,538 - api.couriers.routes - ERROR - Пользователь 1682142222 не найден
2025-04-03 11:32:54,539 - werkzeug - INFO - 172.19.0.8 - - [03/Apr/2025 11:32:54] "[33mGET /api/couriers/1682142222/status?chat_id=-1004755640016 HTTP/1.1[0m" 404 -
2025-04-03 11:32:56,675 - __main__ - INFO - Получен запрос: GET /api/couriers/shifts
2025-04-03 11:32:56,675 - __main__ - INFO - Заголовки: Host: localhost
X-Real-Ip: 172.19.0.1
X-Forwarded-For: 172.19.0.1
X-Forwarded-Proto: http
X-Forwarded-Host: localhost
X-Original-Uri: /api/couriers/shifts?chat_id=-1004755640016
Connection: close
Sec-Ch-Ua-Platform: "Windows"
User-Agent: Mozilla/5.0 (Windows NT 10.0; Win64; x64) AppleWebKit/537.36 (KHTML, like Gecko) Chrome/134.0.0.0 Safari/537.36
Sec-Ch-Ua: "Chromium";v="134", "Not:A-Brand";v="24", "Google Chrome";v="134"
Sec-Ch-Ua-Mobile: ?0
Accept: */*
Origin: http://localhost:3000
Sec-Fetch-Site: same-site
Sec-Fetch-Mode: cors
Sec-Fetch-Dest: empty
Referer: http://localhost:3000/
Accept-Encoding: gzip, deflate, br, zstd
Accept-Language: ru-RU,ru;q=0.9,en-RU;q=0.8,en;q=0.7,en-US;q=0.6


2025-04-03 11:32:56,676 - werkzeug - INFO - 172.19.0.8 - - [03/Apr/2025 11:32:56] "[33mGET /api/couriers/shifts?chat_id=-1004755640016 HTTP/1.1[0m" 404 -
2025-04-03 11:32:56,678 - __main__ - INFO - Получен запрос: GET /api/couriers/access/settings
2025-04-03 11:32:56,679 - __main__ - INFO - Заголовки: Host: localhost
X-Real-Ip: 172.19.0.1
X-Forwarded-For: 172.19.0.1
X-Forwarded-Proto: http
X-Forwarded-Host: localhost
X-Original-Uri: /api/couriers/access/settings?chat_id=-1004755640016
Connection: close
Sec-Ch-Ua-Platform: "Windows"
User-Agent: Mozilla/5.0 (Windows NT 10.0; Win64; x64) AppleWebKit/537.36 (KHTML, like Gecko) Chrome/134.0.0.0 Safari/537.36
Sec-Ch-Ua: "Chromium";v="134", "Not:A-Brand";v="24", "Google Chrome";v="134"
Sec-Ch-Ua-Mobile: ?0
Accept: */*
Origin: http://localhost:3000
Sec-Fetch-Site: same-site
Sec-Fetch-Mode: cors
Sec-Fetch-Dest: empty
Referer: http://localhost:3000/
Accept-Encoding: gzip, deflate, br, zstd
Accept-Language: ru-RU,ru;q=0.9,en-RU;q=0.8,en;q=0.7,en-US;q=0.6


2025-04-03 11:32:56,682 - api.couriers.access.routes - INFO - 📝 Запрос настроек доступа: chat_id=-1004755640016
2025-04-03 11:32:56,685 - __main__ - INFO - Получен запрос: GET /api/couriers/shifts
2025-04-03 11:32:56,686 - __main__ - INFO - Заголовки: Host: localhost
X-Real-Ip: 172.19.0.1
X-Forwarded-For: 172.19.0.1
X-Forwarded-Proto: http
X-Forwarded-Host: localhost
X-Original-Uri: /api/couriers/shifts?chat_id=-1004755640016
Connection: close
Sec-Ch-Ua-Platform: "Windows"
User-Agent: Mozilla/5.0 (Windows NT 10.0; Win64; x64) AppleWebKit/537.36 (KHTML, like Gecko) Chrome/134.0.0.0 Safari/537.36
Sec-Ch-Ua: "Chromium";v="134", "Not:A-Brand";v="24", "Google Chrome";v="134"
Sec-Ch-Ua-Mobile: ?0
Accept: */*
Origin: http://localhost:3000
Sec-Fetch-Site: same-site
Sec-Fetch-Mode: cors
Sec-Fetch-Dest: empty
Referer: http://localhost:3000/
Accept-Encoding: gzip, deflate, br, zstd
Accept-Language: ru-RU,ru;q=0.9,en-RU;q=0.8,en;q=0.7,en-US;q=0.6


2025-04-03 11:32:56,687 - werkzeug - INFO - 172.19.0.8 - - [03/Apr/2025 11:32:56] "[33mGET /api/couriers/shifts?chat_id=-1004755640016 HTTP/1.1[0m" 404 -
2025-04-03 11:32:56,695 - api.couriers.access.routes - INFO - ✅ Настройки загружены: 17 полей
2025-04-03 11:32:56,695 - werkzeug - INFO - 172.19.0.8 - - [03/Apr/2025 11:32:56] "GET /api/couriers/access/settings?chat_id=-1004755640016 HTTP/1.1" 200 -
2025-04-03 11:32:56,702 - __main__ - INFO - Получен запрос: GET /api/couriers/access/settings
2025-04-03 11:32:56,702 - __main__ - INFO - Заголовки: Host: localhost
X-Real-Ip: 172.19.0.1
X-Forwarded-For: 172.19.0.1
X-Forwarded-Proto: http
X-Forwarded-Host: localhost
X-Original-Uri: /api/couriers/access/settings?chat_id=-1004755640016
Connection: close
Sec-Ch-Ua-Platform: "Windows"
User-Agent: Mozilla/5.0 (Windows NT 10.0; Win64; x64) AppleWebKit/537.36 (KHTML, like Gecko) Chrome/134.0.0.0 Safari/537.36
Sec-Ch-Ua: "Chromium";v="134", "Not:A-Brand";v="24", "Google Chrome";v="134"
Sec-Ch-Ua-Mobile: ?0
Accept: */*
Origin: http://localhost:3000
Sec-Fetch-Site: same-site
Sec-Fetch-Mode: cors
Sec-Fetch-Dest: empty
Referer: http://localhost:3000/
Accept-Encoding: gzip, deflate, br, zstd
Accept-Language: ru-RU,ru;q=0.9,en-RU;q=0.8,en;q=0.7,en-US;q=0.6


2025-04-03 11:32:56,703 - api.couriers.access.routes - INFO - 📝 Запрос настроек доступа: chat_id=-1004755640016
2025-04-03 11:32:56,708 - api.couriers.access.routes - INFO - ✅ Настройки загружены: 17 полей
2025-04-03 11:32:56,709 - werkzeug - INFO - 172.19.0.8 - - [03/Apr/2025 11:32:56] "GET /api/couriers/access/settings?chat_id=-1004755640016 HTTP/1.1" 200 -
2025-04-03 11:32:57,244 - __main__ - INFO - Получен запрос: GET /api/couriers/shifts
2025-04-03 11:32:57,245 - __main__ - INFO - Заголовки: Host: localhost
X-Real-Ip: 172.19.0.1
X-Forwarded-For: 172.19.0.1
X-Forwarded-Proto: http
X-Forwarded-Host: localhost
X-Original-Uri: /api/couriers/shifts?chat_id=-1004755640016
Connection: close
Sec-Ch-Ua-Platform: "Windows"
User-Agent: Mozilla/5.0 (Windows NT 10.0; Win64; x64) AppleWebKit/537.36 (KHTML, like Gecko) Chrome/134.0.0.0 Safari/537.36
Sec-Ch-Ua: "Chromium";v="134", "Not:A-Brand";v="24", "Google Chrome";v="134"
Sec-Ch-Ua-Mobile: ?0
Accept: */*
Origin: http://localhost:3000
Sec-Fetch-Site: same-site
Sec-Fetch-Mode: cors
Sec-Fetch-Dest: empty
Referer: http://localhost:3000/
Accept-Encoding: gzip, deflate, br, zstd
Accept-Language: ru-RU,ru;q=0.9,en-RU;q=0.8,en;q=0.7,en-US;q=0.6


2025-04-03 11:32:57,245 - werkzeug - INFO - 172.19.0.8 - - [03/Apr/2025 11:32:57] "[33mGET /api/couriers/shifts?chat_id=-1004755640016 HTTP/1.1[0m" 404 -
2025-04-03 11:40:55,978 - models.database - INFO - ✅ Соединение с базой данных установлено
2025-04-03 11:40:55,979 - models.database - INFO - ✅ Таблица access_settings успешно создана или уже существует
2025-04-03 11:40:55,982 - models.database - INFO - ✅ Таблица shifts успешно создана или уже существует
2025-04-03 11:40:55,982 - models.database - INFO - ✅ Все необходимые таблицы успешно созданы или уже существуют
2025-04-03 11:40:55,983 - models.database - INFO - ✅ DatabaseService инициализирован. Подключение к базе: postgres:5432/appninjabot
2025-04-03 11:40:56,141 - data.shifts - INFO - Основной путь к файлу смен: /app/data/shifts.json
2025-04-03 11:40:56,141 - data.shifts - INFO - Альтернативный путь: /app/data/shifts.json
2025-04-03 11:40:56,141 - data.shifts - INFO - Альтернативный путь: /app/backend/data/shifts.json
2025-04-03 11:40:56,142 - data.shifts - INFO - Альтернативный путь: /app/data/shifts.json
2025-04-03 11:40:56,143 - data.shifts - INFO - Альтернативный путь: shifts.json
2025-04-03 11:40:56,623 - telegramNinjaBot.bot - INFO - Бот запущен в окружении: development
2025-04-03 11:40:56,643 - werkzeug - INFO - [31m[1mWARNING: This is a development server. Do not use it in a production deployment. Use a production WSGI server instead.[0m
 * Running on all addresses (0.0.0.0)
 * Running on http://127.0.0.1:8000
 * Running on http://172.19.0.5:8000
2025-04-03 11:40:56,644 - werkzeug - INFO - [33mPress CTRL+C to quit[0m
2025-04-03 11:52:51,215 - models.database - INFO - ✅ Соединение с базой данных установлено
2025-04-03 11:52:51,216 - models.database - INFO - ✅ Таблица access_settings успешно создана или уже существует
2025-04-03 11:52:51,221 - models.database - INFO - ✅ Таблица shifts успешно создана или уже существует
2025-04-03 11:52:51,221 - models.database - INFO - ✅ Все необходимые таблицы успешно созданы или уже существуют
2025-04-03 11:52:51,221 - models.database - INFO - ✅ DatabaseService инициализирован. Подключение к базе: postgres:5432/appninjabot
2025-04-03 11:52:51,597 - data.shifts - INFO - Основной путь к файлу смен: /app/data/shifts.json
2025-04-03 11:52:51,598 - data.shifts - INFO - Альтернативный путь: /app/data/shifts.json
2025-04-03 11:52:51,598 - data.shifts - INFO - Альтернативный путь: /app/backend/data/shifts.json
2025-04-03 11:52:51,599 - data.shifts - INFO - Альтернативный путь: /app/data/shifts.json
2025-04-03 11:52:51,600 - data.shifts - INFO - Альтернативный путь: shifts.json
2025-04-03 11:52:53,080 - telegramNinjaBot.bot - INFO - Бот запущен в окружении: development
2025-04-03 11:52:53,102 - werkzeug - INFO - [31m[1mWARNING: This is a development server. Do not use it in a production deployment. Use a production WSGI server instead.[0m
 * Running on all addresses (0.0.0.0)
 * Running on http://127.0.0.1:8000
 * Running on http://172.19.0.5:8000
2025-04-03 11:52:53,103 - werkzeug - INFO - [33mPress CTRL+C to quit[0m
2025-04-03 11:53:09,348 - __main__ - INFO - Получен запрос: GET /api/reserves
2025-04-03 11:53:09,349 - __main__ - INFO - Заголовки: Host: localhost
X-Real-Ip: 172.19.0.1
X-Forwarded-For: 172.19.0.1
X-Forwarded-Proto: http
X-Forwarded-Host: localhost
X-Original-Uri: /api/reserves
Connection: close
Sec-Ch-Ua-Platform: "Windows"
User-Agent: Mozilla/5.0 (Windows NT 10.0; Win64; x64) AppleWebKit/537.36 (KHTML, like Gecko) Chrome/134.0.0.0 Safari/537.36
Sec-Ch-Ua: "Chromium";v="134", "Not:A-Brand";v="24", "Google Chrome";v="134"
Sec-Ch-Ua-Mobile: ?0
Accept: */*
Origin: http://localhost:3000
Sec-Fetch-Site: same-site
Sec-Fetch-Mode: cors
Sec-Fetch-Dest: empty
Referer: http://localhost:3000/
Accept-Encoding: gzip, deflate, br, zstd
Accept-Language: ru-RU,ru;q=0.9,en-RU;q=0.8,en;q=0.7,en-US;q=0.6


2025-04-03 11:53:09,350 - __main__ - INFO - Обработка запроса на /api/reserves без CORS декораторов
2025-04-03 11:53:09,361 - werkzeug - INFO - 172.19.0.8 - - [03/Apr/2025 11:53:09] "GET /api/reserves HTTP/1.1" 200 -
2025-04-03 11:53:09,485 - __main__ - INFO - Получен запрос: GET /api/reserves
2025-04-03 11:53:09,486 - __main__ - INFO - Заголовки: Host: localhost
X-Real-Ip: 172.19.0.1
X-Forwarded-For: 172.19.0.1
X-Forwarded-Proto: http
X-Forwarded-Host: localhost
X-Original-Uri: /api/reserves
Connection: close
Sec-Ch-Ua-Platform: "Windows"
User-Agent: Mozilla/5.0 (Windows NT 10.0; Win64; x64) AppleWebKit/537.36 (KHTML, like Gecko) Chrome/134.0.0.0 Safari/537.36
Sec-Ch-Ua: "Chromium";v="134", "Not:A-Brand";v="24", "Google Chrome";v="134"
Sec-Ch-Ua-Mobile: ?0
Accept: */*
Origin: http://localhost:3000
Sec-Fetch-Site: same-site
Sec-Fetch-Mode: cors
Sec-Fetch-Dest: empty
Referer: http://localhost:3000/
Accept-Encoding: gzip, deflate, br, zstd
Accept-Language: ru-RU,ru;q=0.9,en-RU;q=0.8,en;q=0.7,en-US;q=0.6


2025-04-03 11:53:09,486 - __main__ - INFO - Обработка запроса на /api/reserves без CORS декораторов
2025-04-03 11:53:09,501 - werkzeug - INFO - 172.19.0.8 - - [03/Apr/2025 11:53:09] "GET /api/reserves HTTP/1.1" 200 -
2025-04-03 11:53:09,637 - __main__ - INFO - Получен запрос: GET /api/couriers/1682142222/status
2025-04-03 11:53:09,637 - __main__ - INFO - Заголовки: Host: localhost
X-Real-Ip: 172.19.0.1
X-Forwarded-For: 172.19.0.1
X-Forwarded-Proto: http
X-Forwarded-Host: localhost
X-Original-Uri: /api/couriers/1682142222/status?chat_id=-1004755640016
Connection: close
Sec-Ch-Ua-Platform: "Windows"
User-Agent: Mozilla/5.0 (Windows NT 10.0; Win64; x64) AppleWebKit/537.36 (KHTML, like Gecko) Chrome/134.0.0.0 Safari/537.36
Accept: application/json, text/plain, */*
Sec-Ch-Ua: "Chromium";v="134", "Not:A-Brand";v="24", "Google Chrome";v="134"
Sec-Ch-Ua-Mobile: ?0
Origin: http://localhost:3000
Sec-Fetch-Site: same-site
Sec-Fetch-Mode: cors
Sec-Fetch-Dest: empty
Referer: http://localhost:3000/
Accept-Encoding: gzip, deflate, br, zstd
Accept-Language: ru-RU,ru;q=0.9,en-RU;q=0.8,en;q=0.7,en-US;q=0.6


2025-04-03 11:53:09,638 - __main__ - INFO - Получен запрос: GET /api/couriers/access/settings
2025-04-03 11:53:09,639 - api.couriers.routes - INFO - === Получение статуса курьера 1682142222 ===
2025-04-03 11:53:09,646 - __main__ - INFO - Заголовки: Host: localhost
X-Real-Ip: 172.19.0.1
X-Forwarded-For: 172.19.0.1
X-Forwarded-Proto: http
X-Forwarded-Host: localhost
X-Original-Uri: /api/couriers/access/settings?chat_id=-1004755640016
Connection: close
Sec-Ch-Ua-Platform: "Windows"
User-Agent: Mozilla/5.0 (Windows NT 10.0; Win64; x64) AppleWebKit/537.36 (KHTML, like Gecko) Chrome/134.0.0.0 Safari/537.36
Sec-Ch-Ua: "Chromium";v="134", "Not:A-Brand";v="24", "Google Chrome";v="134"
Sec-Ch-Ua-Mobile: ?0
Accept: */*
Origin: http://localhost:3000
Sec-Fetch-Site: same-site
Sec-Fetch-Mode: cors
Sec-Fetch-Dest: empty
Referer: http://localhost:3000/
Accept-Encoding: gzip, deflate, br, zstd
Accept-Language: ru-RU,ru;q=0.9,en-RU;q=0.8,en;q=0.7,en-US;q=0.6


2025-04-03 11:53:09,659 - api.couriers.routes - INFO - Chat ID из запроса: -1004755640016
2025-04-03 11:53:09,660 - api.couriers.access.routes - INFO - 📝 Запрос настроек доступа: chat_id=-1004755640016
2025-04-03 11:53:09,679 - api.couriers.access.routes - INFO - ✅ Настройки загружены: 17 полей
2025-04-03 11:53:09,679 - werkzeug - INFO - 172.19.0.8 - - [03/Apr/2025 11:53:09] "GET /api/couriers/access/settings?chat_id=-1004755640016 HTTP/1.1" 200 -
2025-04-03 11:53:09,685 - api.couriers.routes - ERROR - Пользователь 1682142222 не найден
2025-04-03 11:53:09,687 - werkzeug - INFO - 172.19.0.8 - - [03/Apr/2025 11:53:09] "[33mGET /api/couriers/1682142222/status?chat_id=-1004755640016 HTTP/1.1[0m" 404 -
2025-04-03 11:53:09,689 - __main__ - INFO - Получен запрос: GET /api/couriers/access/settings
2025-04-03 11:53:09,691 - __main__ - INFO - Заголовки: Host: localhost
X-Real-Ip: 172.19.0.1
X-Forwarded-For: 172.19.0.1
X-Forwarded-Proto: http
X-Forwarded-Host: localhost
X-Original-Uri: /api/couriers/access/settings?chat_id=-1004755640016
Connection: close
Sec-Ch-Ua-Platform: "Windows"
User-Agent: Mozilla/5.0 (Windows NT 10.0; Win64; x64) AppleWebKit/537.36 (KHTML, like Gecko) Chrome/134.0.0.0 Safari/537.36
Sec-Ch-Ua: "Chromium";v="134", "Not:A-Brand";v="24", "Google Chrome";v="134"
Sec-Ch-Ua-Mobile: ?0
Accept: */*
Origin: http://localhost:3000
Sec-Fetch-Site: same-site
Sec-Fetch-Mode: cors
Sec-Fetch-Dest: empty
Referer: http://localhost:3000/
Accept-Encoding: gzip, deflate, br, zstd
Accept-Language: ru-RU,ru;q=0.9,en-RU;q=0.8,en;q=0.7,en-US;q=0.6


2025-04-03 11:53:09,692 - api.couriers.access.routes - INFO - 📝 Запрос настроек доступа: chat_id=-1004755640016
2025-04-03 11:53:09,700 - __main__ - INFO - Получен запрос: GET /api/couriers/1682142222/status
2025-04-03 11:53:09,704 - api.couriers.access.routes - INFO - ✅ Настройки загружены: 17 полей
2025-04-03 11:53:09,705 - __main__ - INFO - Заголовки: Host: localhost
X-Real-Ip: 172.19.0.1
X-Forwarded-For: 172.19.0.1
X-Forwarded-Proto: http
X-Forwarded-Host: localhost
X-Original-Uri: /api/couriers/1682142222/status?chat_id=-1004755640016
Connection: close
Sec-Ch-Ua-Platform: "Windows"
User-Agent: Mozilla/5.0 (Windows NT 10.0; Win64; x64) AppleWebKit/537.36 (KHTML, like Gecko) Chrome/134.0.0.0 Safari/537.36
Accept: application/json, text/plain, */*
Sec-Ch-Ua: "Chromium";v="134", "Not:A-Brand";v="24", "Google Chrome";v="134"
Sec-Ch-Ua-Mobile: ?0
Origin: http://localhost:3000
Sec-Fetch-Site: same-site
Sec-Fetch-Mode: cors
Sec-Fetch-Dest: empty
Referer: http://localhost:3000/
Accept-Encoding: gzip, deflate, br, zstd
Accept-Language: ru-RU,ru;q=0.9,en-RU;q=0.8,en;q=0.7,en-US;q=0.6


2025-04-03 11:53:09,712 - werkzeug - INFO - 172.19.0.8 - - [03/Apr/2025 11:53:09] "GET /api/couriers/access/settings?chat_id=-1004755640016 HTTP/1.1" 200 -
2025-04-03 11:53:09,714 - api.couriers.routes - INFO - === Получение статуса курьера 1682142222 ===
2025-04-03 11:53:09,721 - api.couriers.routes - INFO - Chat ID из запроса: -1004755640016
2025-04-03 11:53:09,733 - api.couriers.routes - ERROR - Пользователь 1682142222 не найден
2025-04-03 11:53:09,735 - werkzeug - INFO - 172.19.0.8 - - [03/Apr/2025 11:53:09] "[33mGET /api/couriers/1682142222/status?chat_id=-1004755640016 HTTP/1.1[0m" 404 -
2025-04-03 11:53:15,317 - __main__ - INFO - Получен запрос: GET /api/couriers/shifts
2025-04-03 11:53:15,317 - __main__ - INFO - Заголовки: Host: localhost
X-Real-Ip: 172.19.0.1
X-Forwarded-For: 172.19.0.1
X-Forwarded-Proto: http
X-Forwarded-Host: localhost
X-Original-Uri: /api/couriers/shifts?chat_id=-1004755640016
Connection: close
Sec-Ch-Ua-Platform: "Windows"
User-Agent: Mozilla/5.0 (Windows NT 10.0; Win64; x64) AppleWebKit/537.36 (KHTML, like Gecko) Chrome/134.0.0.0 Safari/537.36
Sec-Ch-Ua: "Chromium";v="134", "Not:A-Brand";v="24", "Google Chrome";v="134"
Sec-Ch-Ua-Mobile: ?0
Accept: */*
Origin: http://localhost:3000
Sec-Fetch-Site: same-site
Sec-Fetch-Mode: cors
Sec-Fetch-Dest: empty
Referer: http://localhost:3000/
Accept-Encoding: gzip, deflate, br, zstd
Accept-Language: ru-RU,ru;q=0.9,en-RU;q=0.8,en;q=0.7,en-US;q=0.6


2025-04-03 11:53:15,319 - __main__ - INFO - Получен запрос: GET /api/couriers/access/settings
2025-04-03 11:53:15,321 - werkzeug - INFO - 172.19.0.8 - - [03/Apr/2025 11:53:15] "[33mGET /api/couriers/shifts?chat_id=-1004755640016 HTTP/1.1[0m" 404 -
2025-04-03 11:53:15,324 - __main__ - INFO - Заголовки: Host: localhost
X-Real-Ip: 172.19.0.1
X-Forwarded-For: 172.19.0.1
X-Forwarded-Proto: http
X-Forwarded-Host: localhost
X-Original-Uri: /api/couriers/access/settings?chat_id=-1004755640016
Connection: close
Sec-Ch-Ua-Platform: "Windows"
User-Agent: Mozilla/5.0 (Windows NT 10.0; Win64; x64) AppleWebKit/537.36 (KHTML, like Gecko) Chrome/134.0.0.0 Safari/537.36
Sec-Ch-Ua: "Chromium";v="134", "Not:A-Brand";v="24", "Google Chrome";v="134"
Sec-Ch-Ua-Mobile: ?0
Accept: */*
Origin: http://localhost:3000
Sec-Fetch-Site: same-site
Sec-Fetch-Mode: cors
Sec-Fetch-Dest: empty
Referer: http://localhost:3000/
Accept-Encoding: gzip, deflate, br, zstd
Accept-Language: ru-RU,ru;q=0.9,en-RU;q=0.8,en;q=0.7,en-US;q=0.6


2025-04-03 11:53:15,328 - api.couriers.access.routes - INFO - 📝 Запрос настроек доступа: chat_id=-1004755640016
2025-04-03 11:53:15,338 - __main__ - INFO - Получен запрос: GET /api/couriers/shifts
2025-04-03 11:53:15,339 - __main__ - INFO - Заголовки: Host: localhost
X-Real-Ip: 172.19.0.1
X-Forwarded-For: 172.19.0.1
X-Forwarded-Proto: http
X-Forwarded-Host: localhost
X-Original-Uri: /api/couriers/shifts?chat_id=-1004755640016
Connection: close
Sec-Ch-Ua-Platform: "Windows"
User-Agent: Mozilla/5.0 (Windows NT 10.0; Win64; x64) AppleWebKit/537.36 (KHTML, like Gecko) Chrome/134.0.0.0 Safari/537.36
Sec-Ch-Ua: "Chromium";v="134", "Not:A-Brand";v="24", "Google Chrome";v="134"
Sec-Ch-Ua-Mobile: ?0
Accept: */*
Origin: http://localhost:3000
Sec-Fetch-Site: same-site
Sec-Fetch-Mode: cors
Sec-Fetch-Dest: empty
Referer: http://localhost:3000/
Accept-Encoding: gzip, deflate, br, zstd
Accept-Language: ru-RU,ru;q=0.9,en-RU;q=0.8,en;q=0.7,en-US;q=0.6


2025-04-03 11:53:15,340 - werkzeug - INFO - 172.19.0.8 - - [03/Apr/2025 11:53:15] "[33mGET /api/couriers/shifts?chat_id=-1004755640016 HTTP/1.1[0m" 404 -
2025-04-03 11:53:15,343 - api.couriers.access.routes - INFO - ✅ Настройки загружены: 17 полей
2025-04-03 11:53:15,351 - werkzeug - INFO - 172.19.0.8 - - [03/Apr/2025 11:53:15] "GET /api/couriers/access/settings?chat_id=-1004755640016 HTTP/1.1" 200 -
2025-04-03 11:53:15,359 - __main__ - INFO - Получен запрос: GET /api/couriers/access/settings
2025-04-03 11:53:15,359 - __main__ - INFO - Заголовки: Host: localhost
X-Real-Ip: 172.19.0.1
X-Forwarded-For: 172.19.0.1
X-Forwarded-Proto: http
X-Forwarded-Host: localhost
X-Original-Uri: /api/couriers/access/settings?chat_id=-1004755640016
Connection: close
Sec-Ch-Ua-Platform: "Windows"
User-Agent: Mozilla/5.0 (Windows NT 10.0; Win64; x64) AppleWebKit/537.36 (KHTML, like Gecko) Chrome/134.0.0.0 Safari/537.36
Sec-Ch-Ua: "Chromium";v="134", "Not:A-Brand";v="24", "Google Chrome";v="134"
Sec-Ch-Ua-Mobile: ?0
Accept: */*
Origin: http://localhost:3000
Sec-Fetch-Site: same-site
Sec-Fetch-Mode: cors
Sec-Fetch-Dest: empty
Referer: http://localhost:3000/
Accept-Encoding: gzip, deflate, br, zstd
Accept-Language: ru-RU,ru;q=0.9,en-RU;q=0.8,en;q=0.7,en-US;q=0.6


2025-04-03 11:53:15,361 - api.couriers.access.routes - INFO - 📝 Запрос настроек доступа: chat_id=-1004755640016
2025-04-03 11:53:15,371 - api.couriers.access.routes - INFO - ✅ Настройки загружены: 17 полей
2025-04-03 11:53:15,371 - werkzeug - INFO - 172.19.0.8 - - [03/Apr/2025 11:53:15] "GET /api/couriers/access/settings?chat_id=-1004755640016 HTTP/1.1" 200 -
2025-04-03 11:53:15,867 - __main__ - INFO - Получен запрос: GET /api/couriers/shifts
2025-04-03 11:53:15,868 - __main__ - INFO - Заголовки: Host: localhost
X-Real-Ip: 172.19.0.1
X-Forwarded-For: 172.19.0.1
X-Forwarded-Proto: http
X-Forwarded-Host: localhost
X-Original-Uri: /api/couriers/shifts?chat_id=-1004755640016
Connection: close
Sec-Ch-Ua-Platform: "Windows"
User-Agent: Mozilla/5.0 (Windows NT 10.0; Win64; x64) AppleWebKit/537.36 (KHTML, like Gecko) Chrome/134.0.0.0 Safari/537.36
Sec-Ch-Ua: "Chromium";v="134", "Not:A-Brand";v="24", "Google Chrome";v="134"
Sec-Ch-Ua-Mobile: ?0
Accept: */*
Origin: http://localhost:3000
Sec-Fetch-Site: same-site
Sec-Fetch-Mode: cors
Sec-Fetch-Dest: empty
Referer: http://localhost:3000/
Accept-Encoding: gzip, deflate, br, zstd
Accept-Language: ru-RU,ru;q=0.9,en-RU;q=0.8,en;q=0.7,en-US;q=0.6


2025-04-03 11:53:15,869 - werkzeug - INFO - 172.19.0.8 - - [03/Apr/2025 11:53:15] "[33mGET /api/couriers/shifts?chat_id=-1004755640016 HTTP/1.1[0m" 404 -
2025-04-03 11:53:53,060 - __main__ - INFO - Получен запрос: GET /api/reserves
2025-04-03 11:53:53,060 - __main__ - INFO - Заголовки: Host: localhost
X-Real-Ip: 172.19.0.1
X-Forwarded-For: 172.19.0.1
X-Forwarded-Proto: http
X-Forwarded-Host: localhost
X-Original-Uri: /api/reserves
Connection: close
Sec-Ch-Ua-Platform: "Windows"
User-Agent: Mozilla/5.0 (Windows NT 10.0; Win64; x64) AppleWebKit/537.36 (KHTML, like Gecko) Chrome/134.0.0.0 Safari/537.36
Sec-Ch-Ua: "Chromium";v="134", "Not:A-Brand";v="24", "Google Chrome";v="134"
Sec-Ch-Ua-Mobile: ?0
Accept: */*
Origin: http://localhost:3000
Sec-Fetch-Site: same-site
Sec-Fetch-Mode: cors
Sec-Fetch-Dest: empty
Referer: http://localhost:3000/
Accept-Encoding: gzip, deflate, br, zstd
Accept-Language: ru-RU,ru;q=0.9,en-RU;q=0.8,en;q=0.7,en-US;q=0.6


2025-04-03 11:53:53,061 - __main__ - INFO - Обработка запроса на /api/reserves без CORS декораторов
2025-04-03 11:53:53,070 - werkzeug - INFO - 172.19.0.8 - - [03/Apr/2025 11:53:53] "GET /api/reserves HTTP/1.1" 200 -
2025-04-03 11:53:53,146 - __main__ - INFO - Получен запрос: GET /api/reserves
2025-04-03 11:53:53,146 - __main__ - INFO - Заголовки: Host: localhost
X-Real-Ip: 172.19.0.1
X-Forwarded-For: 172.19.0.1
X-Forwarded-Proto: http
X-Forwarded-Host: localhost
X-Original-Uri: /api/reserves
Connection: close
Sec-Ch-Ua-Platform: "Windows"
User-Agent: Mozilla/5.0 (Windows NT 10.0; Win64; x64) AppleWebKit/537.36 (KHTML, like Gecko) Chrome/134.0.0.0 Safari/537.36
Sec-Ch-Ua: "Chromium";v="134", "Not:A-Brand";v="24", "Google Chrome";v="134"
Sec-Ch-Ua-Mobile: ?0
Accept: */*
Origin: http://localhost:3000
Sec-Fetch-Site: same-site
Sec-Fetch-Mode: cors
Sec-Fetch-Dest: empty
Referer: http://localhost:3000/
Accept-Encoding: gzip, deflate, br, zstd
Accept-Language: ru-RU,ru;q=0.9,en-RU;q=0.8,en;q=0.7,en-US;q=0.6


2025-04-03 11:53:53,147 - __main__ - INFO - Обработка запроса на /api/reserves без CORS декораторов
2025-04-03 11:53:53,158 - werkzeug - INFO - 172.19.0.8 - - [03/Apr/2025 11:53:53] "GET /api/reserves HTTP/1.1" 200 -
2025-04-03 11:53:53,299 - __main__ - INFO - Получен запрос: GET /api/couriers/access/settings
2025-04-03 11:53:53,299 - __main__ - INFO - Заголовки: Host: localhost
X-Real-Ip: 172.19.0.1
X-Forwarded-For: 172.19.0.1
X-Forwarded-Proto: http
X-Forwarded-Host: localhost
X-Original-Uri: /api/couriers/access/settings?chat_id=-1004755640016
Connection: close
Sec-Ch-Ua-Platform: "Windows"
User-Agent: Mozilla/5.0 (Windows NT 10.0; Win64; x64) AppleWebKit/537.36 (KHTML, like Gecko) Chrome/134.0.0.0 Safari/537.36
Sec-Ch-Ua: "Chromium";v="134", "Not:A-Brand";v="24", "Google Chrome";v="134"
Sec-Ch-Ua-Mobile: ?0
Accept: */*
Origin: http://localhost:3000
Sec-Fetch-Site: same-site
Sec-Fetch-Mode: cors
Sec-Fetch-Dest: empty
Referer: http://localhost:3000/
Accept-Encoding: gzip, deflate, br, zstd
Accept-Language: ru-RU,ru;q=0.9,en-RU;q=0.8,en;q=0.7,en-US;q=0.6


2025-04-03 11:53:53,301 - api.couriers.access.routes - INFO - 📝 Запрос настроек доступа: chat_id=-1004755640016
2025-04-03 11:53:53,304 - __main__ - INFO - Получен запрос: GET /api/couriers/1682142222/status
2025-04-03 11:53:53,306 - __main__ - INFO - Заголовки: Host: localhost
X-Real-Ip: 172.19.0.1
X-Forwarded-For: 172.19.0.1
X-Forwarded-Proto: http
X-Forwarded-Host: localhost
X-Original-Uri: /api/couriers/1682142222/status?chat_id=-1004755640016
Connection: close
Sec-Ch-Ua-Platform: "Windows"
User-Agent: Mozilla/5.0 (Windows NT 10.0; Win64; x64) AppleWebKit/537.36 (KHTML, like Gecko) Chrome/134.0.0.0 Safari/537.36
Accept: application/json, text/plain, */*
Sec-Ch-Ua: "Chromium";v="134", "Not:A-Brand";v="24", "Google Chrome";v="134"
Sec-Ch-Ua-Mobile: ?0
Origin: http://localhost:3000
Sec-Fetch-Site: same-site
Sec-Fetch-Mode: cors
Sec-Fetch-Dest: empty
Referer: http://localhost:3000/
Accept-Encoding: gzip, deflate, br, zstd
Accept-Language: ru-RU,ru;q=0.9,en-RU;q=0.8,en;q=0.7,en-US;q=0.6


2025-04-03 11:53:53,308 - api.couriers.routes - INFO - === Получение статуса курьера 1682142222 ===
2025-04-03 11:53:53,308 - api.couriers.routes - INFO - Chat ID из запроса: -1004755640016
2025-04-03 11:53:53,309 - api.couriers.access.routes - INFO - ✅ Настройки загружены: 17 полей
2025-04-03 11:53:53,313 - werkzeug - INFO - 172.19.0.8 - - [03/Apr/2025 11:53:53] "GET /api/couriers/access/settings?chat_id=-1004755640016 HTTP/1.1" 200 -
2025-04-03 11:53:53,319 - __main__ - INFO - Получен запрос: GET /api/couriers/access/settings
2025-04-03 11:53:53,322 - __main__ - INFO - Заголовки: Host: localhost
X-Real-Ip: 172.19.0.1
X-Forwarded-For: 172.19.0.1
X-Forwarded-Proto: http
X-Forwarded-Host: localhost
X-Original-Uri: /api/couriers/access/settings?chat_id=-1004755640016
Connection: close
Sec-Ch-Ua-Platform: "Windows"
User-Agent: Mozilla/5.0 (Windows NT 10.0; Win64; x64) AppleWebKit/537.36 (KHTML, like Gecko) Chrome/134.0.0.0 Safari/537.36
Sec-Ch-Ua: "Chromium";v="134", "Not:A-Brand";v="24", "Google Chrome";v="134"
Sec-Ch-Ua-Mobile: ?0
Accept: */*
Origin: http://localhost:3000
Sec-Fetch-Site: same-site
Sec-Fetch-Mode: cors
Sec-Fetch-Dest: empty
Referer: http://localhost:3000/
Accept-Encoding: gzip, deflate, br, zstd
Accept-Language: ru-RU,ru;q=0.9,en-RU;q=0.8,en;q=0.7,en-US;q=0.6


2025-04-03 11:53:53,325 - api.couriers.access.routes - INFO - 📝 Запрос настроек доступа: chat_id=-1004755640016
2025-04-03 11:53:53,332 - api.couriers.access.routes - INFO - ✅ Настройки загружены: 17 полей
2025-04-03 11:53:53,336 - werkzeug - INFO - 172.19.0.8 - - [03/Apr/2025 11:53:53] "GET /api/couriers/access/settings?chat_id=-1004755640016 HTTP/1.1" 200 -
2025-04-03 11:53:53,340 - api.couriers.routes - ERROR - Пользователь 1682142222 не найден
2025-04-03 11:53:53,342 - werkzeug - INFO - 172.19.0.8 - - [03/Apr/2025 11:53:53] "[33mGET /api/couriers/1682142222/status?chat_id=-1004755640016 HTTP/1.1[0m" 404 -
2025-04-03 11:53:53,350 - __main__ - INFO - Получен запрос: GET /api/couriers/1682142222/status
2025-04-03 11:53:53,351 - __main__ - INFO - Заголовки: Host: localhost
X-Real-Ip: 172.19.0.1
X-Forwarded-For: 172.19.0.1
X-Forwarded-Proto: http
X-Forwarded-Host: localhost
X-Original-Uri: /api/couriers/1682142222/status?chat_id=-1004755640016
Connection: close
Sec-Ch-Ua-Platform: "Windows"
User-Agent: Mozilla/5.0 (Windows NT 10.0; Win64; x64) AppleWebKit/537.36 (KHTML, like Gecko) Chrome/134.0.0.0 Safari/537.36
Accept: application/json, text/plain, */*
Sec-Ch-Ua: "Chromium";v="134", "Not:A-Brand";v="24", "Google Chrome";v="134"
Sec-Ch-Ua-Mobile: ?0
Origin: http://localhost:3000
Sec-Fetch-Site: same-site
Sec-Fetch-Mode: cors
Sec-Fetch-Dest: empty
Referer: http://localhost:3000/
Accept-Encoding: gzip, deflate, br, zstd
Accept-Language: ru-RU,ru;q=0.9,en-RU;q=0.8,en;q=0.7,en-US;q=0.6


2025-04-03 11:53:53,354 - api.couriers.routes - INFO - === Получение статуса курьера 1682142222 ===
2025-04-03 11:53:53,355 - api.couriers.routes - INFO - Chat ID из запроса: -1004755640016
2025-04-03 11:53:53,366 - api.couriers.routes - ERROR - Пользователь 1682142222 не найден
2025-04-03 11:53:53,367 - werkzeug - INFO - 172.19.0.8 - - [03/Apr/2025 11:53:53] "[33mGET /api/couriers/1682142222/status?chat_id=-1004755640016 HTTP/1.1[0m" 404 -
2025-04-03 11:54:00,492 - __main__ - INFO - Получен запрос: GET /api/couriers/shifts
2025-04-03 11:54:00,492 - __main__ - INFO - Заголовки: Host: localhost
X-Real-Ip: 172.19.0.1
X-Forwarded-For: 172.19.0.1
X-Forwarded-Proto: http
X-Forwarded-Host: localhost
X-Original-Uri: /api/couriers/shifts?chat_id=-1004755640016
Connection: close
Sec-Ch-Ua-Platform: "Windows"
User-Agent: Mozilla/5.0 (Windows NT 10.0; Win64; x64) AppleWebKit/537.36 (KHTML, like Gecko) Chrome/134.0.0.0 Safari/537.36
Sec-Ch-Ua: "Chromium";v="134", "Not:A-Brand";v="24", "Google Chrome";v="134"
Sec-Ch-Ua-Mobile: ?0
Accept: */*
Origin: http://localhost:3000
Sec-Fetch-Site: same-site
Sec-Fetch-Mode: cors
Sec-Fetch-Dest: empty
Referer: http://localhost:3000/
Accept-Encoding: gzip, deflate, br, zstd
Accept-Language: ru-RU,ru;q=0.9,en-RU;q=0.8,en;q=0.7,en-US;q=0.6


2025-04-03 11:54:00,493 - __main__ - INFO - Получен запрос: GET /api/couriers/access/settings
2025-04-03 11:54:00,495 - werkzeug - INFO - 172.19.0.8 - - [03/Apr/2025 11:54:00] "[33mGET /api/couriers/shifts?chat_id=-1004755640016 HTTP/1.1[0m" 404 -
2025-04-03 11:54:00,496 - __main__ - INFO - Заголовки: Host: localhost
X-Real-Ip: 172.19.0.1
X-Forwarded-For: 172.19.0.1
X-Forwarded-Proto: http
X-Forwarded-Host: localhost
X-Original-Uri: /api/couriers/access/settings?chat_id=-1004755640016
Connection: close
Sec-Ch-Ua-Platform: "Windows"
User-Agent: Mozilla/5.0 (Windows NT 10.0; Win64; x64) AppleWebKit/537.36 (KHTML, like Gecko) Chrome/134.0.0.0 Safari/537.36
Sec-Ch-Ua: "Chromium";v="134", "Not:A-Brand";v="24", "Google Chrome";v="134"
Sec-Ch-Ua-Mobile: ?0
Accept: */*
Origin: http://localhost:3000
Sec-Fetch-Site: same-site
Sec-Fetch-Mode: cors
Sec-Fetch-Dest: empty
Referer: http://localhost:3000/
Accept-Encoding: gzip, deflate, br, zstd
Accept-Language: ru-RU,ru;q=0.9,en-RU;q=0.8,en;q=0.7,en-US;q=0.6


2025-04-03 11:54:00,508 - __main__ - INFO - Получен запрос: GET /api/couriers/shifts
2025-04-03 11:54:00,516 - __main__ - INFO - Заголовки: Host: localhost
X-Real-Ip: 172.19.0.1
X-Forwarded-For: 172.19.0.1
X-Forwarded-Proto: http
X-Forwarded-Host: localhost
X-Original-Uri: /api/couriers/shifts?chat_id=-1004755640016
Connection: close
Sec-Ch-Ua-Platform: "Windows"
User-Agent: Mozilla/5.0 (Windows NT 10.0; Win64; x64) AppleWebKit/537.36 (KHTML, like Gecko) Chrome/134.0.0.0 Safari/537.36
Sec-Ch-Ua: "Chromium";v="134", "Not:A-Brand";v="24", "Google Chrome";v="134"
Sec-Ch-Ua-Mobile: ?0
Accept: */*
Origin: http://localhost:3000
Sec-Fetch-Site: same-site
Sec-Fetch-Mode: cors
Sec-Fetch-Dest: empty
Referer: http://localhost:3000/
Accept-Encoding: gzip, deflate, br, zstd
Accept-Language: ru-RU,ru;q=0.9,en-RU;q=0.8,en;q=0.7,en-US;q=0.6


2025-04-03 11:54:00,511 - api.couriers.access.routes - INFO - 📝 Запрос настроек доступа: chat_id=-1004755640016
2025-04-03 11:54:00,519 - werkzeug - INFO - 172.19.0.8 - - [03/Apr/2025 11:54:00] "[33mGET /api/couriers/shifts?chat_id=-1004755640016 HTTP/1.1[0m" 404 -
2025-04-03 11:54:00,546 - api.couriers.access.routes - INFO - ✅ Настройки загружены: 17 полей
2025-04-03 11:54:00,549 - werkzeug - INFO - 172.19.0.8 - - [03/Apr/2025 11:54:00] "GET /api/couriers/access/settings?chat_id=-1004755640016 HTTP/1.1" 200 -
2025-04-03 11:54:00,560 - __main__ - INFO - Получен запрос: GET /api/couriers/access/settings
2025-04-03 11:54:00,562 - __main__ - INFO - Заголовки: Host: localhost
X-Real-Ip: 172.19.0.1
X-Forwarded-For: 172.19.0.1
X-Forwarded-Proto: http
X-Forwarded-Host: localhost
X-Original-Uri: /api/couriers/access/settings?chat_id=-1004755640016
Connection: close
Sec-Ch-Ua-Platform: "Windows"
User-Agent: Mozilla/5.0 (Windows NT 10.0; Win64; x64) AppleWebKit/537.36 (KHTML, like Gecko) Chrome/134.0.0.0 Safari/537.36
Sec-Ch-Ua: "Chromium";v="134", "Not:A-Brand";v="24", "Google Chrome";v="134"
Sec-Ch-Ua-Mobile: ?0
Accept: */*
Origin: http://localhost:3000
Sec-Fetch-Site: same-site
Sec-Fetch-Mode: cors
Sec-Fetch-Dest: empty
Referer: http://localhost:3000/
Accept-Encoding: gzip, deflate, br, zstd
Accept-Language: ru-RU,ru;q=0.9,en-RU;q=0.8,en;q=0.7,en-US;q=0.6


2025-04-03 11:54:00,564 - api.couriers.access.routes - INFO - 📝 Запрос настроек доступа: chat_id=-1004755640016
2025-04-03 11:54:00,567 - api.couriers.access.routes - INFO - ✅ Настройки загружены: 17 полей
2025-04-03 11:54:00,569 - werkzeug - INFO - 172.19.0.8 - - [03/Apr/2025 11:54:00] "GET /api/couriers/access/settings?chat_id=-1004755640016 HTTP/1.1" 200 -
2025-04-03 11:54:01,082 - __main__ - INFO - Получен запрос: GET /api/couriers/shifts
2025-04-03 11:54:01,082 - __main__ - INFO - Заголовки: Host: localhost
X-Real-Ip: 172.19.0.1
X-Forwarded-For: 172.19.0.1
X-Forwarded-Proto: http
X-Forwarded-Host: localhost
X-Original-Uri: /api/couriers/shifts?chat_id=-1004755640016
Connection: close
Sec-Ch-Ua-Platform: "Windows"
User-Agent: Mozilla/5.0 (Windows NT 10.0; Win64; x64) AppleWebKit/537.36 (KHTML, like Gecko) Chrome/134.0.0.0 Safari/537.36
Sec-Ch-Ua: "Chromium";v="134", "Not:A-Brand";v="24", "Google Chrome";v="134"
Sec-Ch-Ua-Mobile: ?0
Accept: */*
Origin: http://localhost:3000
Sec-Fetch-Site: same-site
Sec-Fetch-Mode: cors
Sec-Fetch-Dest: empty
Referer: http://localhost:3000/
Accept-Encoding: gzip, deflate, br, zstd
Accept-Language: ru-RU,ru;q=0.9,en-RU;q=0.8,en;q=0.7,en-US;q=0.6


2025-04-03 11:54:01,083 - werkzeug - INFO - 172.19.0.8 - - [03/Apr/2025 11:54:01] "[33mGET /api/couriers/shifts?chat_id=-1004755640016 HTTP/1.1[0m" 404 -
2025-04-03 11:59:48,555 - models.database - INFO - ✅ Соединение с базой данных установлено
2025-04-03 11:59:48,558 - models.database - INFO - ✅ Таблица access_settings успешно создана или уже существует
2025-04-03 11:59:48,561 - models.database - INFO - ✅ Таблица shifts успешно создана или уже существует
2025-04-03 11:59:48,561 - models.database - INFO - ✅ Все необходимые таблицы успешно созданы или уже существуют
2025-04-03 11:59:48,561 - models.database - INFO - ✅ DatabaseService инициализирован. Подключение к базе: postgres:5432/appninjabot
2025-04-03 11:59:48,660 - data.shifts - INFO - Основной путь к файлу смен: /app/data/shifts.json
2025-04-03 11:59:48,660 - data.shifts - INFO - Альтернативный путь: /app/data/shifts.json
2025-04-03 11:59:48,660 - data.shifts - INFO - Альтернативный путь: /app/backend/data/shifts.json
2025-04-03 11:59:48,661 - data.shifts - INFO - Альтернативный путь: /app/data/shifts.json
2025-04-03 11:59:48,662 - data.shifts - INFO - Альтернативный путь: shifts.json
2025-04-03 11:59:49,046 - telegramNinjaBot.bot - INFO - Бот запущен в окружении: development
2025-04-03 11:59:49,082 - werkzeug - INFO - [31m[1mWARNING: This is a development server. Do not use it in a production deployment. Use a production WSGI server instead.[0m
 * Running on all addresses (0.0.0.0)
 * Running on http://127.0.0.1:8000
 * Running on http://172.19.0.5:8000
2025-04-03 11:59:49,091 - werkzeug - INFO - [33mPress CTRL+C to quit[0m
2025-04-03 12:00:04,092 - __main__ - INFO - Получен запрос: GET /api/reserves
2025-04-03 12:00:04,092 - __main__ - INFO - Заголовки: Host: localhost
X-Real-Ip: 172.19.0.1
X-Forwarded-For: 172.19.0.1
X-Forwarded-Proto: http
X-Forwarded-Host: localhost
X-Original-Uri: /api/reserves
Connection: close
Sec-Ch-Ua-Platform: "Windows"
User-Agent: Mozilla/5.0 (Windows NT 10.0; Win64; x64) AppleWebKit/537.36 (KHTML, like Gecko) Chrome/134.0.0.0 Safari/537.36
Sec-Ch-Ua: "Chromium";v="134", "Not:A-Brand";v="24", "Google Chrome";v="134"
Sec-Ch-Ua-Mobile: ?0
Accept: */*
Origin: http://localhost:3000
Sec-Fetch-Site: same-site
Sec-Fetch-Mode: cors
Sec-Fetch-Dest: empty
Referer: http://localhost:3000/
Accept-Encoding: gzip, deflate, br, zstd
Accept-Language: ru-RU,ru;q=0.9,en-RU;q=0.8,en;q=0.7,en-US;q=0.6


2025-04-03 12:00:04,093 - __main__ - INFO - Обработка запроса на /api/reserves без CORS декораторов
2025-04-03 12:00:04,103 - werkzeug - INFO - 172.19.0.8 - - [03/Apr/2025 12:00:04] "GET /api/reserves HTTP/1.1" 200 -
2025-04-03 12:00:04,209 - __main__ - INFO - Получен запрос: GET /api/reserves
2025-04-03 12:00:04,210 - __main__ - INFO - Заголовки: Host: localhost
X-Real-Ip: 172.19.0.1
X-Forwarded-For: 172.19.0.1
X-Forwarded-Proto: http
X-Forwarded-Host: localhost
X-Original-Uri: /api/reserves
Connection: close
Sec-Ch-Ua-Platform: "Windows"
User-Agent: Mozilla/5.0 (Windows NT 10.0; Win64; x64) AppleWebKit/537.36 (KHTML, like Gecko) Chrome/134.0.0.0 Safari/537.36
Sec-Ch-Ua: "Chromium";v="134", "Not:A-Brand";v="24", "Google Chrome";v="134"
Sec-Ch-Ua-Mobile: ?0
Accept: */*
Origin: http://localhost:3000
Sec-Fetch-Site: same-site
Sec-Fetch-Mode: cors
Sec-Fetch-Dest: empty
Referer: http://localhost:3000/
Accept-Encoding: gzip, deflate, br, zstd
Accept-Language: ru-RU,ru;q=0.9,en-RU;q=0.8,en;q=0.7,en-US;q=0.6


2025-04-03 12:00:04,213 - __main__ - INFO - Обработка запроса на /api/reserves без CORS декораторов
2025-04-03 12:00:04,224 - werkzeug - INFO - 172.19.0.8 - - [03/Apr/2025 12:00:04] "GET /api/reserves HTTP/1.1" 200 -
2025-04-03 12:00:23,293 - __main__ - INFO - Получен запрос: GET /api/couriers/access/settings
2025-04-03 12:00:23,294 - __main__ - INFO - Заголовки: Host: localhost
X-Real-Ip: 172.19.0.1
X-Forwarded-For: 172.19.0.1
X-Forwarded-Proto: http
X-Forwarded-Host: localhost
X-Original-Uri: /api/couriers/access/settings?chat_id=-1004755640016
Connection: close
Sec-Ch-Ua-Platform: "Windows"
User-Agent: Mozilla/5.0 (Windows NT 10.0; Win64; x64) AppleWebKit/537.36 (KHTML, like Gecko) Chrome/134.0.0.0 Safari/537.36
Sec-Ch-Ua: "Chromium";v="134", "Not:A-Brand";v="24", "Google Chrome";v="134"
Sec-Ch-Ua-Mobile: ?0
Accept: */*
Origin: http://localhost:3000
Sec-Fetch-Site: same-site
Sec-Fetch-Mode: cors
Sec-Fetch-Dest: empty
Referer: http://localhost:3000/
Accept-Encoding: gzip, deflate, br, zstd
Accept-Language: ru-RU,ru;q=0.9,en-RU;q=0.8,en;q=0.7,en-US;q=0.6


2025-04-03 12:00:23,295 - api.couriers.access.routes - INFO - 📝 Запрос настроек доступа: chat_id=-1004755640016
2025-04-03 12:00:23,300 - __main__ - INFO - Получен запрос: GET /api/couriers/1682142222/status
2025-04-03 12:00:23,304 - __main__ - INFO - Заголовки: Host: localhost
X-Real-Ip: 172.19.0.1
X-Forwarded-For: 172.19.0.1
X-Forwarded-Proto: http
X-Forwarded-Host: localhost
X-Original-Uri: /api/couriers/1682142222/status?chat_id=-1004755640016
Connection: close
Sec-Ch-Ua-Platform: "Windows"
User-Agent: Mozilla/5.0 (Windows NT 10.0; Win64; x64) AppleWebKit/537.36 (KHTML, like Gecko) Chrome/134.0.0.0 Safari/537.36
Accept: application/json, text/plain, */*
Sec-Ch-Ua: "Chromium";v="134", "Not:A-Brand";v="24", "Google Chrome";v="134"
Sec-Ch-Ua-Mobile: ?0
Origin: http://localhost:3000
Sec-Fetch-Site: same-site
Sec-Fetch-Mode: cors
Sec-Fetch-Dest: empty
Referer: http://localhost:3000/
Accept-Encoding: gzip, deflate, br, zstd
Accept-Language: ru-RU,ru;q=0.9,en-RU;q=0.8,en;q=0.7,en-US;q=0.6


2025-04-03 12:00:23,305 - api.couriers.routes - INFO - === Получение статуса курьера 1682142222 ===
2025-04-03 12:00:23,306 - api.couriers.access.routes - INFO - ✅ Настройки загружены: 17 полей
2025-04-03 12:00:23,308 - api.couriers.routes - INFO - Chat ID из запроса: -1004755640016
2025-04-03 12:00:23,309 - werkzeug - INFO - 172.19.0.8 - - [03/Apr/2025 12:00:23] "GET /api/couriers/access/settings?chat_id=-1004755640016 HTTP/1.1" 200 -
2025-04-03 12:00:23,316 - __main__ - INFO - Получен запрос: GET /api/couriers/access/settings
2025-04-03 12:00:23,317 - __main__ - INFO - Заголовки: Host: localhost
X-Real-Ip: 172.19.0.1
X-Forwarded-For: 172.19.0.1
X-Forwarded-Proto: http
X-Forwarded-Host: localhost
X-Original-Uri: /api/couriers/access/settings?chat_id=-1004755640016
Connection: close
Sec-Ch-Ua-Platform: "Windows"
User-Agent: Mozilla/5.0 (Windows NT 10.0; Win64; x64) AppleWebKit/537.36 (KHTML, like Gecko) Chrome/134.0.0.0 Safari/537.36
Sec-Ch-Ua: "Chromium";v="134", "Not:A-Brand";v="24", "Google Chrome";v="134"
Sec-Ch-Ua-Mobile: ?0
Accept: */*
Origin: http://localhost:3000
Sec-Fetch-Site: same-site
Sec-Fetch-Mode: cors
Sec-Fetch-Dest: empty
Referer: http://localhost:3000/
Accept-Encoding: gzip, deflate, br, zstd
Accept-Language: ru-RU,ru;q=0.9,en-RU;q=0.8,en;q=0.7,en-US;q=0.6


2025-04-03 12:00:23,324 - api.couriers.access.routes - INFO - 📝 Запрос настроек доступа: chat_id=-1004755640016
2025-04-03 12:00:23,327 - api.couriers.routes - ERROR - Пользователь 1682142222 не найден
2025-04-03 12:00:23,330 - werkzeug - INFO - 172.19.0.8 - - [03/Apr/2025 12:00:23] "[33mGET /api/couriers/1682142222/status?chat_id=-1004755640016 HTTP/1.1[0m" 404 -
2025-04-03 12:00:23,339 - __main__ - INFO - Получен запрос: GET /api/couriers/1682142222/status
2025-04-03 12:00:23,340 - __main__ - INFO - Заголовки: Host: localhost
X-Real-Ip: 172.19.0.1
X-Forwarded-For: 172.19.0.1
X-Forwarded-Proto: http
X-Forwarded-Host: localhost
X-Original-Uri: /api/couriers/1682142222/status?chat_id=-1004755640016
Connection: close
Sec-Ch-Ua-Platform: "Windows"
User-Agent: Mozilla/5.0 (Windows NT 10.0; Win64; x64) AppleWebKit/537.36 (KHTML, like Gecko) Chrome/134.0.0.0 Safari/537.36
Accept: application/json, text/plain, */*
Sec-Ch-Ua: "Chromium";v="134", "Not:A-Brand";v="24", "Google Chrome";v="134"
Sec-Ch-Ua-Mobile: ?0
Origin: http://localhost:3000
Sec-Fetch-Site: same-site
Sec-Fetch-Mode: cors
Sec-Fetch-Dest: empty
Referer: http://localhost:3000/
Accept-Encoding: gzip, deflate, br, zstd
Accept-Language: ru-RU,ru;q=0.9,en-RU;q=0.8,en;q=0.7,en-US;q=0.6


2025-04-03 12:00:23,340 - api.couriers.access.routes - INFO - ✅ Настройки загружены: 17 полей
2025-04-03 12:00:23,341 - api.couriers.routes - INFO - === Получение статуса курьера 1682142222 ===
2025-04-03 12:00:23,353 - api.couriers.routes - INFO - Chat ID из запроса: -1004755640016
2025-04-03 12:00:23,350 - werkzeug - INFO - 172.19.0.8 - - [03/Apr/2025 12:00:23] "GET /api/couriers/access/settings?chat_id=-1004755640016 HTTP/1.1" 200 -
2025-04-03 12:00:23,392 - api.couriers.routes - ERROR - Пользователь 1682142222 не найден
2025-04-03 12:00:23,393 - werkzeug - INFO - 172.19.0.8 - - [03/Apr/2025 12:00:23] "[33mGET /api/couriers/1682142222/status?chat_id=-1004755640016 HTTP/1.1[0m" 404 -
2025-04-04 01:00:29,285 - models.database - INFO - ✅ Соединение с базой данных установлено
2025-04-04 01:00:29,304 - models.database - INFO - ✅ Таблица access_settings успешно создана или уже существует
2025-04-04 01:00:29,323 - models.database - INFO - ✅ Таблица shifts успешно создана или уже существует
2025-04-04 01:00:29,323 - models.database - INFO - ✅ Все необходимые таблицы успешно созданы или уже существуют
2025-04-04 01:00:29,324 - models.database - INFO - ✅ DatabaseService инициализирован. Подключение к базе: postgres:5432/appninjabot
2025-04-04 01:00:29,842 - data.shifts - INFO - Основной путь к файлу смен: /app/data/shifts.json
2025-04-04 01:00:29,842 - data.shifts - INFO - Альтернативный путь: /app/data/shifts.json
2025-04-04 01:00:29,842 - data.shifts - INFO - Альтернативный путь: /app/backend/data/shifts.json
2025-04-04 01:00:29,843 - data.shifts - INFO - Альтернативный путь: /app/data/shifts.json
2025-04-04 01:00:29,843 - data.shifts - INFO - Альтернативный путь: shifts.json
2025-04-04 01:00:31,154 - telegramNinjaBot.bot - INFO - Бот запущен в окружении: development
2025-04-04 01:00:31,177 - werkzeug - INFO - [31m[1mWARNING: This is a development server. Do not use it in a production deployment. Use a production WSGI server instead.[0m
 * Running on all addresses (0.0.0.0)
 * Running on http://127.0.0.1:8000
 * Running on http://172.18.0.4:8000
2025-04-04 01:00:31,178 - werkzeug - INFO - [33mPress CTRL+C to quit[0m
2025-04-04 01:01:34,269 - __main__ - INFO - Получен запрос: GET /api/reserves
2025-04-04 01:01:34,269 - __main__ - INFO - Заголовки: Host: localhost
X-Real-Ip: 172.18.0.1
X-Forwarded-For: 172.18.0.1
X-Forwarded-Proto: http
X-Forwarded-Host: localhost
X-Original-Uri: /api/reserves
Connection: close
Sec-Ch-Ua-Platform: "Windows"
User-Agent: Mozilla/5.0 (Windows NT 10.0; Win64; x64) AppleWebKit/537.36 (KHTML, like Gecko) Chrome/134.0.0.0 Safari/537.36
Sec-Ch-Ua: "Chromium";v="134", "Not:A-Brand";v="24", "Google Chrome";v="134"
Sec-Ch-Ua-Mobile: ?0
Accept: */*
Origin: http://localhost:3000
Sec-Fetch-Site: same-site
Sec-Fetch-Mode: cors
Sec-Fetch-Dest: empty
Referer: http://localhost:3000/
Accept-Encoding: gzip, deflate, br, zstd
Accept-Language: ru-RU,ru;q=0.9,en-RU;q=0.8,en;q=0.7,en-US;q=0.6


2025-04-04 01:01:34,270 - __main__ - INFO - Обработка запроса на /api/reserves без CORS декораторов
2025-04-04 01:01:34,283 - werkzeug - INFO - 172.18.0.8 - - [04/Apr/2025 01:01:34] "GET /api/reserves HTTP/1.1" 200 -
2025-04-04 01:01:34,347 - __main__ - INFO - Получен запрос: GET /api/reserves
2025-04-04 01:01:34,347 - __main__ - INFO - Заголовки: Host: localhost
X-Real-Ip: 172.18.0.1
X-Forwarded-For: 172.18.0.1
X-Forwarded-Proto: http
X-Forwarded-Host: localhost
X-Original-Uri: /api/reserves
Connection: close
Sec-Ch-Ua-Platform: "Windows"
User-Agent: Mozilla/5.0 (Windows NT 10.0; Win64; x64) AppleWebKit/537.36 (KHTML, like Gecko) Chrome/134.0.0.0 Safari/537.36
Sec-Ch-Ua: "Chromium";v="134", "Not:A-Brand";v="24", "Google Chrome";v="134"
Sec-Ch-Ua-Mobile: ?0
Accept: */*
Origin: http://localhost:3000
Sec-Fetch-Site: same-site
Sec-Fetch-Mode: cors
Sec-Fetch-Dest: empty
Referer: http://localhost:3000/
Accept-Encoding: gzip, deflate, br, zstd
Accept-Language: ru-RU,ru;q=0.9,en-RU;q=0.8,en;q=0.7,en-US;q=0.6


2025-04-04 01:01:34,348 - __main__ - INFO - Обработка запроса на /api/reserves без CORS декораторов
2025-04-04 01:01:34,351 - werkzeug - INFO - 172.18.0.8 - - [04/Apr/2025 01:01:34] "GET /api/reserves HTTP/1.1" 200 -
2025-04-04 01:01:53,238 - __main__ - INFO - Получен запрос: GET /api/couriers/access/settings
2025-04-04 01:01:53,238 - __main__ - INFO - Заголовки: Host: localhost
X-Real-Ip: 172.18.0.1
X-Forwarded-For: 172.18.0.1
X-Forwarded-Proto: http
X-Forwarded-Host: localhost
X-Original-Uri: /api/couriers/access/settings?chat_id=-1004755640016
Connection: close
User-Agent: Mozilla/5.0 (iPhone; CPU iPhone OS 16_6 like Mac OS X) AppleWebKit/605.1.15 (KHTML, like Gecko) Version/16.6 Mobile/15E148 Safari/604.1
Accept: */*
Origin: http://localhost:3000
Sec-Fetch-Site: same-site
Sec-Fetch-Mode: cors
Sec-Fetch-Dest: empty
Referer: http://localhost:3000/
Accept-Encoding: gzip, deflate, br, zstd
Accept-Language: ru-RU,ru;q=0.9,en-RU;q=0.8,en;q=0.7,en-US;q=0.6


2025-04-04 01:01:53,239 - api.couriers.access.routes - INFO - 📝 Запрос настроек доступа: chat_id=-1004755640016
2025-04-04 01:01:53,242 - __main__ - INFO - Получен запрос: GET /api/couriers/1682142222/status
2025-04-04 01:01:53,243 - __main__ - INFO - Заголовки: Host: localhost
X-Real-Ip: 172.18.0.1
X-Forwarded-For: 172.18.0.1
X-Forwarded-Proto: http
X-Forwarded-Host: localhost
X-Original-Uri: /api/couriers/1682142222/status?chat_id=-1004755640016
Connection: close
User-Agent: Mozilla/5.0 (iPhone; CPU iPhone OS 16_6 like Mac OS X) AppleWebKit/605.1.15 (KHTML, like Gecko) Version/16.6 Mobile/15E148 Safari/604.1
Accept: application/json, text/plain, */*
Origin: http://localhost:3000
Sec-Fetch-Site: same-site
Sec-Fetch-Mode: cors
Sec-Fetch-Dest: empty
Referer: http://localhost:3000/
Accept-Encoding: gzip, deflate, br, zstd
Accept-Language: ru-RU,ru;q=0.9,en-RU;q=0.8,en;q=0.7,en-US;q=0.6


2025-04-04 01:01:53,243 - api.couriers.routes - INFO - === Получение статуса курьера 1682142222 ===
2025-04-04 01:01:53,243 - api.couriers.routes - INFO - Chat ID из запроса: -1004755640016
2025-04-04 01:01:53,250 - api.couriers.routes - ERROR - Error getting courier status for courier 1682142222: relation "members" does not exist
LINE 4:                     FROM members m
                                 ^

2025-04-04 01:01:53,255 - api.couriers.routes - ERROR - Traceback (most recent call last):
  File "/app/api/couriers/routes.py", line 71, in get_courier_status
    cursor.execute("""
  File "/usr/local/lib/python3.11/site-packages/psycopg2/extras.py", line 236, in execute
    return super().execute(query, vars)
           ^^^^^^^^^^^^^^^^^^^^^^^^^^^^
psycopg2.errors.UndefinedTable: relation "members" does not exist
LINE 4:                     FROM members m
                                 ^


2025-04-04 01:01:53,256 - werkzeug - INFO - 172.18.0.8 - - [04/Apr/2025 01:01:53] "[35m[1mGET /api/couriers/1682142222/status?chat_id=-1004755640016 HTTP/1.1[0m" 500 -
2025-04-04 01:01:53,257 - api.couriers.access.routes - INFO - ✅ Настройки загружены: 17 полей
2025-04-04 01:01:53,259 - werkzeug - INFO - 172.18.0.8 - - [04/Apr/2025 01:01:53] "GET /api/couriers/access/settings?chat_id=-1004755640016 HTTP/1.1" 200 -
2025-04-04 01:01:53,260 - __main__ - INFO - Получен запрос: GET /api/couriers/1682142222/status
2025-04-04 01:01:53,260 - __main__ - INFO - Заголовки: Host: localhost
X-Real-Ip: 172.18.0.1
X-Forwarded-For: 172.18.0.1
X-Forwarded-Proto: http
X-Forwarded-Host: localhost
X-Original-Uri: /api/couriers/1682142222/status?chat_id=-1004755640016
Connection: close
User-Agent: Mozilla/5.0 (iPhone; CPU iPhone OS 16_6 like Mac OS X) AppleWebKit/605.1.15 (KHTML, like Gecko) Version/16.6 Mobile/15E148 Safari/604.1
Accept: application/json, text/plain, */*
Origin: http://localhost:3000
Sec-Fetch-Site: same-site
Sec-Fetch-Mode: cors
Sec-Fetch-Dest: empty
Referer: http://localhost:3000/
Accept-Encoding: gzip, deflate, br, zstd
Accept-Language: ru-RU,ru;q=0.9,en-RU;q=0.8,en;q=0.7,en-US;q=0.6


2025-04-04 01:01:53,261 - api.couriers.routes - INFO - === Получение статуса курьера 1682142222 ===
2025-04-04 01:01:53,262 - api.couriers.routes - INFO - Chat ID из запроса: -1004755640016
2025-04-04 01:01:53,264 - __main__ - INFO - Получен запрос: GET /api/couriers/access/settings
2025-04-04 01:01:53,265 - __main__ - INFO - Заголовки: Host: localhost
X-Real-Ip: 172.18.0.1
X-Forwarded-For: 172.18.0.1
X-Forwarded-Proto: http
X-Forwarded-Host: localhost
X-Original-Uri: /api/couriers/access/settings?chat_id=-1004755640016
Connection: close
User-Agent: Mozilla/5.0 (iPhone; CPU iPhone OS 16_6 like Mac OS X) AppleWebKit/605.1.15 (KHTML, like Gecko) Version/16.6 Mobile/15E148 Safari/604.1
Accept: */*
Origin: http://localhost:3000
Sec-Fetch-Site: same-site
Sec-Fetch-Mode: cors
Sec-Fetch-Dest: empty
Referer: http://localhost:3000/
Accept-Encoding: gzip, deflate, br, zstd
Accept-Language: ru-RU,ru;q=0.9,en-RU;q=0.8,en;q=0.7,en-US;q=0.6


2025-04-04 01:01:53,265 - api.couriers.access.routes - INFO - 📝 Запрос настроек доступа: chat_id=-1004755640016
2025-04-04 01:01:53,270 - api.couriers.access.routes - INFO - ✅ Настройки загружены: 17 полей
2025-04-04 01:01:53,272 - werkzeug - INFO - 172.18.0.8 - - [04/Apr/2025 01:01:53] "GET /api/couriers/access/settings?chat_id=-1004755640016 HTTP/1.1" 200 -
2025-04-04 01:01:53,272 - api.couriers.routes - ERROR - Error getting courier status for courier 1682142222: relation "members" does not exist
LINE 4:                     FROM members m
                                 ^

2025-04-04 01:01:53,275 - api.couriers.routes - ERROR - Traceback (most recent call last):
  File "/app/api/couriers/routes.py", line 71, in get_courier_status
    cursor.execute("""
  File "/usr/local/lib/python3.11/site-packages/psycopg2/extras.py", line 236, in execute
    return super().execute(query, vars)
           ^^^^^^^^^^^^^^^^^^^^^^^^^^^^
psycopg2.errors.UndefinedTable: relation "members" does not exist
LINE 4:                     FROM members m
                                 ^


2025-04-04 01:01:53,276 - werkzeug - INFO - 172.18.0.8 - - [04/Apr/2025 01:01:53] "[35m[1mGET /api/couriers/1682142222/status?chat_id=-1004755640016 HTTP/1.1[0m" 500 -
2025-04-04 01:08:31,398 - models.database - INFO - ✅ Соединение с базой данных установлено
2025-04-04 01:08:31,399 - models.database - INFO - ✅ Таблица access_settings успешно создана или уже существует
2025-04-04 01:08:31,401 - models.database - INFO - ✅ Таблица shifts успешно создана или уже существует
2025-04-04 01:08:31,401 - models.database - INFO - ✅ Все необходимые таблицы успешно созданы или уже существуют
2025-04-04 01:08:31,401 - models.database - INFO - ✅ DatabaseService инициализирован. Подключение к базе: postgres:5432/appninjabot
2025-04-04 01:08:31,768 - data.shifts - INFO - Основной путь к файлу смен: /app/data/shifts.json
2025-04-04 01:08:31,768 - data.shifts - INFO - Альтернативный путь: /app/data/shifts.json
2025-04-04 01:08:31,768 - data.shifts - INFO - Альтернативный путь: /app/backend/data/shifts.json
2025-04-04 01:08:31,769 - data.shifts - INFO - Альтернативный путь: /app/data/shifts.json
2025-04-04 01:08:31,769 - data.shifts - INFO - Альтернативный путь: shifts.json
2025-04-04 01:08:32,737 - telegramNinjaBot.bot - INFO - Бот запущен в окружении: development
2025-04-04 01:08:32,754 - werkzeug - INFO - [31m[1mWARNING: This is a development server. Do not use it in a production deployment. Use a production WSGI server instead.[0m
 * Running on all addresses (0.0.0.0)
 * Running on http://127.0.0.1:8000
 * Running on http://172.18.0.5:8000
2025-04-04 01:08:32,754 - werkzeug - INFO - [33mPress CTRL+C to quit[0m
2025-04-04 01:09:09,266 - __main__ - INFO - Получен запрос: GET /couriers/shifts
2025-04-04 01:09:09,267 - __main__ - INFO - Заголовки: Host: localhost
X-Real-Ip: 172.18.0.1
X-Forwarded-For: 172.18.0.1
X-Forwarded-Proto: http
X-Forwarded-Host: localhost
X-Original-Uri: /api/couriers/shifts?chat_id=-1004755640016
Connection: close
User-Agent: Mozilla/5.0 (iPhone; CPU iPhone OS 16_6 like Mac OS X) AppleWebKit/605.1.15 (KHTML, like Gecko) Version/16.6 Mobile/15E148 Safari/604.1
Accept: */*
Origin: http://localhost:3000
Sec-Fetch-Site: same-site
Sec-Fetch-Mode: cors
Sec-Fetch-Dest: empty
Referer: http://localhost:3000/
Accept-Encoding: gzip, deflate, br, zstd
Accept-Language: ru-RU,ru;q=0.9,en-RU;q=0.8,en;q=0.7,en-US;q=0.6


2025-04-04 01:09:09,268 - werkzeug - INFO - 172.18.0.8 - - [04/Apr/2025 01:09:09] "[33mGET /couriers/shifts?chat_id=-1004755640016 HTTP/1.1[0m" 404 -
2025-04-04 01:09:09,270 - __main__ - INFO - Получен запрос: GET /couriers/access/settings
2025-04-04 01:09:09,270 - __main__ - INFO - Заголовки: Host: localhost
X-Real-Ip: 172.18.0.1
X-Forwarded-For: 172.18.0.1
X-Forwarded-Proto: http
X-Forwarded-Host: localhost
X-Original-Uri: /api/couriers/access/settings?chat_id=-1004755640016
Connection: close
User-Agent: Mozilla/5.0 (iPhone; CPU iPhone OS 16_6 like Mac OS X) AppleWebKit/605.1.15 (KHTML, like Gecko) Version/16.6 Mobile/15E148 Safari/604.1
Accept: */*
Origin: http://localhost:3000
Sec-Fetch-Site: same-site
Sec-Fetch-Mode: cors
Sec-Fetch-Dest: empty
Referer: http://localhost:3000/
Accept-Encoding: gzip, deflate, br, zstd
Accept-Language: ru-RU,ru;q=0.9,en-RU;q=0.8,en;q=0.7,en-US;q=0.6


2025-04-04 01:09:09,271 - werkzeug - INFO - 172.18.0.8 - - [04/Apr/2025 01:09:09] "[33mGET /couriers/access/settings?chat_id=-1004755640016 HTTP/1.1[0m" 404 -
2025-04-04 01:09:09,280 - __main__ - INFO - Получен запрос: GET /couriers/shifts
2025-04-04 01:09:09,280 - __main__ - INFO - Заголовки: Host: localhost
X-Real-Ip: 172.18.0.1
X-Forwarded-For: 172.18.0.1
X-Forwarded-Proto: http
X-Forwarded-Host: localhost
X-Original-Uri: /api/couriers/shifts?chat_id=-1004755640016
Connection: close
User-Agent: Mozilla/5.0 (iPhone; CPU iPhone OS 16_6 like Mac OS X) AppleWebKit/605.1.15 (KHTML, like Gecko) Version/16.6 Mobile/15E148 Safari/604.1
Accept: */*
Origin: http://localhost:3000
Sec-Fetch-Site: same-site
Sec-Fetch-Mode: cors
Sec-Fetch-Dest: empty
Referer: http://localhost:3000/
Accept-Encoding: gzip, deflate, br, zstd
Accept-Language: ru-RU,ru;q=0.9,en-RU;q=0.8,en;q=0.7,en-US;q=0.6


2025-04-04 01:09:09,281 - werkzeug - INFO - 172.18.0.8 - - [04/Apr/2025 01:09:09] "[33mGET /couriers/shifts?chat_id=-1004755640016 HTTP/1.1[0m" 404 -
2025-04-04 01:09:09,282 - __main__ - INFO - Получен запрос: GET /couriers/access/settings
2025-04-04 01:09:09,283 - __main__ - INFO - Заголовки: Host: localhost
X-Real-Ip: 172.18.0.1
X-Forwarded-For: 172.18.0.1
X-Forwarded-Proto: http
X-Forwarded-Host: localhost
X-Original-Uri: /api/couriers/access/settings?chat_id=-1004755640016
Connection: close
User-Agent: Mozilla/5.0 (iPhone; CPU iPhone OS 16_6 like Mac OS X) AppleWebKit/605.1.15 (KHTML, like Gecko) Version/16.6 Mobile/15E148 Safari/604.1
Accept: */*
Origin: http://localhost:3000
Sec-Fetch-Site: same-site
Sec-Fetch-Mode: cors
Sec-Fetch-Dest: empty
Referer: http://localhost:3000/
Accept-Encoding: gzip, deflate, br, zstd
Accept-Language: ru-RU,ru;q=0.9,en-RU;q=0.8,en;q=0.7,en-US;q=0.6


2025-04-04 01:09:09,284 - werkzeug - INFO - 172.18.0.8 - - [04/Apr/2025 01:09:09] "[33mGET /couriers/access/settings?chat_id=-1004755640016 HTTP/1.1[0m" 404 -
2025-04-04 01:09:14,167 - __main__ - INFO - Получен запрос: GET /reserves
2025-04-04 01:09:14,167 - __main__ - INFO - Заголовки: Host: localhost
X-Real-Ip: 172.18.0.1
X-Forwarded-For: 172.18.0.1
X-Forwarded-Proto: http
X-Forwarded-Host: localhost
X-Original-Uri: /api/reserves
Connection: close
User-Agent: Mozilla/5.0 (iPhone; CPU iPhone OS 16_6 like Mac OS X) AppleWebKit/605.1.15 (KHTML, like Gecko) Version/16.6 Mobile/15E148 Safari/604.1
Accept: */*
Origin: http://localhost:3000
Sec-Fetch-Site: same-site
Sec-Fetch-Mode: cors
Sec-Fetch-Dest: empty
Referer: http://localhost:3000/
Accept-Encoding: gzip, deflate, br, zstd
Accept-Language: ru-RU,ru;q=0.9,en-RU;q=0.8,en;q=0.7,en-US;q=0.6


2025-04-04 01:09:14,168 - werkzeug - INFO - 172.18.0.8 - - [04/Apr/2025 01:09:14] "[33mGET /reserves HTTP/1.1[0m" 404 -
2025-04-04 01:09:14,261 - __main__ - INFO - Получен запрос: GET /reserves
2025-04-04 01:09:14,262 - __main__ - INFO - Заголовки: Host: localhost
X-Real-Ip: 172.18.0.1
X-Forwarded-For: 172.18.0.1
X-Forwarded-Proto: http
X-Forwarded-Host: localhost
X-Original-Uri: /api/reserves
Connection: close
User-Agent: Mozilla/5.0 (iPhone; CPU iPhone OS 16_6 like Mac OS X) AppleWebKit/605.1.15 (KHTML, like Gecko) Version/16.6 Mobile/15E148 Safari/604.1
Accept: */*
Origin: http://localhost:3000
Sec-Fetch-Site: same-site
Sec-Fetch-Mode: cors
Sec-Fetch-Dest: empty
Referer: http://localhost:3000/
Accept-Encoding: gzip, deflate, br, zstd
Accept-Language: ru-RU,ru;q=0.9,en-RU;q=0.8,en;q=0.7,en-US;q=0.6


2025-04-04 01:09:14,263 - werkzeug - INFO - 172.18.0.8 - - [04/Apr/2025 01:09:14] "[33mGET /reserves HTTP/1.1[0m" 404 -
2025-04-04 01:09:14,418 - __main__ - INFO - Получен запрос: GET /couriers/access/settings
2025-04-04 01:09:14,418 - __main__ - INFO - Заголовки: Host: localhost
X-Real-Ip: 172.18.0.1
X-Forwarded-For: 172.18.0.1
X-Forwarded-Proto: http
X-Forwarded-Host: localhost
X-Original-Uri: /api/couriers/access/settings?chat_id=-1004755640016
Connection: close
User-Agent: Mozilla/5.0 (iPhone; CPU iPhone OS 16_6 like Mac OS X) AppleWebKit/605.1.15 (KHTML, like Gecko) Version/16.6 Mobile/15E148 Safari/604.1
Accept: */*
Origin: http://localhost:3000
Sec-Fetch-Site: same-site
Sec-Fetch-Mode: cors
Sec-Fetch-Dest: empty
Referer: http://localhost:3000/
Accept-Encoding: gzip, deflate, br, zstd
Accept-Language: ru-RU,ru;q=0.9,en-RU;q=0.8,en;q=0.7,en-US;q=0.6


2025-04-04 01:09:14,419 - werkzeug - INFO - 172.18.0.8 - - [04/Apr/2025 01:09:14] "[33mGET /couriers/access/settings?chat_id=-1004755640016 HTTP/1.1[0m" 404 -
2025-04-04 01:09:14,422 - __main__ - INFO - Получен запрос: GET /couriers/1682142222/status
2025-04-04 01:09:14,423 - __main__ - INFO - Заголовки: Host: localhost
X-Real-Ip: 172.18.0.1
X-Forwarded-For: 172.18.0.1
X-Forwarded-Proto: http
X-Forwarded-Host: localhost
X-Original-Uri: /api/couriers/1682142222/status?chat_id=-1004755640016
Connection: close
User-Agent: Mozilla/5.0 (iPhone; CPU iPhone OS 16_6 like Mac OS X) AppleWebKit/605.1.15 (KHTML, like Gecko) Version/16.6 Mobile/15E148 Safari/604.1
Accept: application/json, text/plain, */*
Origin: http://localhost:3000
Sec-Fetch-Site: same-site
Sec-Fetch-Mode: cors
Sec-Fetch-Dest: empty
Referer: http://localhost:3000/
Accept-Encoding: gzip, deflate, br, zstd
Accept-Language: ru-RU,ru;q=0.9,en-RU;q=0.8,en;q=0.7,en-US;q=0.6


2025-04-04 01:09:14,424 - werkzeug - INFO - 172.18.0.8 - - [04/Apr/2025 01:09:14] "[33mGET /couriers/1682142222/status?chat_id=-1004755640016 HTTP/1.1[0m" 404 -
2025-04-04 01:09:14,425 - __main__ - INFO - Получен запрос: GET /couriers/access/settings
2025-04-04 01:09:14,425 - __main__ - INFO - Заголовки: Host: localhost
X-Real-Ip: 172.18.0.1
X-Forwarded-For: 172.18.0.1
X-Forwarded-Proto: http
X-Forwarded-Host: localhost
X-Original-Uri: /api/couriers/access/settings?chat_id=-1004755640016
Connection: close
User-Agent: Mozilla/5.0 (iPhone; CPU iPhone OS 16_6 like Mac OS X) AppleWebKit/605.1.15 (KHTML, like Gecko) Version/16.6 Mobile/15E148 Safari/604.1
Accept: */*
Origin: http://localhost:3000
Sec-Fetch-Site: same-site
Sec-Fetch-Mode: cors
Sec-Fetch-Dest: empty
Referer: http://localhost:3000/
Accept-Encoding: gzip, deflate, br, zstd
Accept-Language: ru-RU,ru;q=0.9,en-RU;q=0.8,en;q=0.7,en-US;q=0.6


2025-04-04 01:09:14,426 - werkzeug - INFO - 172.18.0.8 - - [04/Apr/2025 01:09:14] "[33mGET /couriers/access/settings?chat_id=-1004755640016 HTTP/1.1[0m" 404 -
2025-04-04 01:09:14,429 - __main__ - INFO - Получен запрос: GET /couriers/1682142222/status
2025-04-04 01:09:14,430 - __main__ - INFO - Заголовки: Host: localhost
X-Real-Ip: 172.18.0.1
X-Forwarded-For: 172.18.0.1
X-Forwarded-Proto: http
X-Forwarded-Host: localhost
X-Original-Uri: /api/couriers/1682142222/status?chat_id=-1004755640016
Connection: close
User-Agent: Mozilla/5.0 (iPhone; CPU iPhone OS 16_6 like Mac OS X) AppleWebKit/605.1.15 (KHTML, like Gecko) Version/16.6 Mobile/15E148 Safari/604.1
Accept: application/json, text/plain, */*
Origin: http://localhost:3000
Sec-Fetch-Site: same-site
Sec-Fetch-Mode: cors
Sec-Fetch-Dest: empty
Referer: http://localhost:3000/
Accept-Encoding: gzip, deflate, br, zstd
Accept-Language: ru-RU,ru;q=0.9,en-RU;q=0.8,en;q=0.7,en-US;q=0.6


2025-04-04 01:09:14,431 - werkzeug - INFO - 172.18.0.8 - - [04/Apr/2025 01:09:14] "[33mGET /couriers/1682142222/status?chat_id=-1004755640016 HTTP/1.1[0m" 404 -
2025-04-04 01:09:57,627 - __main__ - INFO - Получен запрос: GET /reserves
2025-04-04 01:09:57,628 - __main__ - INFO - Заголовки: Host: localhost
X-Real-Ip: 172.18.0.1
X-Forwarded-For: 172.18.0.1
X-Forwarded-Proto: http
X-Forwarded-Host: localhost
X-Original-Uri: /api/reserves
Connection: close
User-Agent: Mozilla/5.0 (iPhone; CPU iPhone OS 16_6 like Mac OS X) AppleWebKit/605.1.15 (KHTML, like Gecko) Version/16.6 Mobile/15E148 Safari/604.1
Accept: */*
Origin: http://localhost:3000
Sec-Fetch-Site: same-site
Sec-Fetch-Mode: cors
Sec-Fetch-Dest: empty
Referer: http://localhost:3000/
Accept-Encoding: gzip, deflate, br, zstd
Accept-Language: ru-RU,ru;q=0.9,en-RU;q=0.8,en;q=0.7,en-US;q=0.6


2025-04-04 01:09:57,629 - werkzeug - INFO - 172.18.0.8 - - [04/Apr/2025 01:09:57] "[33mGET /reserves HTTP/1.1[0m" 404 -
2025-04-04 01:09:57,754 - __main__ - INFO - Получен запрос: GET /reserves
2025-04-04 01:09:57,754 - __main__ - INFO - Заголовки: Host: localhost
X-Real-Ip: 172.18.0.1
X-Forwarded-For: 172.18.0.1
X-Forwarded-Proto: http
X-Forwarded-Host: localhost
X-Original-Uri: /api/reserves
Connection: close
User-Agent: Mozilla/5.0 (iPhone; CPU iPhone OS 16_6 like Mac OS X) AppleWebKit/605.1.15 (KHTML, like Gecko) Version/16.6 Mobile/15E148 Safari/604.1
Accept: */*
Origin: http://localhost:3000
Sec-Fetch-Site: same-site
Sec-Fetch-Mode: cors
Sec-Fetch-Dest: empty
Referer: http://localhost:3000/
Accept-Encoding: gzip, deflate, br, zstd
Accept-Language: ru-RU,ru;q=0.9,en-RU;q=0.8,en;q=0.7,en-US;q=0.6


2025-04-04 01:09:57,755 - werkzeug - INFO - 172.18.0.8 - - [04/Apr/2025 01:09:57] "[33mGET /reserves HTTP/1.1[0m" 404 -
2025-04-04 01:10:18,488 - __main__ - INFO - Получен запрос: GET /couriers/access/settings
2025-04-04 01:10:18,488 - __main__ - INFO - Заголовки: Host: localhost
X-Real-Ip: 172.18.0.1
X-Forwarded-For: 172.18.0.1
X-Forwarded-Proto: http
X-Forwarded-Host: localhost
X-Original-Uri: /api/couriers/access/settings?chat_id=-1004755640016
Connection: close
User-Agent: Mozilla/5.0 (iPhone; CPU iPhone OS 16_6 like Mac OS X) AppleWebKit/605.1.15 (KHTML, like Gecko) Version/16.6 Mobile/15E148 Safari/604.1
Accept: */*
Origin: http://localhost:3000
Sec-Fetch-Site: same-site
Sec-Fetch-Mode: cors
Sec-Fetch-Dest: empty
Referer: http://localhost:3000/
Accept-Encoding: gzip, deflate, br, zstd
Accept-Language: ru-RU,ru;q=0.9,en-RU;q=0.8,en;q=0.7,en-US;q=0.6


2025-04-04 01:10:18,489 - werkzeug - INFO - 172.18.0.8 - - [04/Apr/2025 01:10:18] "[33mGET /couriers/access/settings?chat_id=-1004755640016 HTTP/1.1[0m" 404 -
2025-04-04 01:10:18,491 - __main__ - INFO - Получен запрос: GET /couriers/1682142222/status
2025-04-04 01:10:18,491 - __main__ - INFO - Заголовки: Host: localhost
X-Real-Ip: 172.18.0.1
X-Forwarded-For: 172.18.0.1
X-Forwarded-Proto: http
X-Forwarded-Host: localhost
X-Original-Uri: /api/couriers/1682142222/status?chat_id=-1004755640016
Connection: close
User-Agent: Mozilla/5.0 (iPhone; CPU iPhone OS 16_6 like Mac OS X) AppleWebKit/605.1.15 (KHTML, like Gecko) Version/16.6 Mobile/15E148 Safari/604.1
Accept: application/json, text/plain, */*
Origin: http://localhost:3000
Sec-Fetch-Site: same-site
Sec-Fetch-Mode: cors
Sec-Fetch-Dest: empty
Referer: http://localhost:3000/
Accept-Encoding: gzip, deflate, br, zstd
Accept-Language: ru-RU,ru;q=0.9,en-RU;q=0.8,en;q=0.7,en-US;q=0.6


2025-04-04 01:10:18,492 - werkzeug - INFO - 172.18.0.8 - - [04/Apr/2025 01:10:18] "[33mGET /couriers/1682142222/status?chat_id=-1004755640016 HTTP/1.1[0m" 404 -
2025-04-04 01:10:18,493 - __main__ - INFO - Получен запрос: GET /couriers/access/settings
2025-04-04 01:10:18,494 - __main__ - INFO - Заголовки: Host: localhost
X-Real-Ip: 172.18.0.1
X-Forwarded-For: 172.18.0.1
X-Forwarded-Proto: http
X-Forwarded-Host: localhost
X-Original-Uri: /api/couriers/access/settings?chat_id=-1004755640016
Connection: close
User-Agent: Mozilla/5.0 (iPhone; CPU iPhone OS 16_6 like Mac OS X) AppleWebKit/605.1.15 (KHTML, like Gecko) Version/16.6 Mobile/15E148 Safari/604.1
Accept: */*
Origin: http://localhost:3000
Sec-Fetch-Site: same-site
Sec-Fetch-Mode: cors
Sec-Fetch-Dest: empty
Referer: http://localhost:3000/
Accept-Encoding: gzip, deflate, br, zstd
Accept-Language: ru-RU,ru;q=0.9,en-RU;q=0.8,en;q=0.7,en-US;q=0.6


2025-04-04 01:10:18,494 - werkzeug - INFO - 172.18.0.8 - - [04/Apr/2025 01:10:18] "[33mGET /couriers/access/settings?chat_id=-1004755640016 HTTP/1.1[0m" 404 -
2025-04-04 01:10:18,496 - __main__ - INFO - Получен запрос: GET /couriers/1682142222/status
2025-04-04 01:10:18,497 - __main__ - INFO - Заголовки: Host: localhost
X-Real-Ip: 172.18.0.1
X-Forwarded-For: 172.18.0.1
X-Forwarded-Proto: http
X-Forwarded-Host: localhost
X-Original-Uri: /api/couriers/1682142222/status?chat_id=-1004755640016
Connection: close
User-Agent: Mozilla/5.0 (iPhone; CPU iPhone OS 16_6 like Mac OS X) AppleWebKit/605.1.15 (KHTML, like Gecko) Version/16.6 Mobile/15E148 Safari/604.1
Accept: application/json, text/plain, */*
Origin: http://localhost:3000
Sec-Fetch-Site: same-site
Sec-Fetch-Mode: cors
Sec-Fetch-Dest: empty
Referer: http://localhost:3000/
Accept-Encoding: gzip, deflate, br, zstd
Accept-Language: ru-RU,ru;q=0.9,en-RU;q=0.8,en;q=0.7,en-US;q=0.6


2025-04-04 01:10:18,498 - werkzeug - INFO - 172.18.0.8 - - [04/Apr/2025 01:10:18] "[33mGET /couriers/1682142222/status?chat_id=-1004755640016 HTTP/1.1[0m" 404 -
2025-04-04 01:12:02,752 - __main__ - INFO - Получен запрос: GET /api/reserves
2025-04-04 01:12:02,752 - __main__ - INFO - Заголовки: Host: localhost
X-Real-Ip: 172.18.0.1
X-Forwarded-For: 172.18.0.1
X-Forwarded-Proto: http
X-Forwarded-Host: localhost
X-Original-Uri: /api/reserves
Connection: close
User-Agent: Mozilla/5.0 (iPhone; CPU iPhone OS 16_6 like Mac OS X) AppleWebKit/605.1.15 (KHTML, like Gecko) Version/16.6 Mobile/15E148 Safari/604.1
Accept: */*
Origin: http://localhost:3000
Sec-Fetch-Site: same-site
Sec-Fetch-Mode: cors
Sec-Fetch-Dest: empty
Referer: http://localhost:3000/
Accept-Encoding: gzip, deflate, br, zstd
Accept-Language: ru-RU,ru;q=0.9,en-RU;q=0.8,en;q=0.7,en-US;q=0.6


2025-04-04 01:12:02,757 - __main__ - INFO - Обработка запроса на /api/reserves без CORS декораторов
2025-04-04 01:12:02,766 - werkzeug - INFO - 172.18.0.8 - - [04/Apr/2025 01:12:02] "GET /api/reserves HTTP/1.1" 200 -
2025-04-04 01:12:02,894 - __main__ - INFO - Получен запрос: GET /api/reserves
2025-04-04 01:12:02,895 - __main__ - INFO - Заголовки: Host: localhost
X-Real-Ip: 172.18.0.1
X-Forwarded-For: 172.18.0.1
X-Forwarded-Proto: http
X-Forwarded-Host: localhost
X-Original-Uri: /api/reserves
Connection: close
User-Agent: Mozilla/5.0 (iPhone; CPU iPhone OS 16_6 like Mac OS X) AppleWebKit/605.1.15 (KHTML, like Gecko) Version/16.6 Mobile/15E148 Safari/604.1
Accept: */*
Origin: http://localhost:3000
Sec-Fetch-Site: same-site
Sec-Fetch-Mode: cors
Sec-Fetch-Dest: empty
Referer: http://localhost:3000/
Accept-Encoding: gzip, deflate, br, zstd
Accept-Language: ru-RU,ru;q=0.9,en-RU;q=0.8,en;q=0.7,en-US;q=0.6


2025-04-04 01:12:02,895 - __main__ - INFO - Обработка запроса на /api/reserves без CORS декораторов
2025-04-04 01:12:02,900 - werkzeug - INFO - 172.18.0.8 - - [04/Apr/2025 01:12:02] "GET /api/reserves HTTP/1.1" 200 -
2025-04-04 01:12:28,296 - __main__ - INFO - Получен запрос: GET /api/couriers/access/settings
2025-04-04 01:12:28,296 - __main__ - INFO - Заголовки: Host: localhost
X-Real-Ip: 172.18.0.1
X-Forwarded-For: 172.18.0.1
X-Forwarded-Proto: http
X-Forwarded-Host: localhost
X-Original-Uri: /api/couriers/access/settings?chat_id=-1004755640016
Connection: close
User-Agent: Mozilla/5.0 (iPhone; CPU iPhone OS 16_6 like Mac OS X) AppleWebKit/605.1.15 (KHTML, like Gecko) Version/16.6 Mobile/15E148 Safari/604.1
Accept: */*
Origin: http://localhost:3000
Sec-Fetch-Site: same-site
Sec-Fetch-Mode: cors
Sec-Fetch-Dest: empty
Referer: http://localhost:3000/
Accept-Encoding: gzip, deflate, br, zstd
Accept-Language: ru-RU,ru;q=0.9,en-RU;q=0.8,en;q=0.7,en-US;q=0.6


2025-04-04 01:12:28,297 - api.couriers.access.routes - INFO - 📝 Запрос настроек доступа: chat_id=-1004755640016
2025-04-04 01:12:28,301 - __main__ - INFO - Получен запрос: GET /api/couriers/1682142222/status
2025-04-04 01:12:28,301 - __main__ - INFO - Заголовки: Host: localhost
X-Real-Ip: 172.18.0.1
X-Forwarded-For: 172.18.0.1
X-Forwarded-Proto: http
X-Forwarded-Host: localhost
X-Original-Uri: /api/couriers/1682142222/status?chat_id=-1004755640016
Connection: close
User-Agent: Mozilla/5.0 (iPhone; CPU iPhone OS 16_6 like Mac OS X) AppleWebKit/605.1.15 (KHTML, like Gecko) Version/16.6 Mobile/15E148 Safari/604.1
Accept: application/json, text/plain, */*
Origin: http://localhost:3000
Sec-Fetch-Site: same-site
Sec-Fetch-Mode: cors
Sec-Fetch-Dest: empty
Referer: http://localhost:3000/
Accept-Encoding: gzip, deflate, br, zstd
Accept-Language: ru-RU,ru;q=0.9,en-RU;q=0.8,en;q=0.7,en-US;q=0.6


2025-04-04 01:12:28,302 - api.couriers.routes - INFO - === Получение статуса курьера 1682142222 ===
2025-04-04 01:12:28,303 - api.couriers.routes - INFO - Chat ID из запроса: -1004755640016
2025-04-04 01:12:28,306 - api.couriers.access.routes - INFO - ✅ Настройки загружены: 17 полей
2025-04-04 01:12:28,306 - werkzeug - INFO - 172.18.0.8 - - [04/Apr/2025 01:12:28] "GET /api/couriers/access/settings?chat_id=-1004755640016 HTTP/1.1" 200 -
2025-04-04 01:12:28,310 - __main__ - INFO - Получен запрос: GET /api/couriers/access/settings
2025-04-04 01:12:28,311 - __main__ - INFO - Заголовки: Host: localhost
X-Real-Ip: 172.18.0.1
X-Forwarded-For: 172.18.0.1
X-Forwarded-Proto: http
X-Forwarded-Host: localhost
X-Original-Uri: /api/couriers/access/settings?chat_id=-1004755640016
Connection: close
User-Agent: Mozilla/5.0 (iPhone; CPU iPhone OS 16_6 like Mac OS X) AppleWebKit/605.1.15 (KHTML, like Gecko) Version/16.6 Mobile/15E148 Safari/604.1
Accept: */*
Origin: http://localhost:3000
Sec-Fetch-Site: same-site
Sec-Fetch-Mode: cors
Sec-Fetch-Dest: empty
Referer: http://localhost:3000/
Accept-Encoding: gzip, deflate, br, zstd
Accept-Language: ru-RU,ru;q=0.9,en-RU;q=0.8,en;q=0.7,en-US;q=0.6


2025-04-04 01:12:28,311 - api.couriers.access.routes - INFO - 📝 Запрос настроек доступа: chat_id=-1004755640016
2025-04-04 01:12:28,315 - api.couriers.access.routes - INFO - ✅ Настройки загружены: 17 полей
2025-04-04 01:12:28,316 - werkzeug - INFO - 172.18.0.8 - - [04/Apr/2025 01:12:28] "GET /api/couriers/access/settings?chat_id=-1004755640016 HTTP/1.1" 200 -
2025-04-04 01:12:28,317 - api.couriers.routes - ERROR - Пользователь 1682142222 не найден
2025-04-04 01:12:28,318 - werkzeug - INFO - 172.18.0.8 - - [04/Apr/2025 01:12:28] "[33mGET /api/couriers/1682142222/status?chat_id=-1004755640016 HTTP/1.1[0m" 404 -
2025-04-04 01:12:28,322 - __main__ - INFO - Получен запрос: GET /api/couriers/1682142222/status
2025-04-04 01:12:28,322 - __main__ - INFO - Заголовки: Host: localhost
X-Real-Ip: 172.18.0.1
X-Forwarded-For: 172.18.0.1
X-Forwarded-Proto: http
X-Forwarded-Host: localhost
X-Original-Uri: /api/couriers/1682142222/status?chat_id=-1004755640016
Connection: close
User-Agent: Mozilla/5.0 (iPhone; CPU iPhone OS 16_6 like Mac OS X) AppleWebKit/605.1.15 (KHTML, like Gecko) Version/16.6 Mobile/15E148 Safari/604.1
Accept: application/json, text/plain, */*
Origin: http://localhost:3000
Sec-Fetch-Site: same-site
Sec-Fetch-Mode: cors
Sec-Fetch-Dest: empty
Referer: http://localhost:3000/
Accept-Encoding: gzip, deflate, br, zstd
Accept-Language: ru-RU,ru;q=0.9,en-RU;q=0.8,en;q=0.7,en-US;q=0.6


2025-04-04 01:12:28,323 - api.couriers.routes - INFO - === Получение статуса курьера 1682142222 ===
2025-04-04 01:12:28,323 - api.couriers.routes - INFO - Chat ID из запроса: -1004755640016
2025-04-04 01:12:28,332 - api.couriers.routes - ERROR - Пользователь 1682142222 не найден
2025-04-04 01:12:28,332 - werkzeug - INFO - 172.18.0.8 - - [04/Apr/2025 01:12:28] "[33mGET /api/couriers/1682142222/status?chat_id=-1004755640016 HTTP/1.1[0m" 404 -
2025-04-04 01:15:21,968 - __main__ - INFO - Получен запрос: GET /api/couriers/shifts
2025-04-04 01:15:21,969 - __main__ - INFO - Заголовки: Host: localhost
X-Real-Ip: 172.18.0.1
X-Forwarded-For: 172.18.0.1
X-Forwarded-Proto: http
X-Forwarded-Host: localhost
X-Original-Uri: /api/couriers/shifts?chat_id=-1004755640016
Connection: close
User-Agent: Mozilla/5.0 (iPhone; CPU iPhone OS 16_6 like Mac OS X) AppleWebKit/605.1.15 (KHTML, like Gecko) Version/16.6 Mobile/15E148 Safari/604.1
Accept: */*
Origin: http://localhost:3000
Sec-Fetch-Site: same-site
Sec-Fetch-Mode: cors
Sec-Fetch-Dest: empty
Referer: http://localhost:3000/
Accept-Encoding: gzip, deflate, br, zstd
Accept-Language: ru-RU,ru;q=0.9,en-RU;q=0.8,en;q=0.7,en-US;q=0.6


2025-04-04 01:15:21,970 - werkzeug - INFO - 172.18.0.8 - - [04/Apr/2025 01:15:21] "[33mGET /api/couriers/shifts?chat_id=-1004755640016 HTTP/1.1[0m" 404 -
2025-04-04 01:15:21,970 - __main__ - INFO - Получен запрос: GET /api/couriers/access/settings
2025-04-04 01:15:21,972 - __main__ - INFO - Заголовки: Host: localhost
X-Real-Ip: 172.18.0.1
X-Forwarded-For: 172.18.0.1
X-Forwarded-Proto: http
X-Forwarded-Host: localhost
X-Original-Uri: /api/couriers/access/settings?chat_id=-1004755640016
Connection: close
User-Agent: Mozilla/5.0 (iPhone; CPU iPhone OS 16_6 like Mac OS X) AppleWebKit/605.1.15 (KHTML, like Gecko) Version/16.6 Mobile/15E148 Safari/604.1
Accept: */*
Origin: http://localhost:3000
Sec-Fetch-Site: same-site
Sec-Fetch-Mode: cors
Sec-Fetch-Dest: empty
Referer: http://localhost:3000/
Accept-Encoding: gzip, deflate, br, zstd
Accept-Language: ru-RU,ru;q=0.9,en-RU;q=0.8,en;q=0.7,en-US;q=0.6


2025-04-04 01:15:21,972 - api.couriers.access.routes - INFO - 📝 Запрос настроек доступа: chat_id=-1004755640016
2025-04-04 01:15:21,982 - api.couriers.access.routes - INFO - ✅ Настройки загружены: 17 полей
2025-04-04 01:15:21,983 - werkzeug - INFO - 172.18.0.8 - - [04/Apr/2025 01:15:21] "GET /api/couriers/access/settings?chat_id=-1004755640016 HTTP/1.1" 200 -
2025-04-04 01:15:21,986 - __main__ - INFO - Получен запрос: GET /api/couriers/shifts
2025-04-04 01:15:21,986 - __main__ - INFO - Заголовки: Host: localhost
X-Real-Ip: 172.18.0.1
X-Forwarded-For: 172.18.0.1
X-Forwarded-Proto: http
X-Forwarded-Host: localhost
X-Original-Uri: /api/couriers/shifts?chat_id=-1004755640016
Connection: close
User-Agent: Mozilla/5.0 (iPhone; CPU iPhone OS 16_6 like Mac OS X) AppleWebKit/605.1.15 (KHTML, like Gecko) Version/16.6 Mobile/15E148 Safari/604.1
Accept: */*
Origin: http://localhost:3000
Sec-Fetch-Site: same-site
Sec-Fetch-Mode: cors
Sec-Fetch-Dest: empty
Referer: http://localhost:3000/
Accept-Encoding: gzip, deflate, br, zstd
Accept-Language: ru-RU,ru;q=0.9,en-RU;q=0.8,en;q=0.7,en-US;q=0.6


2025-04-04 01:15:21,988 - werkzeug - INFO - 172.18.0.8 - - [04/Apr/2025 01:15:21] "[33mGET /api/couriers/shifts?chat_id=-1004755640016 HTTP/1.1[0m" 404 -
2025-04-04 01:15:21,990 - __main__ - INFO - Получен запрос: GET /api/couriers/access/settings
2025-04-04 01:15:21,991 - __main__ - INFO - Заголовки: Host: localhost
X-Real-Ip: 172.18.0.1
X-Forwarded-For: 172.18.0.1
X-Forwarded-Proto: http
X-Forwarded-Host: localhost
X-Original-Uri: /api/couriers/access/settings?chat_id=-1004755640016
Connection: close
User-Agent: Mozilla/5.0 (iPhone; CPU iPhone OS 16_6 like Mac OS X) AppleWebKit/605.1.15 (KHTML, like Gecko) Version/16.6 Mobile/15E148 Safari/604.1
Accept: */*
Origin: http://localhost:3000
Sec-Fetch-Site: same-site
Sec-Fetch-Mode: cors
Sec-Fetch-Dest: empty
Referer: http://localhost:3000/
Accept-Encoding: gzip, deflate, br, zstd
Accept-Language: ru-RU,ru;q=0.9,en-RU;q=0.8,en;q=0.7,en-US;q=0.6


2025-04-04 01:15:21,992 - api.couriers.access.routes - INFO - 📝 Запрос настроек доступа: chat_id=-1004755640016
2025-04-04 01:15:21,996 - api.couriers.access.routes - INFO - ✅ Настройки загружены: 17 полей
2025-04-04 01:15:21,996 - werkzeug - INFO - 172.18.0.8 - - [04/Apr/2025 01:15:21] "GET /api/couriers/access/settings?chat_id=-1004755640016 HTTP/1.1" 200 -
2025-04-04 01:15:22,561 - __main__ - INFO - Получен запрос: GET /api/couriers/shifts
2025-04-04 01:15:22,562 - __main__ - INFO - Заголовки: Host: localhost
X-Real-Ip: 172.18.0.1
X-Forwarded-For: 172.18.0.1
X-Forwarded-Proto: http
X-Forwarded-Host: localhost
X-Original-Uri: /api/couriers/shifts?chat_id=-1004755640016
Connection: close
User-Agent: Mozilla/5.0 (iPhone; CPU iPhone OS 16_6 like Mac OS X) AppleWebKit/605.1.15 (KHTML, like Gecko) Version/16.6 Mobile/15E148 Safari/604.1
Accept: */*
Origin: http://localhost:3000
Sec-Fetch-Site: same-site
Sec-Fetch-Mode: cors
Sec-Fetch-Dest: empty
Referer: http://localhost:3000/
Accept-Encoding: gzip, deflate, br, zstd
Accept-Language: ru-RU,ru;q=0.9,en-RU;q=0.8,en;q=0.7,en-US;q=0.6


2025-04-04 01:15:22,564 - werkzeug - INFO - 172.18.0.8 - - [04/Apr/2025 01:15:22] "[33mGET /api/couriers/shifts?chat_id=-1004755640016 HTTP/1.1[0m" 404 -
2025-04-04 01:16:35,823 - models.database - INFO - ✅ Соединение с базой данных установлено
2025-04-04 01:16:35,824 - models.database - INFO - ✅ Таблица access_settings успешно создана или уже существует
2025-04-04 01:16:35,826 - models.database - INFO - ✅ Таблица shifts успешно создана или уже существует
2025-04-04 01:16:35,826 - models.database - INFO - ✅ Все необходимые таблицы успешно созданы или уже существуют
2025-04-04 01:16:35,827 - models.database - INFO - ✅ DatabaseService инициализирован. Подключение к базе: postgres:5432/appninjabot
2025-04-04 01:16:35,918 - data.shifts - INFO - Основной путь к файлу смен: /app/data/shifts.json
2025-04-04 01:16:35,918 - data.shifts - INFO - Альтернативный путь: /app/data/shifts.json
2025-04-04 01:16:35,918 - data.shifts - INFO - Альтернативный путь: /app/backend/data/shifts.json
2025-04-04 01:16:35,919 - data.shifts - INFO - Альтернативный путь: /app/data/shifts.json
2025-04-04 01:16:35,920 - data.shifts - INFO - Альтернативный путь: shifts.json
2025-04-04 01:16:36,254 - telegramNinjaBot.bot - INFO - Бот запущен в окружении: development
2025-04-04 01:16:36,273 - werkzeug - INFO - [31m[1mWARNING: This is a development server. Do not use it in a production deployment. Use a production WSGI server instead.[0m
 * Running on all addresses (0.0.0.0)
 * Running on http://127.0.0.1:8000
 * Running on http://172.18.0.5:8000
2025-04-04 01:16:36,273 - werkzeug - INFO - [33mPress CTRL+C to quit[0m
2025-04-04 01:18:19,292 - __main__ - INFO - Получен запрос: GET /api/reserves
2025-04-04 01:18:19,292 - __main__ - INFO - Заголовки: Host: localhost
X-Real-Ip: 172.18.0.1
X-Forwarded-For: 172.18.0.1
X-Forwarded-Proto: http
X-Forwarded-Host: localhost
X-Original-Uri: /api/reserves
Connection: close
User-Agent: Mozilla/5.0 (iPhone; CPU iPhone OS 16_6 like Mac OS X) AppleWebKit/605.1.15 (KHTML, like Gecko) Version/16.6 Mobile/15E148 Safari/604.1
Accept: */*
Origin: http://localhost:3000
Sec-Fetch-Site: same-site
Sec-Fetch-Mode: cors
Sec-Fetch-Dest: empty
Referer: http://localhost:3000/
Accept-Encoding: gzip, deflate, br, zstd
Accept-Language: ru-RU,ru;q=0.9,en-RU;q=0.8,en;q=0.7,en-US;q=0.6


2025-04-04 01:18:19,292 - __main__ - INFO - Обработка запроса на /api/reserves без CORS декораторов
2025-04-04 01:18:19,297 - werkzeug - INFO - 172.18.0.8 - - [04/Apr/2025 01:18:19] "GET /api/reserves HTTP/1.1" 200 -
2025-04-04 01:18:19,392 - __main__ - INFO - Получен запрос: GET /api/reserves
2025-04-04 01:18:19,392 - __main__ - INFO - Заголовки: Host: localhost
X-Real-Ip: 172.18.0.1
X-Forwarded-For: 172.18.0.1
X-Forwarded-Proto: http
X-Forwarded-Host: localhost
X-Original-Uri: /api/reserves
Connection: close
User-Agent: Mozilla/5.0 (iPhone; CPU iPhone OS 16_6 like Mac OS X) AppleWebKit/605.1.15 (KHTML, like Gecko) Version/16.6 Mobile/15E148 Safari/604.1
Accept: */*
Origin: http://localhost:3000
Sec-Fetch-Site: same-site
Sec-Fetch-Mode: cors
Sec-Fetch-Dest: empty
Referer: http://localhost:3000/
Accept-Encoding: gzip, deflate, br, zstd
Accept-Language: ru-RU,ru;q=0.9,en-RU;q=0.8,en;q=0.7,en-US;q=0.6


2025-04-04 01:18:19,392 - __main__ - INFO - Обработка запроса на /api/reserves без CORS декораторов
2025-04-04 01:18:19,398 - werkzeug - INFO - 172.18.0.8 - - [04/Apr/2025 01:18:19] "GET /api/reserves HTTP/1.1" 200 -
2025-04-04 01:18:19,551 - __main__ - INFO - Получен запрос: GET /api/couriers/access/settings
2025-04-04 01:18:19,552 - __main__ - INFO - Заголовки: Host: localhost
X-Real-Ip: 172.18.0.1
X-Forwarded-For: 172.18.0.1
X-Forwarded-Proto: http
X-Forwarded-Host: localhost
X-Original-Uri: /api/couriers/access/settings?chat_id=-1004755640016
Connection: close
User-Agent: Mozilla/5.0 (iPhone; CPU iPhone OS 16_6 like Mac OS X) AppleWebKit/605.1.15 (KHTML, like Gecko) Version/16.6 Mobile/15E148 Safari/604.1
Accept: */*
Origin: http://localhost:3000
Sec-Fetch-Site: same-site
Sec-Fetch-Mode: cors
Sec-Fetch-Dest: empty
Referer: http://localhost:3000/
Accept-Encoding: gzip, deflate, br, zstd
Accept-Language: ru-RU,ru;q=0.9,en-RU;q=0.8,en;q=0.7,en-US;q=0.6


2025-04-04 01:18:19,552 - api.couriers.access.routes - INFO - 📝 Запрос настроек доступа: chat_id=-1004755640016
2025-04-04 01:18:19,558 - __main__ - INFO - Получен запрос: GET /api/couriers/1682142222/status
2025-04-04 01:18:19,559 - __main__ - INFO - Заголовки: Host: localhost
X-Real-Ip: 172.18.0.1
X-Forwarded-For: 172.18.0.1
X-Forwarded-Proto: http
X-Forwarded-Host: localhost
X-Original-Uri: /api/couriers/1682142222/status?chat_id=-1004755640016
Connection: close
User-Agent: Mozilla/5.0 (iPhone; CPU iPhone OS 16_6 like Mac OS X) AppleWebKit/605.1.15 (KHTML, like Gecko) Version/16.6 Mobile/15E148 Safari/604.1
Accept: application/json, text/plain, */*
Origin: http://localhost:3000
Sec-Fetch-Site: same-site
Sec-Fetch-Mode: cors
Sec-Fetch-Dest: empty
Referer: http://localhost:3000/
Accept-Encoding: gzip, deflate, br, zstd
Accept-Language: ru-RU,ru;q=0.9,en-RU;q=0.8,en;q=0.7,en-US;q=0.6


2025-04-04 01:18:19,559 - api.couriers.routes - INFO - === Получение статуса курьера 1682142222 ===
2025-04-04 01:18:19,560 - api.couriers.routes - INFO - Chat ID из запроса: -1004755640016
2025-04-04 01:18:19,563 - api.couriers.access.routes - INFO - ✅ Настройки загружены: 17 полей
2025-04-04 01:18:19,564 - werkzeug - INFO - 172.18.0.8 - - [04/Apr/2025 01:18:19] "GET /api/couriers/access/settings?chat_id=-1004755640016 HTTP/1.1" 200 -
2025-04-04 01:18:19,569 - __main__ - INFO - Получен запрос: GET /api/couriers/access/settings
2025-04-04 01:18:19,570 - __main__ - INFO - Заголовки: Host: localhost
X-Real-Ip: 172.18.0.1
X-Forwarded-For: 172.18.0.1
X-Forwarded-Proto: http
X-Forwarded-Host: localhost
X-Original-Uri: /api/couriers/access/settings?chat_id=-1004755640016
Connection: close
User-Agent: Mozilla/5.0 (iPhone; CPU iPhone OS 16_6 like Mac OS X) AppleWebKit/605.1.15 (KHTML, like Gecko) Version/16.6 Mobile/15E148 Safari/604.1
Accept: */*
Origin: http://localhost:3000
Sec-Fetch-Site: same-site
Sec-Fetch-Mode: cors
Sec-Fetch-Dest: empty
Referer: http://localhost:3000/
Accept-Encoding: gzip, deflate, br, zstd
Accept-Language: ru-RU,ru;q=0.9,en-RU;q=0.8,en;q=0.7,en-US;q=0.6


2025-04-04 01:18:19,571 - api.couriers.access.routes - INFO - 📝 Запрос настроек доступа: chat_id=-1004755640016
2025-04-04 01:18:19,574 - api.couriers.routes - ERROR - Пользователь 1682142222 не найден
2025-04-04 01:18:19,574 - api.couriers.access.routes - INFO - ✅ Настройки загружены: 17 полей
2025-04-04 01:18:19,575 - werkzeug - INFO - 172.18.0.8 - - [04/Apr/2025 01:18:19] "[33mGET /api/couriers/1682142222/status?chat_id=-1004755640016 HTTP/1.1[0m" 404 -
2025-04-04 01:18:19,576 - werkzeug - INFO - 172.18.0.8 - - [04/Apr/2025 01:18:19] "GET /api/couriers/access/settings?chat_id=-1004755640016 HTTP/1.1" 200 -
2025-04-04 01:18:19,580 - __main__ - INFO - Получен запрос: GET /api/couriers/1682142222/status
2025-04-04 01:18:19,581 - __main__ - INFO - Заголовки: Host: localhost
X-Real-Ip: 172.18.0.1
X-Forwarded-For: 172.18.0.1
X-Forwarded-Proto: http
X-Forwarded-Host: localhost
X-Original-Uri: /api/couriers/1682142222/status?chat_id=-1004755640016
Connection: close
User-Agent: Mozilla/5.0 (iPhone; CPU iPhone OS 16_6 like Mac OS X) AppleWebKit/605.1.15 (KHTML, like Gecko) Version/16.6 Mobile/15E148 Safari/604.1
Accept: application/json, text/plain, */*
Origin: http://localhost:3000
Sec-Fetch-Site: same-site
Sec-Fetch-Mode: cors
Sec-Fetch-Dest: empty
Referer: http://localhost:3000/
Accept-Encoding: gzip, deflate, br, zstd
Accept-Language: ru-RU,ru;q=0.9,en-RU;q=0.8,en;q=0.7,en-US;q=0.6


2025-04-04 01:18:19,581 - api.couriers.routes - INFO - === Получение статуса курьера 1682142222 ===
2025-04-04 01:18:19,582 - api.couriers.routes - INFO - Chat ID из запроса: -1004755640016
2025-04-04 01:18:19,599 - api.couriers.routes - ERROR - Пользователь 1682142222 не найден
2025-04-04 01:18:19,600 - werkzeug - INFO - 172.18.0.8 - - [04/Apr/2025 01:18:19] "[33mGET /api/couriers/1682142222/status?chat_id=-1004755640016 HTTP/1.1[0m" 404 -
2025-04-04 01:18:41,556 - __main__ - INFO - Получен запрос: GET /api/couriers/shifts
2025-04-04 01:18:41,556 - __main__ - INFO - Заголовки: Host: localhost
X-Real-Ip: 172.18.0.1
X-Forwarded-For: 172.18.0.1
X-Forwarded-Proto: http
X-Forwarded-Host: localhost
X-Original-Uri: /api/couriers/shifts?chat_id=-1004755640016
Connection: close
User-Agent: Mozilla/5.0 (iPhone; CPU iPhone OS 16_6 like Mac OS X) AppleWebKit/605.1.15 (KHTML, like Gecko) Version/16.6 Mobile/15E148 Safari/604.1
Accept: */*
Origin: http://localhost:3000
Sec-Fetch-Site: same-site
Sec-Fetch-Mode: cors
Sec-Fetch-Dest: empty
Referer: http://localhost:3000/
Accept-Encoding: gzip, deflate, br, zstd
Accept-Language: ru-RU,ru;q=0.9,en-RU;q=0.8,en;q=0.7,en-US;q=0.6


2025-04-04 01:18:41,558 - werkzeug - INFO - 172.18.0.8 - - [04/Apr/2025 01:18:41] "[33mGET /api/couriers/shifts?chat_id=-1004755640016 HTTP/1.1[0m" 404 -
2025-04-04 01:18:41,559 - __main__ - INFO - Получен запрос: GET /api/couriers/access/settings
2025-04-04 01:18:41,560 - __main__ - INFO - Заголовки: Host: localhost
X-Real-Ip: 172.18.0.1
X-Forwarded-For: 172.18.0.1
X-Forwarded-Proto: http
X-Forwarded-Host: localhost
X-Original-Uri: /api/couriers/access/settings?chat_id=-1004755640016
Connection: close
User-Agent: Mozilla/5.0 (iPhone; CPU iPhone OS 16_6 like Mac OS X) AppleWebKit/605.1.15 (KHTML, like Gecko) Version/16.6 Mobile/15E148 Safari/604.1
Accept: */*
Origin: http://localhost:3000
Sec-Fetch-Site: same-site
Sec-Fetch-Mode: cors
Sec-Fetch-Dest: empty
Referer: http://localhost:3000/
Accept-Encoding: gzip, deflate, br, zstd
Accept-Language: ru-RU,ru;q=0.9,en-RU;q=0.8,en;q=0.7,en-US;q=0.6


2025-04-04 01:18:41,561 - api.couriers.access.routes - INFO - 📝 Запрос настроек доступа: chat_id=-1004755640016
2025-04-04 01:18:41,564 - api.couriers.access.routes - INFO - ✅ Настройки загружены: 17 полей
2025-04-04 01:18:41,565 - werkzeug - INFO - 172.18.0.8 - - [04/Apr/2025 01:18:41] "GET /api/couriers/access/settings?chat_id=-1004755640016 HTTP/1.1" 200 -
2025-04-04 01:18:41,571 - __main__ - INFO - Получен запрос: GET /api/couriers/shifts
2025-04-04 01:18:41,572 - __main__ - INFO - Заголовки: Host: localhost
X-Real-Ip: 172.18.0.1
X-Forwarded-For: 172.18.0.1
X-Forwarded-Proto: http
X-Forwarded-Host: localhost
X-Original-Uri: /api/couriers/shifts?chat_id=-1004755640016
Connection: close
User-Agent: Mozilla/5.0 (iPhone; CPU iPhone OS 16_6 like Mac OS X) AppleWebKit/605.1.15 (KHTML, like Gecko) Version/16.6 Mobile/15E148 Safari/604.1
Accept: */*
Origin: http://localhost:3000
Sec-Fetch-Site: same-site
Sec-Fetch-Mode: cors
Sec-Fetch-Dest: empty
Referer: http://localhost:3000/
Accept-Encoding: gzip, deflate, br, zstd
Accept-Language: ru-RU,ru;q=0.9,en-RU;q=0.8,en;q=0.7,en-US;q=0.6


2025-04-04 01:18:41,573 - werkzeug - INFO - 172.18.0.8 - - [04/Apr/2025 01:18:41] "[33mGET /api/couriers/shifts?chat_id=-1004755640016 HTTP/1.1[0m" 404 -
2025-04-04 01:18:41,574 - __main__ - INFO - Получен запрос: GET /api/couriers/access/settings
2025-04-04 01:18:41,575 - __main__ - INFO - Заголовки: Host: localhost
X-Real-Ip: 172.18.0.1
X-Forwarded-For: 172.18.0.1
X-Forwarded-Proto: http
X-Forwarded-Host: localhost
X-Original-Uri: /api/couriers/access/settings?chat_id=-1004755640016
Connection: close
User-Agent: Mozilla/5.0 (iPhone; CPU iPhone OS 16_6 like Mac OS X) AppleWebKit/605.1.15 (KHTML, like Gecko) Version/16.6 Mobile/15E148 Safari/604.1
Accept: */*
Origin: http://localhost:3000
Sec-Fetch-Site: same-site
Sec-Fetch-Mode: cors
Sec-Fetch-Dest: empty
Referer: http://localhost:3000/
Accept-Encoding: gzip, deflate, br, zstd
Accept-Language: ru-RU,ru;q=0.9,en-RU;q=0.8,en;q=0.7,en-US;q=0.6


2025-04-04 01:18:41,575 - api.couriers.access.routes - INFO - 📝 Запрос настроек доступа: chat_id=-1004755640016
2025-04-04 01:18:41,579 - api.couriers.access.routes - INFO - ✅ Настройки загружены: 17 полей
2025-04-04 01:18:41,580 - werkzeug - INFO - 172.18.0.8 - - [04/Apr/2025 01:18:41] "GET /api/couriers/access/settings?chat_id=-1004755640016 HTTP/1.1" 200 -
2025-04-04 01:18:42,124 - __main__ - INFO - Получен запрос: GET /api/couriers/shifts
2025-04-04 01:18:42,124 - __main__ - INFO - Заголовки: Host: localhost
X-Real-Ip: 172.18.0.1
X-Forwarded-For: 172.18.0.1
X-Forwarded-Proto: http
X-Forwarded-Host: localhost
X-Original-Uri: /api/couriers/shifts?chat_id=-1004755640016
Connection: close
User-Agent: Mozilla/5.0 (iPhone; CPU iPhone OS 16_6 like Mac OS X) AppleWebKit/605.1.15 (KHTML, like Gecko) Version/16.6 Mobile/15E148 Safari/604.1
Accept: */*
Origin: http://localhost:3000
Sec-Fetch-Site: same-site
Sec-Fetch-Mode: cors
Sec-Fetch-Dest: empty
Referer: http://localhost:3000/
Accept-Encoding: gzip, deflate, br, zstd
Accept-Language: ru-RU,ru;q=0.9,en-RU;q=0.8,en;q=0.7,en-US;q=0.6


2025-04-04 01:18:42,125 - werkzeug - INFO - 172.18.0.8 - - [04/Apr/2025 01:18:42] "[33mGET /api/couriers/shifts?chat_id=-1004755640016 HTTP/1.1[0m" 404 -
2025-04-05 01:21:49,747 - models.database - ERROR - ❌ Ошибка подключения к базе данных: could not translate host name "postgres" to address: Name or service not known

